{
"type": "FeatureCollection",
"name": "intersections",
"crs": { "type": "name", "properties": { "name": "urn:ogc:def:crs:OGC:1.3:CRS84" } },
"features": [
{ "type": "Feature", "properties": { "y": 10.7706473, "x": 106.7045345, "street_count": 4, "highway": null, "ref": null, "relation_id": "19260504" }, "geometry": { "type": "Point", "coordinates": [ 106.7045345, 10.7706473 ] } },
{ "type": "Feature", "properties": { "y": 10.7730152, "x": 106.7050529, "street_count": 3, "highway": null, "ref": null, "relation_id": "19260504" }, "geometry": { "type": "Point", "coordinates": [ 106.7050529, 10.7730152 ] } },
{ "type": "Feature", "properties": { "y": 10.7727751, "x": 106.7048194, "street_count": 3, "highway": null, "ref": null, "relation_id": "19260504" }, "geometry": { "type": "Point", "coordinates": [ 106.7048194, 10.7727751 ] } },
{ "type": "Feature", "properties": { "y": 10.7858296, "x": 106.7008703, "street_count": 3, "highway": null, "ref": null, "relation_id": "19260504" }, "geometry": { "type": "Point", "coordinates": [ 106.7008703, 10.7858296 ] } },
{ "type": "Feature", "properties": { "y": 10.7896217, "x": 106.7045046, "street_count": 3, "highway": null, "ref": null, "relation_id": "19260504" }, "geometry": { "type": "Point", "coordinates": [ 106.7045046, 10.7896217 ] } },
{ "type": "Feature", "properties": { "y": 10.7786557, "x": 106.7053153, "street_count": 4, "highway": null, "ref": null, "relation_id": "19260504" }, "geometry": { "type": "Point", "coordinates": [ 106.7053153, 10.7786557 ] } },
{ "type": "Feature", "properties": { "y": 10.777232, "x": 106.704781, "street_count": 1, "highway": null, "ref": null, "relation_id": "19260504" }, "geometry": { "type": "Point", "coordinates": [ 106.704781, 10.777232 ] } },
{ "type": "Feature", "properties": { "y": 10.777634, "x": 106.7043473, "street_count": 3, "highway": null, "ref": null, "relation_id": "19260504" }, "geometry": { "type": "Point", "coordinates": [ 106.7043473, 10.777634 ] } },
{ "type": "Feature", "properties": { "y": 10.782134, "x": 106.6989238, "street_count": 3, "highway": null, "ref": null, "relation_id": "19260504" }, "geometry": { "type": "Point", "coordinates": [ 106.6989238, 10.782134 ] } },
{ "type": "Feature", "properties": { "y": 10.7796124, "x": 106.6988256, "street_count": 3, "highway": null, "ref": null, "relation_id": "19260504" }, "geometry": { "type": "Point", "coordinates": [ 106.6988256, 10.7796124 ] } },
{ "type": "Feature", "properties": { "y": 10.7803507, "x": 106.6988748, "street_count": 3, "highway": "traffic_signals", "ref": null, "relation_id": "19260504" }, "geometry": { "type": "Point", "coordinates": [ 106.6988748, 10.7803507 ] } },
{ "type": "Feature", "properties": { "y": 10.7755731, "x": 106.7067032, "street_count": 3, "highway": null, "ref": null, "relation_id": "19260504" }, "geometry": { "type": "Point", "coordinates": [ 106.7067032, 10.7755731 ] } },
{ "type": "Feature", "properties": { "y": 10.7749437, "x": 106.7066578, "street_count": 3, "highway": null, "ref": null, "relation_id": "19260504" }, "geometry": { "type": "Point", "coordinates": [ 106.7066578, 10.7749437 ] } },
{ "type": "Feature", "properties": { "y": 10.7748235, "x": 106.7062362, "street_count": 3, "highway": null, "ref": null, "relation_id": "19260504" }, "geometry": { "type": "Point", "coordinates": [ 106.7062362, 10.7748235 ] } },
{ "type": "Feature", "properties": { "y": 10.7756531, "x": 106.7060822, "street_count": 3, "highway": null, "ref": null, "relation_id": "19260504" }, "geometry": { "type": "Point", "coordinates": [ 106.7060822, 10.7756531 ] } },
{ "type": "Feature", "properties": { "y": 10.7757948, "x": 106.7063124, "street_count": 3, "highway": null, "ref": null, "relation_id": "19260504" }, "geometry": { "type": "Point", "coordinates": [ 106.7063124, 10.7757948 ] } },
{ "type": "Feature", "properties": { "y": 10.774986, "x": 106.7060302, "street_count": 3, "highway": null, "ref": null, "relation_id": "19260504" }, "geometry": { "type": "Point", "coordinates": [ 106.7060302, 10.774986 ] } },
{ "type": "Feature", "properties": { "y": 10.775332, "x": 106.7059333, "street_count": 3, "highway": null, "ref": null, "relation_id": "19260504" }, "geometry": { "type": "Point", "coordinates": [ 106.7059333, 10.775332 ] } },
{ "type": "Feature", "properties": { "y": 10.7710773, "x": 106.7024222, "street_count": 4, "highway": null, "ref": null, "relation_id": "19260504" }, "geometry": { "type": "Point", "coordinates": [ 106.7024222, 10.7710773 ] } },
{ "type": "Feature", "properties": { "y": 10.7706933, "x": 106.7035181, "street_count": 3, "highway": null, "ref": null, "relation_id": "19260504" }, "geometry": { "type": "Point", "coordinates": [ 106.7035181, 10.7706933 ] } },
{ "type": "Feature", "properties": { "y": 10.7707369, "x": 106.7025753, "street_count": 4, "highway": null, "ref": null, "relation_id": "19260504" }, "geometry": { "type": "Point", "coordinates": [ 106.7025753, 10.7707369 ] } },
{ "type": "Feature", "properties": { "y": 10.7796409, "x": 106.6968156, "street_count": 4, "highway": null, "ref": null, "relation_id": "19260504" }, "geometry": { "type": "Point", "coordinates": [ 106.6968156, 10.7796409 ] } },
{ "type": "Feature", "properties": { "y": 10.7710294, "x": 106.7033721, "street_count": 4, "highway": null, "ref": null, "relation_id": "19260504" }, "geometry": { "type": "Point", "coordinates": [ 106.7033721, 10.7710294 ] } },
{ "type": "Feature", "properties": { "y": 10.7879778, "x": 106.6991234, "street_count": 3, "highway": null, "ref": null, "relation_id": "19260504" }, "geometry": { "type": "Point", "coordinates": [ 106.6991234, 10.7879778 ] } },
{ "type": "Feature", "properties": { "y": 10.7864515, "x": 106.6976719, "street_count": 4, "highway": null, "ref": null, "relation_id": "19260504" }, "geometry": { "type": "Point", "coordinates": [ 106.6976719, 10.7864515 ] } },
{ "type": "Feature", "properties": { "y": 10.7772268, "x": 106.7057341, "street_count": 3, "highway": null, "ref": null, "relation_id": "19260504" }, "geometry": { "type": "Point", "coordinates": [ 106.7057341, 10.7772268 ] } },
{ "type": "Feature", "properties": { "y": 10.7857313, "x": 106.7088516, "street_count": 3, "highway": null, "ref": null, "relation_id": "19260504" }, "geometry": { "type": "Point", "coordinates": [ 106.7088516, 10.7857313 ] } },
{ "type": "Feature", "properties": { "y": 10.7768018, "x": 106.6999227, "street_count": 4, "highway": "traffic_signals", "ref": null, "relation_id": "19260504" }, "geometry": { "type": "Point", "coordinates": [ 106.6999227, 10.7768018 ] } },
{ "type": "Feature", "properties": { "y": 10.7756638, "x": 106.7004291, "street_count": 4, "highway": null, "ref": null, "relation_id": "19260504" }, "geometry": { "type": "Point", "coordinates": [ 106.7004291, 10.7756638 ] } },
{ "type": "Feature", "properties": { "y": 10.777776, "x": 106.6988723, "street_count": 4, "highway": "traffic_signals", "ref": null, "relation_id": "19260504" }, "geometry": { "type": "Point", "coordinates": [ 106.6988723, 10.777776 ] } },
{ "type": "Feature", "properties": { "y": 10.7741609, "x": 106.7010766, "street_count": 4, "highway": null, "ref": null, "relation_id": "19260504" }, "geometry": { "type": "Point", "coordinates": [ 106.7010766, 10.7741609 ] } },
{ "type": "Feature", "properties": { "y": 10.7752637, "x": 106.7039506, "street_count": 3, "highway": null, "ref": null, "relation_id": "19260504" }, "geometry": { "type": "Point", "coordinates": [ 106.7039506, 10.7752637 ] } },
{ "type": "Feature", "properties": { "y": 10.7749051, "x": 106.7043426, "street_count": 4, "highway": null, "ref": null, "relation_id": "19260504" }, "geometry": { "type": "Point", "coordinates": [ 106.7043426, 10.7749051 ] } },
{ "type": "Feature", "properties": { "y": 10.7803853, "x": 106.7032908, "street_count": 3, "highway": null, "ref": null, "relation_id": "19260504" }, "geometry": { "type": "Point", "coordinates": [ 106.7032908, 10.7803853 ] } },
{ "type": "Feature", "properties": { "y": 10.7918269, "x": 106.7027569, "street_count": 3, "highway": null, "ref": null, "relation_id": "19260504" }, "geometry": { "type": "Point", "coordinates": [ 106.7027569, 10.7918269 ] } },
{ "type": "Feature", "properties": { "y": 10.7878944, "x": 106.7028609, "street_count": 3, "highway": null, "ref": null, "relation_id": "19260504" }, "geometry": { "type": "Point", "coordinates": [ 106.7028609, 10.7878944 ] } },
{ "type": "Feature", "properties": { "y": 10.7918788, "x": 106.7033378, "street_count": 3, "highway": null, "ref": null, "relation_id": "19260504" }, "geometry": { "type": "Point", "coordinates": [ 106.7033378, 10.7918788 ] } },
{ "type": "Feature", "properties": { "y": 10.792299, "x": 106.703645, "street_count": 3, "highway": null, "ref": null, "relation_id": "19260504" }, "geometry": { "type": "Point", "coordinates": [ 106.703645, 10.792299 ] } },
{ "type": "Feature", "properties": { "y": 10.7917082, "x": 106.7032629, "street_count": 3, "highway": null, "ref": null, "relation_id": "19260504" }, "geometry": { "type": "Point", "coordinates": [ 106.7032629, 10.7917082 ] } },
{ "type": "Feature", "properties": { "y": 10.7920395, "x": 106.7045613, "street_count": 3, "highway": null, "ref": null, "relation_id": "19260504" }, "geometry": { "type": "Point", "coordinates": [ 106.7045613, 10.7920395 ] } },
{ "type": "Feature", "properties": { "y": 10.7916328, "x": 106.7044385, "street_count": 4, "highway": null, "ref": null, "relation_id": "19260504" }, "geometry": { "type": "Point", "coordinates": [ 106.7044385, 10.7916328 ] } },
{ "type": "Feature", "properties": { "y": 10.7915198, "x": 106.704315, "street_count": 3, "highway": null, "ref": null, "relation_id": "19260504" }, "geometry": { "type": "Point", "coordinates": [ 106.704315, 10.7915198 ] } },
{ "type": "Feature", "properties": { "y": 10.7912312, "x": 106.7041807, "street_count": 1, "highway": null, "ref": null, "relation_id": "19260504" }, "geometry": { "type": "Point", "coordinates": [ 106.7041807, 10.7912312 ] } },
{ "type": "Feature", "properties": { "y": 10.7918659, "x": 106.7050526, "street_count": 3, "highway": null, "ref": null, "relation_id": "19260504" }, "geometry": { "type": "Point", "coordinates": [ 106.7050526, 10.7918659 ] } },
{ "type": "Feature", "properties": { "y": 10.7900597, "x": 106.7010996, "street_count": 3, "highway": null, "ref": null, "relation_id": "19260504" }, "geometry": { "type": "Point", "coordinates": [ 106.7010996, 10.7900597 ] } },
{ "type": "Feature", "properties": { "y": 10.7891062, "x": 106.7001939, "street_count": 3, "highway": null, "ref": null, "relation_id": "19260504" }, "geometry": { "type": "Point", "coordinates": [ 106.7001939, 10.7891062 ] } },
{ "type": "Feature", "properties": { "y": 10.7781081, "x": 106.7047964, "street_count": 4, "highway": null, "ref": null, "relation_id": "19260504" }, "geometry": { "type": "Point", "coordinates": [ 106.7047964, 10.7781081 ] } },
{ "type": "Feature", "properties": { "y": 10.784656, "x": 106.6978569, "street_count": 4, "highway": null, "ref": null, "relation_id": "19260504" }, "geometry": { "type": "Point", "coordinates": [ 106.6978569, 10.784656 ] } },
{ "type": "Feature", "properties": { "y": 10.7855174, "x": 106.6986683, "street_count": 3, "highway": null, "ref": null, "relation_id": "19260504" }, "geometry": { "type": "Point", "coordinates": [ 106.6986683, 10.7855174 ] } },
{ "type": "Feature", "properties": { "y": 10.7736801, "x": 106.7056516, "street_count": 4, "highway": null, "ref": null, "relation_id": "19260504" }, "geometry": { "type": "Point", "coordinates": [ 106.7056516, 10.7736801 ] } },
{ "type": "Feature", "properties": { "y": 10.7783352, "x": 106.7045538, "street_count": 4, "highway": null, "ref": null, "relation_id": "19260504" }, "geometry": { "type": "Point", "coordinates": [ 106.7045538, 10.7783352 ] } },
{ "type": "Feature", "properties": { "y": 10.7788759, "x": 106.7050579, "street_count": 3, "highway": null, "ref": null, "relation_id": "19260504" }, "geometry": { "type": "Point", "coordinates": [ 106.7050579, 10.7788759 ] } },
{ "type": "Feature", "properties": { "y": 10.7818313, "x": 106.7045966, "street_count": 4, "highway": null, "ref": null, "relation_id": "19260504" }, "geometry": { "type": "Point", "coordinates": [ 106.7045966, 10.7818313 ] } },
{ "type": "Feature", "properties": { "y": 10.7872537, "x": 106.7050041, "street_count": 3, "highway": null, "ref": null, "relation_id": "19260504" }, "geometry": { "type": "Point", "coordinates": [ 106.7050041, 10.7872537 ] } },
{ "type": "Feature", "properties": { "y": 10.7826605, "x": 106.7017473, "street_count": 3, "highway": null, "ref": null, "relation_id": "19260504" }, "geometry": { "type": "Point", "coordinates": [ 106.7017473, 10.7826605 ] } },
{ "type": "Feature", "properties": { "y": 10.7813583, "x": 106.7053602, "street_count": 3, "highway": null, "ref": null, "relation_id": "19260504" }, "geometry": { "type": "Point", "coordinates": [ 106.7053602, 10.7813583 ] } },
{ "type": "Feature", "properties": { "y": 10.7779066, "x": 106.7061554, "street_count": 1, "highway": null, "ref": null, "relation_id": "19260504" }, "geometry": { "type": "Point", "coordinates": [ 106.7061554, 10.7779066 ] } },
{ "type": "Feature", "properties": { "y": 10.7761461, "x": 106.7055219, "street_count": 3, "highway": null, "ref": null, "relation_id": "19260504" }, "geometry": { "type": "Point", "coordinates": [ 106.7055219, 10.7761461 ] } },
{ "type": "Feature", "properties": { "y": 10.7904945, "x": 106.7015127, "street_count": 4, "highway": null, "ref": null, "relation_id": "19260504" }, "geometry": { "type": "Point", "coordinates": [ 106.7015127, 10.7904945 ] } },
{ "type": "Feature", "properties": { "y": 10.7886056, "x": 106.7035437, "street_count": 4, "highway": "traffic_signals", "ref": null, "relation_id": "19260504" }, "geometry": { "type": "Point", "coordinates": [ 106.7035437, 10.7886056 ] } },
{ "type": "Feature", "properties": { "y": 10.78457, "x": 106.6996774, "street_count": 4, "highway": "traffic_signals", "ref": null, "relation_id": "19260504" }, "geometry": { "type": "Point", "coordinates": [ 106.6996774, 10.78457 ] } },
{ "type": "Feature", "properties": { "y": 10.775427, "x": 106.7048401, "street_count": 3, "highway": null, "ref": null, "relation_id": "19260504" }, "geometry": { "type": "Point", "coordinates": [ 106.7048401, 10.775427 ] } },
{ "type": "Feature", "properties": { "y": 10.7823516, "x": 106.7004492, "street_count": 4, "highway": null, "ref": null, "relation_id": "19260504" }, "geometry": { "type": "Point", "coordinates": [ 106.7004492, 10.7823516 ] } },
{ "type": "Feature", "properties": { "y": 10.7816326, "x": 106.7055963, "street_count": 3, "highway": null, "ref": null, "relation_id": "19260504" }, "geometry": { "type": "Point", "coordinates": [ 106.7055963, 10.7816326 ] } },
{ "type": "Feature", "properties": { "y": 10.7810366, "x": 106.7064292, "street_count": 2, "highway": null, "ref": null, "relation_id": "19260504" }, "geometry": { "type": "Point", "coordinates": [ 106.7064292, 10.7810366 ] } },
{ "type": "Feature", "properties": { "y": 10.7805129, "x": 106.7069926, "street_count": 4, "highway": null, "ref": null, "relation_id": "19260504" }, "geometry": { "type": "Point", "coordinates": [ 106.7069926, 10.7805129 ] } },
{ "type": "Feature", "properties": { "y": 10.7732753, "x": 106.7031739, "street_count": 4, "highway": null, "ref": null, "relation_id": "19260504" }, "geometry": { "type": "Point", "coordinates": [ 106.7031739, 10.7732753 ] } },
{ "type": "Feature", "properties": { "y": 10.7772405, "x": 106.7018045, "street_count": 4, "highway": "traffic_signals", "ref": null, "relation_id": "19260504" }, "geometry": { "type": "Point", "coordinates": [ 106.7018045, 10.7772405 ] } },
{ "type": "Feature", "properties": { "y": 10.773838, "x": 106.7036705, "street_count": 3, "highway": null, "ref": null, "relation_id": "19260504" }, "geometry": { "type": "Point", "coordinates": [ 106.7036705, 10.773838 ] } },
{ "type": "Feature", "properties": { "y": 10.7823083, "x": 106.7040685, "street_count": 3, "highway": null, "ref": null, "relation_id": "19260504" }, "geometry": { "type": "Point", "coordinates": [ 106.7040685, 10.7823083 ] } },
{ "type": "Feature", "properties": { "y": 10.7728438, "x": 106.702606, "street_count": 4, "highway": null, "ref": null, "relation_id": "19260504" }, "geometry": { "type": "Point", "coordinates": [ 106.702606, 10.7728438 ] } },
{ "type": "Feature", "properties": { "y": 10.7723028, "x": 106.7018947, "street_count": 4, "highway": null, "ref": null, "relation_id": "19260504" }, "geometry": { "type": "Point", "coordinates": [ 106.7018947, 10.7723028 ] } },
{ "type": "Feature", "properties": { "y": 10.7791894, "x": 106.7001527, "street_count": 3, "highway": null, "ref": null, "relation_id": "19260504" }, "geometry": { "type": "Point", "coordinates": [ 106.7001527, 10.7791894 ] } },
{ "type": "Feature", "properties": { "y": 10.7690648, "x": 106.7041995, "street_count": 3, "highway": null, "ref": null, "relation_id": "19260504" }, "geometry": { "type": "Point", "coordinates": [ 106.7041995, 10.7690648 ] } },
{ "type": "Feature", "properties": { "y": 10.7696265, "x": 106.7030192, "street_count": 4, "highway": null, "ref": null, "relation_id": "19260504" }, "geometry": { "type": "Point", "coordinates": [ 106.7030192, 10.7696265 ] } },
{ "type": "Feature", "properties": { "y": 10.7699703, "x": 106.7038154, "street_count": 4, "highway": null, "ref": null, "relation_id": "19260504" }, "geometry": { "type": "Point", "coordinates": [ 106.7038154, 10.7699703 ] } },
{ "type": "Feature", "properties": { "y": 10.7773934, "x": 106.7041193, "street_count": 4, "highway": "traffic_signals", "ref": null, "relation_id": "19260504" }, "geometry": { "type": "Point", "coordinates": [ 106.7041193, 10.7773934 ] } },
{ "type": "Feature", "properties": { "y": 10.7779522, "x": 106.7010349, "street_count": 4, "highway": "traffic_signals", "ref": null, "relation_id": "19260504" }, "geometry": { "type": "Point", "coordinates": [ 106.7010349, 10.7779522 ] } },
{ "type": "Feature", "properties": { "y": 10.7765349, "x": 106.7050971, "street_count": 4, "highway": "traffic_signals", "ref": null, "relation_id": "19260504" }, "geometry": { "type": "Point", "coordinates": [ 106.7050971, 10.7765349 ] } },
{ "type": "Feature", "properties": { "y": 10.7718636, "x": 106.7039118, "street_count": 3, "highway": null, "ref": null, "relation_id": "19260504" }, "geometry": { "type": "Point", "coordinates": [ 106.7039118, 10.7718636 ] } },
{ "type": "Feature", "properties": { "y": 10.7732605, "x": 106.7014575, "street_count": 3, "highway": "crossing", "ref": null, "relation_id": "19260504" }, "geometry": { "type": "Point", "coordinates": [ 106.7014575, 10.7732605 ] } },
{ "type": "Feature", "properties": { "y": 10.7792329, "x": 106.7035889, "street_count": 3, "highway": null, "ref": null, "relation_id": "19260504" }, "geometry": { "type": "Point", "coordinates": [ 106.7035889, 10.7792329 ] } },
{ "type": "Feature", "properties": { "y": 10.7855867, "x": 106.6968504, "street_count": 4, "highway": null, "ref": null, "relation_id": "19260504" }, "geometry": { "type": "Point", "coordinates": [ 106.6968504, 10.7855867 ] } },
{ "type": "Feature", "properties": { "y": 10.7814762, "x": 106.6996356, "street_count": 4, "highway": null, "ref": null, "relation_id": "19260504" }, "geometry": { "type": "Point", "coordinates": [ 106.6996356, 10.7814762 ] } },
{ "type": "Feature", "properties": { "y": 10.7734873, "x": 106.7023364, "street_count": 3, "highway": null, "ref": null, "relation_id": "19260504" }, "geometry": { "type": "Point", "coordinates": [ 106.7023364, 10.7734873 ] } },
{ "type": "Feature", "properties": { "y": 10.7791968, "x": 106.702175, "street_count": 4, "highway": "traffic_signals", "ref": null, "relation_id": "19260504" }, "geometry": { "type": "Point", "coordinates": [ 106.702175, 10.7791968 ] } },
{ "type": "Feature", "properties": { "y": 10.7797806, "x": 106.7040024, "street_count": 4, "highway": null, "ref": null, "relation_id": "19260504" }, "geometry": { "type": "Point", "coordinates": [ 106.7040024, 10.7797806 ] } },
{ "type": "Feature", "properties": { "y": 10.7896952, "x": 106.7007533, "street_count": 3, "highway": null, "ref": null, "relation_id": "19260504" }, "geometry": { "type": "Point", "coordinates": [ 106.7007533, 10.7896952 ] } },
{ "type": "Feature", "properties": { "y": 10.7736167, "x": 106.7028018, "street_count": 3, "highway": null, "ref": null, "relation_id": "19260504" }, "geometry": { "type": "Point", "coordinates": [ 106.7028018, 10.7736167 ] } },
{ "type": "Feature", "properties": { "y": 10.7801873, "x": 106.7010602, "street_count": 4, "highway": "traffic_signals", "ref": null, "relation_id": "19260504" }, "geometry": { "type": "Point", "coordinates": [ 106.7010602, 10.7801873 ] } },
{ "type": "Feature", "properties": { "y": 10.778525, "x": 106.7029239, "street_count": 4, "highway": null, "ref": null, "relation_id": "19260504" }, "geometry": { "type": "Point", "coordinates": [ 106.7029239, 10.778525 ] } },
{ "type": "Feature", "properties": { "y": 10.7776192, "x": 106.7038862, "street_count": 4, "highway": "traffic_signals", "ref": null, "relation_id": "19260504" }, "geometry": { "type": "Point", "coordinates": [ 106.7038862, 10.7776192 ] } },
{ "type": "Feature", "properties": { "y": 10.7707757, "x": 106.7063184, "street_count": 3, "highway": null, "ref": null, "relation_id": "19260504" }, "geometry": { "type": "Point", "coordinates": [ 106.7063184, 10.7707757 ] } },
{ "type": "Feature", "properties": { "y": 10.7694232, "x": 106.7051609, "street_count": 4, "highway": null, "ref": null, "relation_id": "19260504" }, "geometry": { "type": "Point", "coordinates": [ 106.7051609, 10.7694232 ] } },
{ "type": "Feature", "properties": { "y": 10.7703529, "x": 106.704685, "street_count": 3, "highway": null, "ref": null, "relation_id": "19260504" }, "geometry": { "type": "Point", "coordinates": [ 106.704685, 10.7703529 ] } },
{ "type": "Feature", "properties": { "y": 10.7760291, "x": 106.7031197, "street_count": 3, "highway": null, "ref": null, "relation_id": "19260504" }, "geometry": { "type": "Point", "coordinates": [ 106.7031197, 10.7760291 ] } },
{ "type": "Feature", "properties": { "y": 10.7763893, "x": 106.7027286, "street_count": 3, "highway": "traffic_signals", "ref": null, "relation_id": "19260504" }, "geometry": { "type": "Point", "coordinates": [ 106.7027286, 10.7763893 ] } },
{ "type": "Feature", "properties": { "y": 10.7765708, "x": 106.7012198, "street_count": 3, "highway": null, "ref": null, "relation_id": "19260504" }, "geometry": { "type": "Point", "coordinates": [ 106.7012198, 10.7765708 ] } },
{ "type": "Feature", "properties": { "y": 10.7761671, "x": 106.7029698, "street_count": 3, "highway": "traffic_signals", "ref": null, "relation_id": "19260504" }, "geometry": { "type": "Point", "coordinates": [ 106.7029698, 10.7761671 ] } },
{ "type": "Feature", "properties": { "y": 10.7809287, "x": 106.697816, "street_count": 3, "highway": null, "ref": null, "relation_id": "19260504" }, "geometry": { "type": "Point", "coordinates": [ 106.697816, 10.7809287 ] } },
{ "type": "Feature", "properties": { "y": 10.7808244, "x": 106.6979302, "street_count": 3, "highway": null, "ref": null, "relation_id": "19260504" }, "geometry": { "type": "Point", "coordinates": [ 106.6979302, 10.7808244 ] } },
{ "type": "Feature", "properties": { "y": 10.7865968, "x": 106.7016177, "street_count": 5, "highway": null, "ref": null, "relation_id": "19260504" }, "geometry": { "type": "Point", "coordinates": [ 106.7016177, 10.7865968 ] } },
{ "type": "Feature", "properties": { "y": 10.7872347, "x": 106.7022445, "street_count": 3, "highway": null, "ref": null, "relation_id": "19260504" }, "geometry": { "type": "Point", "coordinates": [ 106.7022445, 10.7872347 ] } },
{ "type": "Feature", "properties": { "y": 10.7876142, "x": 106.7025996, "street_count": 3, "highway": null, "ref": null, "relation_id": "19260504" }, "geometry": { "type": "Point", "coordinates": [ 106.7025996, 10.7876142 ] } },
{ "type": "Feature", "properties": { "y": 10.7765403, "x": 106.7025647, "street_count": 3, "highway": null, "ref": null, "relation_id": "19260504" }, "geometry": { "type": "Point", "coordinates": [ 106.7025647, 10.7765403 ] } },
{ "type": "Feature", "properties": { "y": 10.7709258, "x": 106.7034182, "street_count": 4, "highway": null, "ref": null, "relation_id": "19260504" }, "geometry": { "type": "Point", "coordinates": [ 106.7034182, 10.7709258 ] } },
{ "type": "Feature", "properties": { "y": 10.7709739, "x": 106.7024697, "street_count": 4, "highway": null, "ref": null, "relation_id": "19260504" }, "geometry": { "type": "Point", "coordinates": [ 106.7024697, 10.7709739 ] } },
{ "type": "Feature", "properties": { "y": 10.7708498, "x": 106.7025205, "street_count": 4, "highway": null, "ref": null, "relation_id": "19260504" }, "geometry": { "type": "Point", "coordinates": [ 106.7025205, 10.7708498 ] } },
{ "type": "Feature", "properties": { "y": 10.7707997, "x": 106.7034753, "street_count": 3, "highway": null, "ref": null, "relation_id": "19260504" }, "geometry": { "type": "Point", "coordinates": [ 106.7034753, 10.7707997 ] } },
{ "type": "Feature", "properties": { "y": 10.7741513, "x": 106.7033318, "street_count": 3, "highway": null, "ref": null, "relation_id": "19260504" }, "geometry": { "type": "Point", "coordinates": [ 106.7033318, 10.7741513 ] } },
{ "type": "Feature", "properties": { "y": 10.774251, "x": 106.7037193, "street_count": 3, "highway": null, "ref": null, "relation_id": "19260504" }, "geometry": { "type": "Point", "coordinates": [ 106.7037193, 10.774251 ] } },
{ "type": "Feature", "properties": { "y": 10.7709832, "x": 106.704232, "street_count": 3, "highway": null, "ref": null, "relation_id": "19260504" }, "geometry": { "type": "Point", "coordinates": [ 106.704232, 10.7709832 ] } },
{ "type": "Feature", "properties": { "y": 10.7688842, "x": 106.7037384, "street_count": 3, "highway": null, "ref": null, "relation_id": "19260504" }, "geometry": { "type": "Point", "coordinates": [ 106.7037384, 10.7688842 ] } },
{ "type": "Feature", "properties": { "y": 10.7758045, "x": 106.7065554, "street_count": 3, "highway": null, "ref": null, "relation_id": "19260504" }, "geometry": { "type": "Point", "coordinates": [ 106.7065554, 10.7758045 ] } },
{ "type": "Feature", "properties": { "y": 10.7847301, "x": 106.7036877, "street_count": 3, "highway": null, "ref": null, "relation_id": "19260504" }, "geometry": { "type": "Point", "coordinates": [ 106.7036877, 10.7847301 ] } },
{ "type": "Feature", "properties": { "y": 10.7747161, "x": 106.706182, "street_count": 4, "highway": null, "ref": null, "relation_id": "19260504" }, "geometry": { "type": "Point", "coordinates": [ 106.706182, 10.7747161 ] } },
{ "type": "Feature", "properties": { "y": 10.7835028, "x": 106.7051249, "street_count": 3, "highway": null, "ref": null, "relation_id": "19260504" }, "geometry": { "type": "Point", "coordinates": [ 106.7051249, 10.7835028 ] } },
{ "type": "Feature", "properties": { "y": 10.7857612, "x": 106.708632, "street_count": 3, "highway": null, "ref": null, "relation_id": "19260504" }, "geometry": { "type": "Point", "coordinates": [ 106.708632, 10.7857612 ] } },
{ "type": "Feature", "properties": { "y": 10.7747778, "x": 106.7064454, "street_count": 3, "highway": null, "ref": null, "relation_id": "19260504" }, "geometry": { "type": "Point", "coordinates": [ 106.7064454, 10.7747778 ] } },
{ "type": "Feature", "properties": { "y": 10.7846363, "x": 106.7035969, "street_count": 4, "highway": null, "ref": null, "relation_id": "19260504" }, "geometry": { "type": "Point", "coordinates": [ 106.7035969, 10.7846363 ] } },
{ "type": "Feature", "properties": { "y": 10.7832972, "x": 106.7049734, "street_count": 3, "highway": null, "ref": null, "relation_id": "19260504" }, "geometry": { "type": "Point", "coordinates": [ 106.7049734, 10.7832972 ] } },
{ "type": "Feature", "properties": { "y": 10.7718595, "x": 106.7063094, "street_count": 3, "highway": null, "ref": null, "relation_id": "19260504" }, "geometry": { "type": "Point", "coordinates": [ 106.7063094, 10.7718595 ] } },
{ "type": "Feature", "properties": { "y": 10.7729853, "x": 106.7064008, "street_count": 3, "highway": null, "ref": null, "relation_id": "19260504" }, "geometry": { "type": "Point", "coordinates": [ 106.7064008, 10.7729853 ] } },
{ "type": "Feature", "properties": { "y": 10.7828182, "x": 106.7055038, "street_count": 3, "highway": null, "ref": null, "relation_id": "19260504" }, "geometry": { "type": "Point", "coordinates": [ 106.7055038, 10.7828182 ] } },
{ "type": "Feature", "properties": { "y": 10.7759006, "x": 106.7062744, "street_count": 4, "highway": null, "ref": null, "relation_id": "19260504" }, "geometry": { "type": "Point", "coordinates": [ 106.7062744, 10.7759006 ] } },
{ "type": "Feature", "properties": { "y": 10.7714318, "x": 106.7062713, "street_count": 3, "highway": null, "ref": null, "relation_id": "19260504" }, "geometry": { "type": "Point", "coordinates": [ 106.7062713, 10.7714318 ] } },
{ "type": "Feature", "properties": { "y": 10.7746334, "x": 106.7065281, "street_count": 3, "highway": null, "ref": null, "relation_id": "19260504" }, "geometry": { "type": "Point", "coordinates": [ 106.7065281, 10.7746334 ] } },
{ "type": "Feature", "properties": { "y": 10.7821171, "x": 106.7052865, "street_count": 3, "highway": null, "ref": null, "relation_id": "19260504" }, "geometry": { "type": "Point", "coordinates": [ 106.7052865, 10.7821171 ] } },
{ "type": "Feature", "properties": { "y": 10.7817641, "x": 106.7057094, "street_count": 3, "highway": null, "ref": null, "relation_id": "19260504" }, "geometry": { "type": "Point", "coordinates": [ 106.7057094, 10.7817641 ] } },
{ "type": "Feature", "properties": { "y": 10.7762943, "x": 106.7009788, "street_count": 3, "highway": null, "ref": null, "relation_id": "19260504" }, "geometry": { "type": "Point", "coordinates": [ 106.7009788, 10.7762943 ] } },
{ "type": "Feature", "properties": { "y": 10.7818873, "x": 106.7050554, "street_count": 1, "highway": null, "ref": null, "relation_id": "19260504" }, "geometry": { "type": "Point", "coordinates": [ 106.7050554, 10.7818873 ] } },
{ "type": "Feature", "properties": { "y": 10.7823181, "x": 106.7054797, "street_count": 1, "highway": null, "ref": null, "relation_id": "19260504" }, "geometry": { "type": "Point", "coordinates": [ 106.7054797, 10.7823181 ] } },
{ "type": "Feature", "properties": { "y": 10.7851707, "x": 106.6973003, "street_count": 3, "highway": null, "ref": null, "relation_id": "19260504" }, "geometry": { "type": "Point", "coordinates": [ 106.6973003, 10.7851707 ] } },
{ "type": "Feature", "properties": { "y": 10.7856196, "x": 106.6977381, "street_count": 1, "highway": null, "ref": null, "relation_id": "19260504" }, "geometry": { "type": "Point", "coordinates": [ 106.6977381, 10.7856196 ] } },
{ "type": "Feature", "properties": { "y": 10.7889008, "x": 106.7026198, "street_count": 1, "highway": null, "ref": null, "relation_id": "19260504" }, "geometry": { "type": "Point", "coordinates": [ 106.7026198, 10.7889008 ] } },
{ "type": "Feature", "properties": { "y": 10.7892029, "x": 106.7029041, "street_count": 3, "highway": null, "ref": null, "relation_id": "19260504" }, "geometry": { "type": "Point", "coordinates": [ 106.7029041, 10.7892029 ] } },
{ "type": "Feature", "properties": { "y": 10.7686141, "x": 106.7034096, "street_count": 3, "highway": null, "ref": null, "relation_id": "19260504" }, "geometry": { "type": "Point", "coordinates": [ 106.7034096, 10.7686141 ] } },
{ "type": "Feature", "properties": { "y": 10.7687542, "x": 106.7032974, "street_count": 3, "highway": null, "ref": null, "relation_id": "19260504" }, "geometry": { "type": "Point", "coordinates": [ 106.7032974, 10.7687542 ] } },
{ "type": "Feature", "properties": { "y": 10.7686832, "x": 106.7034599, "street_count": 3, "highway": null, "ref": null, "relation_id": "19260504" }, "geometry": { "type": "Point", "coordinates": [ 106.7034599, 10.7686832 ] } },
{ "type": "Feature", "properties": { "y": 10.7687822, "x": 106.7033969, "street_count": 4, "highway": null, "ref": null, "relation_id": "19260504" }, "geometry": { "type": "Point", "coordinates": [ 106.7033969, 10.7687822 ] } },
{ "type": "Feature", "properties": { "y": 10.7882186, "x": 106.7030795, "street_count": 3, "highway": null, "ref": null, "relation_id": "19260504" }, "geometry": { "type": "Point", "coordinates": [ 106.7030795, 10.7882186 ] } },
{ "type": "Feature", "properties": { "y": 10.7896672, "x": 106.7044554, "street_count": 3, "highway": null, "ref": null, "relation_id": "19260504" }, "geometry": { "type": "Point", "coordinates": [ 106.7044554, 10.7896672 ] } },
{ "type": "Feature", "properties": { "y": 10.7886488, "x": 106.7034951, "street_count": 4, "highway": "traffic_signals", "ref": null, "relation_id": "19260504" }, "geometry": { "type": "Point", "coordinates": [ 106.7034951, 10.7886488 ] } },
{ "type": "Feature", "properties": { "y": 10.7879369, "x": 106.7028134, "street_count": 4, "highway": null, "ref": null, "relation_id": "19260504" }, "geometry": { "type": "Point", "coordinates": [ 106.7028134, 10.7879369 ] } },
{ "type": "Feature", "properties": { "y": 10.7787668, "x": 106.6997738, "street_count": 3, "highway": null, "ref": null, "relation_id": "19260504" }, "geometry": { "type": "Point", "coordinates": [ 106.6997738, 10.7787668 ] } },
{ "type": "Feature", "properties": { "y": 10.7711662, "x": 106.7043092, "street_count": 4, "highway": null, "ref": null, "relation_id": "19260504" }, "geometry": { "type": "Point", "coordinates": [ 106.7043092, 10.7711662 ] } },
{ "type": "Feature", "properties": { "y": 10.77718, "x": 106.7034401, "street_count": 3, "highway": null, "ref": null, "relation_id": "19260504" }, "geometry": { "type": "Point", "coordinates": [ 106.7034401, 10.77718 ] } },
{ "type": "Feature", "properties": { "y": 10.7769646, "x": 106.7037077, "street_count": 3, "highway": null, "ref": null, "relation_id": "19260504" }, "geometry": { "type": "Point", "coordinates": [ 106.7037077, 10.7769646 ] } },
{ "type": "Feature", "properties": { "y": 10.7854521, "x": 106.7028245, "street_count": 3, "highway": null, "ref": null, "relation_id": "19260504" }, "geometry": { "type": "Point", "coordinates": [ 106.7028245, 10.7854521 ] } },
{ "type": "Feature", "properties": { "y": 10.7749426, "x": 106.7029702, "street_count": 3, "highway": null, "ref": null, "relation_id": "19260504" }, "geometry": { "type": "Point", "coordinates": [ 106.7029702, 10.7749426 ] } },
{ "type": "Feature", "properties": { "y": 10.7755944, "x": 106.7035916, "street_count": 3, "highway": null, "ref": null, "relation_id": "19260504" }, "geometry": { "type": "Point", "coordinates": [ 106.7035916, 10.7755944 ] } },
{ "type": "Feature", "properties": { "y": 10.7884681, "x": 106.6995877, "street_count": 4, "highway": null, "ref": null, "relation_id": "19260504" }, "geometry": { "type": "Point", "coordinates": [ 106.6995877, 10.7884681 ] } },
{ "type": "Feature", "properties": { "y": 10.7845334, "x": 106.7079426, "street_count": 4, "highway": null, "ref": null, "relation_id": "19260504" }, "geometry": { "type": "Point", "coordinates": [ 106.7079426, 10.7845334 ] } },
{ "type": "Feature", "properties": { "y": 10.7804132, "x": 106.7045468, "street_count": 3, "highway": null, "ref": null, "relation_id": "19260504" }, "geometry": { "type": "Point", "coordinates": [ 106.7045468, 10.7804132 ] } },
{ "type": "Feature", "properties": { "y": 10.7802027, "x": 106.7047876, "street_count": 1, "highway": null, "ref": null, "relation_id": "19260504" }, "geometry": { "type": "Point", "coordinates": [ 106.7047876, 10.7802027 ] } },
{ "type": "Feature", "properties": { "y": 10.7800151, "x": 106.7046381, "street_count": 3, "highway": null, "ref": null, "relation_id": "19260504" }, "geometry": { "type": "Point", "coordinates": [ 106.7046381, 10.7800151 ] } },
{ "type": "Feature", "properties": { "y": 10.7792703, "x": 106.7045988, "street_count": 3, "highway": null, "ref": null, "relation_id": "19260504" }, "geometry": { "type": "Point", "coordinates": [ 106.7045988, 10.7792703 ] } },
{ "type": "Feature", "properties": { "y": 10.7797085, "x": 106.705005, "street_count": 3, "highway": null, "ref": null, "relation_id": "19260504" }, "geometry": { "type": "Point", "coordinates": [ 106.705005, 10.7797085 ] } },
{ "type": "Feature", "properties": { "y": 10.7786471, "x": 106.6979087, "street_count": 4, "highway": null, "ref": null, "relation_id": "19260504" }, "geometry": { "type": "Point", "coordinates": [ 106.6979087, 10.7786471 ] } },
{ "type": "Feature", "properties": { "y": 10.7836107, "x": 106.7026267, "street_count": 3, "highway": null, "ref": null, "relation_id": "19260504" }, "geometry": { "type": "Point", "coordinates": [ 106.7026267, 10.7836107 ] } },
{ "type": "Feature", "properties": { "y": 10.7909104, "x": 106.7056334, "street_count": 3, "highway": null, "ref": null, "relation_id": "19260504" }, "geometry": { "type": "Point", "coordinates": [ 106.7056334, 10.7909104 ] } },
{ "type": "Feature", "properties": { "y": 10.7718214, "x": 106.7058503, "street_count": 3, "highway": null, "ref": null, "relation_id": "19260504" }, "geometry": { "type": "Point", "coordinates": [ 106.7058503, 10.7718214 ] } },
{ "type": "Feature", "properties": { "y": 10.772069, "x": 106.7060825, "street_count": 3, "highway": null, "ref": null, "relation_id": "19260504" }, "geometry": { "type": "Point", "coordinates": [ 106.7060825, 10.772069 ] } },
{ "type": "Feature", "properties": { "y": 10.7705738, "x": 106.7061991, "street_count": 4, "highway": null, "ref": null, "relation_id": "19260504" }, "geometry": { "type": "Point", "coordinates": [ 106.7061991, 10.7705738 ] } },
{ "type": "Feature", "properties": { "y": 10.7706718, "x": 106.7062095, "street_count": 3, "highway": null, "ref": null, "relation_id": "19260504" }, "geometry": { "type": "Point", "coordinates": [ 106.7062095, 10.7706718 ] } },
{ "type": "Feature", "properties": { "y": 10.7708006, "x": 106.7062229, "street_count": 3, "highway": null, "ref": null, "relation_id": "19260504" }, "geometry": { "type": "Point", "coordinates": [ 106.7062229, 10.7708006 ] } },
{ "type": "Feature", "properties": { "y": 10.770895, "x": 106.7062303, "street_count": 3, "highway": null, "ref": null, "relation_id": "19260504" }, "geometry": { "type": "Point", "coordinates": [ 106.7062303, 10.770895 ] } },
{ "type": "Feature", "properties": { "y": 10.7722276, "x": 106.705399, "street_count": 3, "highway": null, "ref": null, "relation_id": "19260504" }, "geometry": { "type": "Point", "coordinates": [ 106.705399, 10.7722276 ] } },
{ "type": "Feature", "properties": { "y": 10.7844397, "x": 106.7080446, "street_count": 4, "highway": null, "ref": null, "relation_id": "19260504" }, "geometry": { "type": "Point", "coordinates": [ 106.7080446, 10.7844397 ] } },
{ "type": "Feature", "properties": { "y": 10.7871845, "x": 106.7126395, "street_count": 1, "highway": null, "ref": null, "relation_id": "19260504" }, "geometry": { "type": "Point", "coordinates": [ 106.7126395, 10.7871845 ] } },
{ "type": "Feature", "properties": { "y": 10.7872494, "x": 106.7110053, "street_count": 3, "highway": null, "ref": null, "relation_id": "19260504" }, "geometry": { "type": "Point", "coordinates": [ 106.7110053, 10.7872494 ] } },
{ "type": "Feature", "properties": { "y": 10.7871114, "x": 106.7097856, "street_count": 3, "highway": null, "ref": null, "relation_id": "19260504" }, "geometry": { "type": "Point", "coordinates": [ 106.7097856, 10.7871114 ] } },
{ "type": "Feature", "properties": { "y": 10.7856259, "x": 106.7088118, "street_count": 3, "highway": null, "ref": null, "relation_id": "19260504" }, "geometry": { "type": "Point", "coordinates": [ 106.7088118, 10.7856259 ] } },
{ "type": "Feature", "properties": { "y": 10.7794408, "x": 106.7047553, "street_count": 4, "highway": null, "ref": null, "relation_id": "19260504" }, "geometry": { "type": "Point", "coordinates": [ 106.7047553, 10.7794408 ] } },
{ "type": "Feature", "properties": { "y": 10.7814769, "x": 106.7014332, "street_count": 3, "highway": null, "ref": null, "relation_id": "19260504" }, "geometry": { "type": "Point", "coordinates": [ 106.7014332, 10.7814769 ] } },
{ "type": "Feature", "properties": { "y": 10.7782199, "x": 106.7072051, "street_count": 3, "highway": null, "ref": null, "relation_id": "19260504" }, "geometry": { "type": "Point", "coordinates": [ 106.7072051, 10.7782199 ] } },
{ "type": "Feature", "properties": { "y": 10.7862185, "x": 106.7107626, "street_count": 3, "highway": null, "ref": null, "relation_id": "19260504" }, "geometry": { "type": "Point", "coordinates": [ 106.7107626, 10.7862185 ] } },
{ "type": "Feature", "properties": { "y": 10.7839413, "x": 106.7085827, "street_count": 3, "highway": null, "ref": null, "relation_id": "19260504" }, "geometry": { "type": "Point", "coordinates": [ 106.7085827, 10.7839413 ] } },
{ "type": "Feature", "properties": { "y": 10.7865552, "x": 106.7117435, "street_count": 1, "highway": null, "ref": null, "relation_id": "19260504" }, "geometry": { "type": "Point", "coordinates": [ 106.7117435, 10.7865552 ] } },
{ "type": "Feature", "properties": { "y": 10.7825132, "x": 106.7061973, "street_count": 4, "highway": null, "ref": null, "relation_id": "19260504" }, "geometry": { "type": "Point", "coordinates": [ 106.7061973, 10.7825132 ] } },
{ "type": "Feature", "properties": { "y": 10.7823493, "x": 106.7064213, "street_count": 3, "highway": null, "ref": null, "relation_id": "19260504" }, "geometry": { "type": "Point", "coordinates": [ 106.7064213, 10.7823493 ] } },
{ "type": "Feature", "properties": { "y": 10.7847647, "x": 106.7081312, "street_count": 3, "highway": null, "ref": null, "relation_id": "19260504" }, "geometry": { "type": "Point", "coordinates": [ 106.7081312, 10.7847647 ] } },
{ "type": "Feature", "properties": { "y": 10.7848168, "x": 106.7080646, "street_count": 1, "highway": null, "ref": null, "relation_id": "19260504" }, "geometry": { "type": "Point", "coordinates": [ 106.7080646, 10.7848168 ] } },
{ "type": "Feature", "properties": { "y": 10.7709748, "x": 106.7044088, "street_count": 5, "highway": null, "ref": null, "relation_id": "19260504" }, "geometry": { "type": "Point", "coordinates": [ 106.7044088, 10.7709748 ] } },
{ "type": "Feature", "properties": { "y": 10.7753411, "x": 106.7058247, "street_count": 4, "highway": null, "ref": null, "relation_id": "19260504" }, "geometry": { "type": "Point", "coordinates": [ 106.7058247, 10.7753411 ] } },
{ "type": "Feature", "properties": { "y": 10.7757236, "x": 106.7060029, "street_count": 4, "highway": null, "ref": null, "relation_id": "19260504" }, "geometry": { "type": "Point", "coordinates": [ 106.7060029, 10.7757236 ] } },
{ "type": "Feature", "properties": { "y": 10.7749157, "x": 106.7059388, "street_count": 4, "highway": null, "ref": null, "relation_id": "19260504" }, "geometry": { "type": "Point", "coordinates": [ 106.7059388, 10.7749157 ] } },
{ "type": "Feature", "properties": { "y": 10.7710322, "x": 106.701441, "street_count": 3, "highway": "traffic_signals", "ref": null, "relation_id": "19260504" }, "geometry": { "type": "Point", "coordinates": [ 106.701441, 10.7710322 ] } },
{ "type": "Feature", "properties": { "y": 10.7684921, "x": 106.7030384, "street_count": 1, "highway": null, "ref": null, "relation_id": "19260504" }, "geometry": { "type": "Point", "coordinates": [ 106.7030384, 10.7684921 ] } },
{ "type": "Feature", "properties": { "y": 10.7845723, "x": 106.7092041, "street_count": 3, "highway": null, "ref": null, "relation_id": "19260504" }, "geometry": { "type": "Point", "coordinates": [ 106.7092041, 10.7845723 ] } },
{ "type": "Feature", "properties": { "y": 10.7839852, "x": 106.7098315, "street_count": 3, "highway": null, "ref": null, "relation_id": "19260504" }, "geometry": { "type": "Point", "coordinates": [ 106.7098315, 10.7839852 ] } },
{ "type": "Feature", "properties": { "y": 10.7849483, "x": 106.7095572, "street_count": 3, "highway": null, "ref": null, "relation_id": "19260504" }, "geometry": { "type": "Point", "coordinates": [ 106.7095572, 10.7849483 ] } },
{ "type": "Feature", "properties": { "y": 10.784363, "x": 106.7101877, "street_count": 3, "highway": null, "ref": null, "relation_id": "19260504" }, "geometry": { "type": "Point", "coordinates": [ 106.7101877, 10.784363 ] } },
{ "type": "Feature", "properties": { "y": 10.7854498, "x": 106.7100282, "street_count": 3, "highway": null, "ref": null, "relation_id": "19260504" }, "geometry": { "type": "Point", "coordinates": [ 106.7100282, 10.7854498 ] } },
{ "type": "Feature", "properties": { "y": 10.7848702, "x": 106.7106658, "street_count": 3, "highway": null, "ref": null, "relation_id": "19260504" }, "geometry": { "type": "Point", "coordinates": [ 106.7106658, 10.7848702 ] } },
{ "type": "Feature", "properties": { "y": 10.7853111, "x": 106.7098979, "street_count": 3, "highway": null, "ref": null, "relation_id": "19260504" }, "geometry": { "type": "Point", "coordinates": [ 106.7098979, 10.7853111 ] } },
{ "type": "Feature", "properties": { "y": 10.784736, "x": 106.7105392, "street_count": 3, "highway": null, "ref": null, "relation_id": "19260504" }, "geometry": { "type": "Point", "coordinates": [ 106.7105392, 10.784736 ] } },
{ "type": "Feature", "properties": { "y": 10.7858279, "x": 106.7103834, "street_count": 3, "highway": null, "ref": null, "relation_id": "19260504" }, "geometry": { "type": "Point", "coordinates": [ 106.7103834, 10.7858279 ] } },
{ "type": "Feature", "properties": { "y": 10.7852455, "x": 106.7110196, "street_count": 3, "highway": null, "ref": null, "relation_id": "19260504" }, "geometry": { "type": "Point", "coordinates": [ 106.7110196, 10.7852455 ] } },
{ "type": "Feature", "properties": { "y": 10.7831604, "x": 106.7012045, "street_count": 4, "highway": "traffic_signals", "ref": null, "relation_id": "19260504" }, "geometry": { "type": "Point", "coordinates": [ 106.7012045, 10.7831604 ] } },
{ "type": "Feature", "properties": { "y": 10.7791384, "x": 106.6973782, "street_count": 4, "highway": null, "ref": null, "relation_id": "19260504" }, "geometry": { "type": "Point", "coordinates": [ 106.6973782, 10.7791384 ] } },
{ "type": "Feature", "properties": { "y": 10.7820025, "x": 106.7001223, "street_count": 3, "highway": null, "ref": null, "relation_id": "19260504" }, "geometry": { "type": "Point", "coordinates": [ 106.7001223, 10.7820025 ] } },
{ "type": "Feature", "properties": { "y": 10.7852326, "x": 106.703163, "street_count": 4, "highway": null, "ref": null, "relation_id": "19260504" }, "geometry": { "type": "Point", "coordinates": [ 106.703163, 10.7852326 ] } },
{ "type": "Feature", "properties": { "y": 10.7789593, "x": 106.6999459, "street_count": 3, "highway": null, "ref": null, "relation_id": "19260504" }, "geometry": { "type": "Point", "coordinates": [ 106.6999459, 10.7789593 ] } },
{ "type": "Feature", "properties": { "y": 10.786727, "x": 106.7100817, "street_count": 1, "highway": null, "ref": "LUX-6", "relation_id": "19260504" }, "geometry": { "type": "Point", "coordinates": [ 106.7100817, 10.786727 ] } },
{ "type": "Feature", "properties": { "y": 10.7867796, "x": 106.7101451, "street_count": 3, "highway": "crossing", "ref": null, "relation_id": "19260504" }, "geometry": { "type": "Point", "coordinates": [ 106.7101451, 10.7867796 ] } },
{ "type": "Feature", "properties": { "y": 10.7871284, "x": 106.7104852, "street_count": 1, "highway": null, "ref": "AQUA 1 & 2", "relation_id": "19260504" }, "geometry": { "type": "Point", "coordinates": [ 106.7104852, 10.7871284 ] } },
{ "type": "Feature", "properties": { "y": 10.7871904, "x": 106.710457, "street_count": 3, "highway": null, "ref": null, "relation_id": "19260504" }, "geometry": { "type": "Point", "coordinates": [ 106.710457, 10.7871904 ] } },
{ "type": "Feature", "properties": { "y": 10.7872267, "x": 106.7116845, "street_count": 1, "highway": null, "ref": "AQUA 3 & 4", "relation_id": "19260504" }, "geometry": { "type": "Point", "coordinates": [ 106.7116845, 10.7872267 ] } },
{ "type": "Feature", "properties": { "y": 10.7873089, "x": 106.7116713, "street_count": 3, "highway": null, "ref": null, "relation_id": "19260504" }, "geometry": { "type": "Point", "coordinates": [ 106.7116713, 10.7873089 ] } },
{ "type": "Feature", "properties": { "y": 10.7872538, "x": 106.7123598, "street_count": 3, "highway": null, "ref": null, "relation_id": "19260504" }, "geometry": { "type": "Point", "coordinates": [ 106.7123598, 10.7872538 ] } },
{ "type": "Feature", "properties": { "y": 10.7872817, "x": 106.712251, "street_count": 3, "highway": null, "ref": null, "relation_id": "19260504" }, "geometry": { "type": "Point", "coordinates": [ 106.712251, 10.7872817 ] } },
{ "type": "Feature", "properties": { "y": 10.7866341, "x": 106.710308, "street_count": 3, "highway": "crossing", "ref": null, "relation_id": "19260504" }, "geometry": { "type": "Point", "coordinates": [ 106.710308, 10.7866341 ] } },
{ "type": "Feature", "properties": { "y": 10.7865173, "x": 106.7104276, "street_count": 3, "highway": "crossing", "ref": null, "relation_id": "19260504" }, "geometry": { "type": "Point", "coordinates": [ 106.7104276, 10.7865173 ] } },
{ "type": "Feature", "properties": { "y": 10.7802601, "x": 106.6984437, "street_count": 4, "highway": null, "ref": null, "relation_id": "19260504" }, "geometry": { "type": "Point", "coordinates": [ 106.6984437, 10.7802601 ] } },
{ "type": "Feature", "properties": { "y": 10.7803158, "x": 106.6985782, "street_count": 3, "highway": null, "ref": null, "relation_id": "19260504" }, "geometry": { "type": "Point", "coordinates": [ 106.6985782, 10.7803158 ] } },
{ "type": "Feature", "properties": { "y": 10.7803384, "x": 106.6984619, "street_count": 3, "highway": null, "ref": null, "relation_id": "19260504" }, "geometry": { "type": "Point", "coordinates": [ 106.6984619, 10.7803384 ] } },
{ "type": "Feature", "properties": { "y": 10.7803536, "x": 106.6985363, "street_count": 3, "highway": null, "ref": null, "relation_id": "19260504" }, "geometry": { "type": "Point", "coordinates": [ 106.6985363, 10.7803536 ] } },
{ "type": "Feature", "properties": { "y": 10.7759769, "x": 106.7066497, "street_count": 3, "highway": null, "ref": null, "relation_id": "19260504" }, "geometry": { "type": "Point", "coordinates": [ 106.7066497, 10.7759769 ] } },
{ "type": "Feature", "properties": { "y": 10.7834972, "x": 106.7048197, "street_count": 3, "highway": null, "ref": null, "relation_id": "19260504" }, "geometry": { "type": "Point", "coordinates": [ 106.7048197, 10.7834972 ] } },
{ "type": "Feature", "properties": { "y": 10.7836176, "x": 106.7048865, "street_count": 3, "highway": null, "ref": null, "relation_id": "19260504" }, "geometry": { "type": "Point", "coordinates": [ 106.7048865, 10.7836176 ] } },
{ "type": "Feature", "properties": { "y": 10.7842074, "x": 106.7058055, "street_count": 1, "highway": null, "ref": null, "relation_id": "19260504" }, "geometry": { "type": "Point", "coordinates": [ 106.7058055, 10.7842074 ] } },
{ "type": "Feature", "properties": { "y": 10.7804644, "x": 106.7085388, "street_count": 3, "highway": null, "ref": null, "relation_id": "19260504" }, "geometry": { "type": "Point", "coordinates": [ 106.7085388, 10.7804644 ] } },
{ "type": "Feature", "properties": { "y": 10.7707489, "x": 106.7044955, "street_count": 4, "highway": null, "ref": null, "relation_id": "19260504" }, "geometry": { "type": "Point", "coordinates": [ 106.7044955, 10.7707489 ] } },
{ "type": "Feature", "properties": { "y": 10.7708796, "x": 106.7044453, "street_count": 4, "highway": null, "ref": null, "relation_id": "19260504" }, "geometry": { "type": "Point", "coordinates": [ 106.7044453, 10.7708796 ] } },
{ "type": "Feature", "properties": { "y": 10.7822366, "x": 106.7061161, "street_count": 3, "highway": null, "ref": null, "relation_id": "19260504" }, "geometry": { "type": "Point", "coordinates": [ 106.7061161, 10.7822366 ] } },
{ "type": "Feature", "properties": { "y": 10.7842773, "x": 106.7082135, "street_count": 4, "highway": null, "ref": null, "relation_id": "19260504" }, "geometry": { "type": "Point", "coordinates": [ 106.7082135, 10.7842773 ] } },
{ "type": "Feature", "properties": { "y": 10.7811845, "x": 106.7077438, "street_count": 3, "highway": null, "ref": null, "relation_id": "19260504" }, "geometry": { "type": "Point", "coordinates": [ 106.7077438, 10.7811845 ] } },
{ "type": "Feature", "properties": { "y": 10.7804052, "x": 106.7085053, "street_count": 3, "highway": null, "ref": null, "relation_id": "19260504" }, "geometry": { "type": "Point", "coordinates": [ 106.7085053, 10.7804052 ] } },
{ "type": "Feature", "properties": { "y": 10.7743715, "x": 106.7009856, "street_count": 4, "highway": null, "ref": null, "relation_id": "19260504" }, "geometry": { "type": "Point", "coordinates": [ 106.7009856, 10.7743715 ] } },
{ "type": "Feature", "properties": { "y": 10.7781934, "x": 106.7073025, "street_count": 4, "highway": null, "ref": null, "relation_id": "19260504" }, "geometry": { "type": "Point", "coordinates": [ 106.7073025, 10.7781934 ] } },
{ "type": "Feature", "properties": { "y": 10.7826396, "x": 106.7060567, "street_count": 3, "highway": null, "ref": null, "relation_id": "19260504" }, "geometry": { "type": "Point", "coordinates": [ 106.7060567, 10.7826396 ] } },
{ "type": "Feature", "properties": { "y": 10.7801286, "x": 106.70774, "street_count": 3, "highway": null, "ref": null, "relation_id": "19260504" }, "geometry": { "type": "Point", "coordinates": [ 106.70774, 10.7801286 ] } },
{ "type": "Feature", "properties": { "y": 10.7839328, "x": 106.7074212, "street_count": 3, "highway": null, "ref": null, "relation_id": "19260504" }, "geometry": { "type": "Point", "coordinates": [ 106.7074212, 10.7839328 ] } },
{ "type": "Feature", "properties": { "y": 10.7744849, "x": 106.700938, "street_count": 4, "highway": null, "ref": null, "relation_id": "19260504" }, "geometry": { "type": "Point", "coordinates": [ 106.700938, 10.7744849 ] } },
{ "type": "Feature", "properties": { "y": 10.7742764, "x": 106.7010257, "street_count": 4, "highway": null, "ref": null, "relation_id": "19260504" }, "geometry": { "type": "Point", "coordinates": [ 106.7010257, 10.7742764 ] } },
{ "type": "Feature", "properties": { "y": 10.7818158, "x": 106.706558, "street_count": 3, "highway": null, "ref": null, "relation_id": "19260504" }, "geometry": { "type": "Point", "coordinates": [ 106.706558, 10.7818158 ] } },
{ "type": "Feature", "properties": { "y": 10.7870071, "x": 106.6996763, "street_count": 1, "highway": null, "ref": null, "relation_id": "19260504" }, "geometry": { "type": "Point", "coordinates": [ 106.6996763, 10.7870071 ] } },
{ "type": "Feature", "properties": { "y": 10.7809356, "x": 106.7075111, "street_count": 3, "highway": null, "ref": null, "relation_id": "19260504" }, "geometry": { "type": "Point", "coordinates": [ 106.7075111, 10.7809356 ] } },
{ "type": "Feature", "properties": { "y": 10.780979, "x": 106.7074623, "street_count": 3, "highway": null, "ref": null, "relation_id": "19260504" }, "geometry": { "type": "Point", "coordinates": [ 106.7074623, 10.780979 ] } },
{ "type": "Feature", "properties": { "y": 10.7752631, "x": 106.702115, "street_count": 5, "highway": null, "ref": null, "relation_id": "19260504" }, "geometry": { "type": "Point", "coordinates": [ 106.702115, 10.7752631 ] } },
{ "type": "Feature", "properties": { "y": 10.7755164, "x": 106.702352, "street_count": 4, "highway": null, "ref": null, "relation_id": "19260504" }, "geometry": { "type": "Point", "coordinates": [ 106.702352, 10.7755164 ] } },
{ "type": "Feature", "properties": { "y": 10.7754753, "x": 106.7018715, "street_count": 5, "highway": null, "ref": null, "relation_id": "19260504" }, "geometry": { "type": "Point", "coordinates": [ 106.7018715, 10.7754753 ] } },
{ "type": "Feature", "properties": { "y": 10.7757406, "x": 106.7021203, "street_count": 4, "highway": null, "ref": null, "relation_id": "19260504" }, "geometry": { "type": "Point", "coordinates": [ 106.7021203, 10.7757406 ] } },
{ "type": "Feature", "properties": { "y": 10.7801835, "x": 106.7047728, "street_count": 1, "highway": null, "ref": null, "relation_id": "19260504" }, "geometry": { "type": "Point", "coordinates": [ 106.7047728, 10.7801835 ] } },
{ "type": "Feature", "properties": { "y": 10.7820352, "x": 106.7063642, "street_count": 3, "highway": null, "ref": null, "relation_id": "19260504" }, "geometry": { "type": "Point", "coordinates": [ 106.7063642, 10.7820352 ] } },
{ "type": "Feature", "properties": { "y": 10.783793, "x": 106.6987827, "street_count": 3, "highway": null, "ref": null, "relation_id": "19260504" }, "geometry": { "type": "Point", "coordinates": [ 106.6987827, 10.783793 ] } },
{ "type": "Feature", "properties": { "y": 10.7836123, "x": 106.6987886, "street_count": 3, "highway": null, "ref": null, "relation_id": "19260504" }, "geometry": { "type": "Point", "coordinates": [ 106.6987886, 10.7836123 ] } },
{ "type": "Feature", "properties": { "y": 10.7813708, "x": 106.7059614, "street_count": 2, "highway": null, "ref": null, "relation_id": "19260504" }, "geometry": { "type": "Point", "coordinates": [ 106.7059614, 10.7813708 ] } },
{ "type": "Feature", "properties": { "y": 10.788173, "x": 106.7031283, "street_count": 3, "highway": null, "ref": null, "relation_id": "19260504" }, "geometry": { "type": "Point", "coordinates": [ 106.7031283, 10.788173 ] } },
{ "type": "Feature", "properties": { "y": 10.7862349, "x": 106.70399, "street_count": 3, "highway": null, "ref": null, "relation_id": "19260504" }, "geometry": { "type": "Point", "coordinates": [ 106.70399, 10.7862349 ] } },
{ "type": "Feature", "properties": { "y": 10.7861785, "x": 106.7040512, "street_count": 3, "highway": null, "ref": null, "relation_id": "19260504" }, "geometry": { "type": "Point", "coordinates": [ 106.7040512, 10.7861785 ] } },
{ "type": "Feature", "properties": { "y": 10.7815337, "x": 106.6995731, "street_count": 4, "highway": null, "ref": null, "relation_id": "19260504" }, "geometry": { "type": "Point", "coordinates": [ 106.6995731, 10.7815337 ] } },
{ "type": "Feature", "properties": { "y": 10.7809094, "x": 106.6990055, "street_count": 3, "highway": null, "ref": null, "relation_id": "19260504" }, "geometry": { "type": "Point", "coordinates": [ 106.6990055, 10.7809094 ] } },
{ "type": "Feature", "properties": { "y": 10.7808551, "x": 106.6990668, "street_count": 3, "highway": null, "ref": null, "relation_id": "19260504" }, "geometry": { "type": "Point", "coordinates": [ 106.6990668, 10.7808551 ] } },
{ "type": "Feature", "properties": { "y": 10.7851309, "x": 106.7030685, "street_count": 4, "highway": null, "ref": null, "relation_id": "19260504" }, "geometry": { "type": "Point", "coordinates": [ 106.7030685, 10.7851309 ] } },
{ "type": "Feature", "properties": { "y": 10.7851975, "x": 106.7030012, "street_count": 4, "highway": null, "ref": null, "relation_id": "19260504" }, "geometry": { "type": "Point", "coordinates": [ 106.7030012, 10.7851975 ] } },
{ "type": "Feature", "properties": { "y": 10.7832096, "x": 106.7011503, "street_count": 4, "highway": null, "ref": null, "relation_id": "19260504" }, "geometry": { "type": "Point", "coordinates": [ 106.7011503, 10.7832096 ] } },
{ "type": "Feature", "properties": { "y": 10.7811691, "x": 106.6992435, "street_count": 3, "highway": null, "ref": null, "relation_id": "19260504" }, "geometry": { "type": "Point", "coordinates": [ 106.6992435, 10.7811691 ] } },
{ "type": "Feature", "properties": { "y": 10.7811132, "x": 106.6993049, "street_count": 3, "highway": null, "ref": null, "relation_id": "19260504" }, "geometry": { "type": "Point", "coordinates": [ 106.6993049, 10.7811132 ] } },
{ "type": "Feature", "properties": { "y": 10.7820592, "x": 106.7000549, "street_count": 3, "highway": null, "ref": null, "relation_id": "19260504" }, "geometry": { "type": "Point", "coordinates": [ 106.7000549, 10.7820592 ] } },
{ "type": "Feature", "properties": { "y": 10.782409, "x": 106.7003807, "street_count": 3, "highway": null, "ref": null, "relation_id": "19260504" }, "geometry": { "type": "Point", "coordinates": [ 106.7003807, 10.782409 ] } },
{ "type": "Feature", "properties": { "y": 10.7827885, "x": 106.7007563, "street_count": 3, "highway": null, "ref": null, "relation_id": "19260504" }, "geometry": { "type": "Point", "coordinates": [ 106.7007563, 10.7827885 ] } },
{ "type": "Feature", "properties": { "y": 10.7827374, "x": 106.700811, "street_count": 3, "highway": null, "ref": null, "relation_id": "19260504" }, "geometry": { "type": "Point", "coordinates": [ 106.700811, 10.7827374 ] } },
{ "type": "Feature", "properties": { "y": 10.7852943, "x": 106.7030967, "street_count": 4, "highway": null, "ref": null, "relation_id": "19260504" }, "geometry": { "type": "Point", "coordinates": [ 106.7030967, 10.7852943 ] } },
{ "type": "Feature", "properties": { "y": 10.7742525, "x": 106.7050468, "street_count": 3, "highway": null, "ref": null, "relation_id": "19260504" }, "geometry": { "type": "Point", "coordinates": [ 106.7050468, 10.7742525 ] } },
{ "type": "Feature", "properties": { "y": 10.7831596, "x": 106.7066557, "street_count": 3, "highway": null, "ref": null, "relation_id": "19260504" }, "geometry": { "type": "Point", "coordinates": [ 106.7066557, 10.7831596 ] } },
{ "type": "Feature", "properties": { "y": 10.7832668, "x": 106.7068472, "street_count": 3, "highway": null, "ref": null, "relation_id": "19260504" }, "geometry": { "type": "Point", "coordinates": [ 106.7068472, 10.7832668 ] } },
{ "type": "Feature", "properties": { "y": 10.7842541, "x": 106.7078854, "street_count": 3, "highway": null, "ref": null, "relation_id": "19260504" }, "geometry": { "type": "Point", "coordinates": [ 106.7078854, 10.7842541 ] } },
{ "type": "Feature", "properties": { "y": 10.7846174, "x": 106.7081979, "street_count": 3, "highway": null, "ref": null, "relation_id": "19260504" }, "geometry": { "type": "Point", "coordinates": [ 106.7081979, 10.7846174 ] } },
{ "type": "Feature", "properties": { "y": 10.7876598, "x": 106.7025516, "street_count": 3, "highway": null, "ref": null, "relation_id": "19260504" }, "geometry": { "type": "Point", "coordinates": [ 106.7025516, 10.7876598 ] } },
{ "type": "Feature", "properties": { "y": 10.7872823, "x": 106.7021947, "street_count": 3, "highway": null, "ref": null, "relation_id": "19260504" }, "geometry": { "type": "Point", "coordinates": [ 106.7021947, 10.7872823 ] } },
{ "type": "Feature", "properties": { "y": 10.7845033, "x": 106.7039333, "street_count": 3, "highway": null, "ref": null, "relation_id": "19260504" }, "geometry": { "type": "Point", "coordinates": [ 106.7039333, 10.7845033 ] } },
{ "type": "Feature", "properties": { "y": 10.78441, "x": 106.7038502, "street_count": 3, "highway": null, "ref": null, "relation_id": "19260504" }, "geometry": { "type": "Point", "coordinates": [ 106.7038502, 10.78441 ] } },
{ "type": "Feature", "properties": { "y": 10.787102, "x": 106.7048614, "street_count": 3, "highway": null, "ref": null, "relation_id": "19260504" }, "geometry": { "type": "Point", "coordinates": [ 106.7048614, 10.787102 ] } },
{ "type": "Feature", "properties": { "y": 10.7917894, "x": 106.7037452, "street_count": 3, "highway": null, "ref": null, "relation_id": "19260504" }, "geometry": { "type": "Point", "coordinates": [ 106.7037452, 10.7917894 ] } },
{ "type": "Feature", "properties": { "y": 10.7916295, "x": 106.7037025, "street_count": 3, "highway": null, "ref": null, "relation_id": "19260504" }, "geometry": { "type": "Point", "coordinates": [ 106.7037025, 10.7916295 ] } },
{ "type": "Feature", "properties": { "y": 10.7917285, "x": 106.7040231, "street_count": 3, "highway": null, "ref": null, "relation_id": "19260504" }, "geometry": { "type": "Point", "coordinates": [ 106.7040231, 10.7917285 ] } },
{ "type": "Feature", "properties": { "y": 10.7915795, "x": 106.7039817, "street_count": 3, "highway": null, "ref": null, "relation_id": "19260504" }, "geometry": { "type": "Point", "coordinates": [ 106.7039817, 10.7915795 ] } },
{ "type": "Feature", "properties": { "y": 10.7827922, "x": 106.7008622, "street_count": 3, "highway": null, "ref": null, "relation_id": "19260504" }, "geometry": { "type": "Point", "coordinates": [ 106.7008622, 10.7827922 ] } },
{ "type": "Feature", "properties": { "y": 10.7828443, "x": 106.7008098, "street_count": 3, "highway": null, "ref": null, "relation_id": "19260504" }, "geometry": { "type": "Point", "coordinates": [ 106.7008098, 10.7828443 ] } },
{ "type": "Feature", "properties": { "y": 10.7803752, "x": 106.6985561, "street_count": 3, "highway": null, "ref": null, "relation_id": "19260504" }, "geometry": { "type": "Point", "coordinates": [ 106.6985561, 10.7803752 ] } },
{ "type": "Feature", "properties": { "y": 10.7806384, "x": 106.6988612, "street_count": 3, "highway": null, "ref": null, "relation_id": "19260504" }, "geometry": { "type": "Point", "coordinates": [ 106.6988612, 10.7806384 ] } },
{ "type": "Feature", "properties": { "y": 10.7839445, "x": 106.6990912, "street_count": 3, "highway": null, "ref": null, "relation_id": "19260504" }, "geometry": { "type": "Point", "coordinates": [ 106.6990912, 10.7839445 ] } },
{ "type": "Feature", "properties": { "y": 10.7799834, "x": 106.6984256, "street_count": 3, "highway": null, "ref": null, "relation_id": "19260504" }, "geometry": { "type": "Point", "coordinates": [ 106.6984256, 10.7799834 ] } },
{ "type": "Feature", "properties": { "y": 10.7800142, "x": 106.698205, "street_count": 3, "highway": null, "ref": null, "relation_id": "19260504" }, "geometry": { "type": "Point", "coordinates": [ 106.698205, 10.7800142 ] } },
{ "type": "Feature", "properties": { "y": 10.7711125, "x": 106.7043045, "street_count": 3, "highway": null, "ref": null, "relation_id": "19260504" }, "geometry": { "type": "Point", "coordinates": [ 106.7043045, 10.7711125 ] } },
{ "type": "Feature", "properties": { "y": 10.7865751, "x": 106.7015969, "street_count": 3, "highway": null, "ref": null, "relation_id": "19260504" }, "geometry": { "type": "Point", "coordinates": [ 106.7015969, 10.7865751 ] } },
{ "type": "Feature", "properties": { "y": 10.7862715, "x": 106.701946, "street_count": 3, "highway": null, "ref": null, "relation_id": "19260504" }, "geometry": { "type": "Point", "coordinates": [ 106.701946, 10.7862715 ] } },
{ "type": "Feature", "properties": { "y": 10.7814915, "x": 106.7074111, "street_count": 3, "highway": null, "ref": null, "relation_id": "19260504" }, "geometry": { "type": "Point", "coordinates": [ 106.7074111, 10.7814915 ] } },
{ "type": "Feature", "properties": { "y": 10.781733, "x": 106.7071493, "street_count": 3, "highway": null, "ref": null, "relation_id": "19260504" }, "geometry": { "type": "Point", "coordinates": [ 106.7071493, 10.781733 ] } },
{ "type": "Feature", "properties": { "y": 10.7874184, "x": 106.6883239, "street_count": 4, "highway": null, "ref": null, "relation_id": "19260546" }, "geometry": { "type": "Point", "coordinates": [ 106.6883239, 10.7874184 ] } },
{ "type": "Feature", "properties": { "y": 10.778537, "x": 106.6865528, "street_count": 3, "highway": null, "ref": null, "relation_id": "19260546" }, "geometry": { "type": "Point", "coordinates": [ 106.6865528, 10.778537 ] } },
{ "type": "Feature", "properties": { "y": 10.7789815, "x": 106.6860728, "street_count": 4, "highway": null, "ref": null, "relation_id": "19260546" }, "geometry": { "type": "Point", "coordinates": [ 106.6860728, 10.7789815 ] } },
{ "type": "Feature", "properties": { "y": 10.7907006, "x": 106.6884139, "street_count": 3, "highway": null, "ref": null, "relation_id": "19260546" }, "geometry": { "type": "Point", "coordinates": [ 106.6884139, 10.7907006 ] } },
{ "type": "Feature", "properties": { "y": 10.7823428, "x": 106.695672, "street_count": 3, "highway": null, "ref": null, "relation_id": "19260546" }, "geometry": { "type": "Point", "coordinates": [ 106.695672, 10.7823428 ] } },
{ "type": "Feature", "properties": { "y": 10.7885505, "x": 106.6911219, "street_count": 3, "highway": null, "ref": null, "relation_id": "19260546" }, "geometry": { "type": "Point", "coordinates": [ 106.6911219, 10.7885505 ] } },
{ "type": "Feature", "properties": { "y": 10.778205, "x": 106.690781, "street_count": 1, "highway": null, "ref": null, "relation_id": "19260546" }, "geometry": { "type": "Point", "coordinates": [ 106.690781, 10.778205 ] } },
{ "type": "Feature", "properties": { "y": 10.7777162, "x": 106.6913317, "street_count": 3, "highway": null, "ref": null, "relation_id": "19260546" }, "geometry": { "type": "Point", "coordinates": [ 106.6913317, 10.7777162 ] } },
{ "type": "Feature", "properties": { "y": 10.7843752, "x": 106.6940453, "street_count": 3, "highway": null, "ref": null, "relation_id": "19260546" }, "geometry": { "type": "Point", "coordinates": [ 106.6940453, 10.7843752 ] } },
{ "type": "Feature", "properties": { "y": 10.782993, "x": 106.6919092, "street_count": 1, "highway": null, "ref": null, "relation_id": "19260546" }, "geometry": { "type": "Point", "coordinates": [ 106.6919092, 10.782993 ] } },
{ "type": "Feature", "properties": { "y": 10.783741, "x": 106.6923323, "street_count": 3, "highway": null, "ref": null, "relation_id": "19260546" }, "geometry": { "type": "Point", "coordinates": [ 106.6923323, 10.783741 ] } },
{ "type": "Feature", "properties": { "y": 10.7833233, "x": 106.6919548, "street_count": 1, "highway": null, "ref": null, "relation_id": "19260546" }, "geometry": { "type": "Point", "coordinates": [ 106.6919548, 10.7833233 ] } },
{ "type": "Feature", "properties": { "y": 10.7829847, "x": 106.691294, "street_count": 3, "highway": null, "ref": null, "relation_id": "19260546" }, "geometry": { "type": "Point", "coordinates": [ 106.691294, 10.7829847 ] } },
{ "type": "Feature", "properties": { "y": 10.7833338, "x": 106.6916398, "street_count": 1, "highway": null, "ref": null, "relation_id": "19260546" }, "geometry": { "type": "Point", "coordinates": [ 106.6916398, 10.7833338 ] } },
{ "type": "Feature", "properties": { "y": 10.7802238, "x": 106.6895501, "street_count": 4, "highway": null, "ref": null, "relation_id": "19260546" }, "geometry": { "type": "Point", "coordinates": [ 106.6895501, 10.7802238 ] } },
{ "type": "Feature", "properties": { "y": 10.783497, "x": 106.693367, "street_count": 1, "highway": null, "ref": null, "relation_id": "19260546" }, "geometry": { "type": "Point", "coordinates": [ 106.693367, 10.783497 ] } },
{ "type": "Feature", "properties": { "y": 10.78312, "x": 106.693016, "street_count": 3, "highway": null, "ref": null, "relation_id": "19260546" }, "geometry": { "type": "Point", "coordinates": [ 106.693016, 10.78312 ] } },
{ "type": "Feature", "properties": { "y": 10.7761492, "x": 106.687907, "street_count": 3, "highway": null, "ref": null, "relation_id": "19260546" }, "geometry": { "type": "Point", "coordinates": [ 106.687907, 10.7761492 ] } },
{ "type": "Feature", "properties": { "y": 10.7776034, "x": 106.6831766, "street_count": 3, "highway": null, "ref": null, "relation_id": "19260546" }, "geometry": { "type": "Point", "coordinates": [ 106.6831766, 10.7776034 ] } },
{ "type": "Feature", "properties": { "y": 10.7768944, "x": 106.6838744, "street_count": 3, "highway": null, "ref": null, "relation_id": "19260546" }, "geometry": { "type": "Point", "coordinates": [ 106.6838744, 10.7768944 ] } },
{ "type": "Feature", "properties": { "y": 10.7831971, "x": 106.6863082, "street_count": 3, "highway": null, "ref": null, "relation_id": "19260546" }, "geometry": { "type": "Point", "coordinates": [ 106.6863082, 10.7831971 ] } },
{ "type": "Feature", "properties": { "y": 10.7874943, "x": 106.6915611, "street_count": 3, "highway": null, "ref": null, "relation_id": "19260546" }, "geometry": { "type": "Point", "coordinates": [ 106.6915611, 10.7874943 ] } },
{ "type": "Feature", "properties": { "y": 10.7833377, "x": 106.6866075, "street_count": 3, "highway": null, "ref": null, "relation_id": "19260546" }, "geometry": { "type": "Point", "coordinates": [ 106.6866075, 10.7833377 ] } },
{ "type": "Feature", "properties": { "y": 10.7899798, "x": 106.6893182, "street_count": 3, "highway": null, "ref": null, "relation_id": "19260546" }, "geometry": { "type": "Point", "coordinates": [ 106.6893182, 10.7899798 ] } },
{ "type": "Feature", "properties": { "y": 10.7823656, "x": 106.6962441, "street_count": 3, "highway": null, "ref": null, "relation_id": "19260546" }, "geometry": { "type": "Point", "coordinates": [ 106.6962441, 10.7823656 ] } },
{ "type": "Feature", "properties": { "y": 10.7793943, "x": 106.6929296, "street_count": 4, "highway": null, "ref": null, "relation_id": "19260546" }, "geometry": { "type": "Point", "coordinates": [ 106.6929296, 10.7793943 ] } },
{ "type": "Feature", "properties": { "y": 10.7759463, "x": 106.6869866, "street_count": 3, "highway": null, "ref": null, "relation_id": "19260546" }, "geometry": { "type": "Point", "coordinates": [ 106.6869866, 10.7759463 ] } },
{ "type": "Feature", "properties": { "y": 10.7776602, "x": 106.6819378, "street_count": 3, "highway": null, "ref": null, "relation_id": "19260546" }, "geometry": { "type": "Point", "coordinates": [ 106.6819378, 10.7776602 ] } },
{ "type": "Feature", "properties": { "y": 10.7870592, "x": 106.6911313, "street_count": 3, "highway": "traffic_signals", "ref": null, "relation_id": "19260546" }, "geometry": { "type": "Point", "coordinates": [ 106.6911313, 10.7870592 ] } },
{ "type": "Feature", "properties": { "y": 10.7857931, "x": 106.6816069, "street_count": 4, "highway": null, "ref": null, "relation_id": "19260546" }, "geometry": { "type": "Point", "coordinates": [ 106.6816069, 10.7857931 ] } },
{ "type": "Feature", "properties": { "y": 10.7913978, "x": 106.6825298, "street_count": 3, "highway": null, "ref": null, "relation_id": "19260546" }, "geometry": { "type": "Point", "coordinates": [ 106.6825298, 10.7913978 ] } },
{ "type": "Feature", "properties": { "y": 10.7882102, "x": 106.6887654, "street_count": 3, "highway": null, "ref": null, "relation_id": "19260546" }, "geometry": { "type": "Point", "coordinates": [ 106.6887654, 10.7882102 ] } },
{ "type": "Feature", "properties": { "y": 10.7898736, "x": 106.6826419, "street_count": 1, "highway": null, "ref": null, "relation_id": "19260546" }, "geometry": { "type": "Point", "coordinates": [ 106.6826419, 10.7898736 ] } },
{ "type": "Feature", "properties": { "y": 10.7861229, "x": 106.685571, "street_count": 3, "highway": null, "ref": null, "relation_id": "19260546" }, "geometry": { "type": "Point", "coordinates": [ 106.685571, 10.7861229 ] } },
{ "type": "Feature", "properties": { "y": 10.7917445, "x": 106.683321, "street_count": 1, "highway": null, "ref": null, "relation_id": "19260546" }, "geometry": { "type": "Point", "coordinates": [ 106.683321, 10.7917445 ] } },
{ "type": "Feature", "properties": { "y": 10.7900062, "x": 106.6846042, "street_count": 3, "highway": null, "ref": null, "relation_id": "19260546" }, "geometry": { "type": "Point", "coordinates": [ 106.6846042, 10.7900062 ] } },
{ "type": "Feature", "properties": { "y": 10.790286, "x": 106.684318, "street_count": 3, "highway": null, "ref": null, "relation_id": "19260546" }, "geometry": { "type": "Point", "coordinates": [ 106.684318, 10.790286 ] } },
{ "type": "Feature", "properties": { "y": 10.790416, "x": 106.6844464, "street_count": 3, "highway": null, "ref": null, "relation_id": "19260546" }, "geometry": { "type": "Point", "coordinates": [ 106.6844464, 10.790416 ] } },
{ "type": "Feature", "properties": { "y": 10.7905822, "x": 106.6846055, "street_count": 3, "highway": null, "ref": null, "relation_id": "19260546" }, "geometry": { "type": "Point", "coordinates": [ 106.6846055, 10.7905822 ] } },
{ "type": "Feature", "properties": { "y": 10.7902169, "x": 106.6863677, "street_count": 3, "highway": null, "ref": null, "relation_id": "19260546" }, "geometry": { "type": "Point", "coordinates": [ 106.6863677, 10.7902169 ] } },
{ "type": "Feature", "properties": { "y": 10.7910212, "x": 106.6838795, "street_count": 3, "highway": null, "ref": null, "relation_id": "19260546" }, "geometry": { "type": "Point", "coordinates": [ 106.6838795, 10.7910212 ] } },
{ "type": "Feature", "properties": { "y": 10.7908868, "x": 106.6837467, "street_count": 4, "highway": null, "ref": null, "relation_id": "19260546" }, "geometry": { "type": "Point", "coordinates": [ 106.6837467, 10.7908868 ] } },
{ "type": "Feature", "properties": { "y": 10.7907393, "x": 106.6836072, "street_count": 3, "highway": null, "ref": null, "relation_id": "19260546" }, "geometry": { "type": "Point", "coordinates": [ 106.6836072, 10.7907393 ] } },
{ "type": "Feature", "properties": { "y": 10.7904178, "x": 106.6833068, "street_count": 3, "highway": null, "ref": null, "relation_id": "19260546" }, "geometry": { "type": "Point", "coordinates": [ 106.6833068, 10.7904178 ] } },
{ "type": "Feature", "properties": { "y": 10.7746832, "x": 106.6875255, "street_count": 4, "highway": null, "ref": null, "relation_id": "19260546" }, "geometry": { "type": "Point", "coordinates": [ 106.6875255, 10.7746832 ] } },
{ "type": "Feature", "properties": { "y": 10.7908309, "x": 106.6828556, "street_count": 3, "highway": null, "ref": null, "relation_id": "19260546" }, "geometry": { "type": "Point", "coordinates": [ 106.6828556, 10.7908309 ] } },
{ "type": "Feature", "properties": { "y": 10.7847198, "x": 106.6835716, "street_count": 3, "highway": null, "ref": null, "relation_id": "19260546" }, "geometry": { "type": "Point", "coordinates": [ 106.6835716, 10.7847198 ] } },
{ "type": "Feature", "properties": { "y": 10.790621, "x": 106.684305, "street_count": 1, "highway": null, "ref": null, "relation_id": "19260546" }, "geometry": { "type": "Point", "coordinates": [ 106.684305, 10.790621 ] } },
{ "type": "Feature", "properties": { "y": 10.7893734, "x": 106.688528, "street_count": 1, "highway": null, "ref": null, "relation_id": "19260546" }, "geometry": { "type": "Point", "coordinates": [ 106.688528, 10.7893734 ] } },
{ "type": "Feature", "properties": { "y": 10.7901544, "x": 106.6890874, "street_count": 3, "highway": null, "ref": null, "relation_id": "19260546" }, "geometry": { "type": "Point", "coordinates": [ 106.6890874, 10.7901544 ] } },
{ "type": "Feature", "properties": { "y": 10.7781848, "x": 106.6917672, "street_count": 3, "highway": null, "ref": null, "relation_id": "19260546" }, "geometry": { "type": "Point", "coordinates": [ 106.6917672, 10.7781848 ] } },
{ "type": "Feature", "properties": { "y": 10.7849624, "x": 106.6830239, "street_count": 4, "highway": null, "ref": null, "relation_id": "19260546" }, "geometry": { "type": "Point", "coordinates": [ 106.6830239, 10.7849624 ] } },
{ "type": "Feature", "properties": { "y": 10.7895944, "x": 106.6841839, "street_count": 4, "highway": null, "ref": null, "relation_id": "19260546" }, "geometry": { "type": "Point", "coordinates": [ 106.6841839, 10.7895944 ] } },
{ "type": "Feature", "properties": { "y": 10.7897972, "x": 106.6843824, "street_count": 3, "highway": null, "ref": null, "relation_id": "19260546" }, "geometry": { "type": "Point", "coordinates": [ 106.6843824, 10.7897972 ] } },
{ "type": "Feature", "properties": { "y": 10.7774342, "x": 106.6900761, "street_count": 3, "highway": null, "ref": null, "relation_id": "19260546" }, "geometry": { "type": "Point", "coordinates": [ 106.6900761, 10.7774342 ] } },
{ "type": "Feature", "properties": { "y": 10.7912145, "x": 106.6833835, "street_count": 1, "highway": null, "ref": null, "relation_id": "19260546" }, "geometry": { "type": "Point", "coordinates": [ 106.6833835, 10.7912145 ] } },
{ "type": "Feature", "properties": { "y": 10.7904278, "x": 106.6842352, "street_count": 1, "highway": null, "ref": null, "relation_id": "19260546" }, "geometry": { "type": "Point", "coordinates": [ 106.6842352, 10.7904278 ] } },
{ "type": "Feature", "properties": { "y": 10.776467, "x": 106.6911352, "street_count": 3, "highway": null, "ref": null, "relation_id": "19260546" }, "geometry": { "type": "Point", "coordinates": [ 106.6911352, 10.776467 ] } },
{ "type": "Feature", "properties": { "y": 10.786164, "x": 106.6846106, "street_count": 3, "highway": null, "ref": null, "relation_id": "19260546" }, "geometry": { "type": "Point", "coordinates": [ 106.6846106, 10.786164 ] } },
{ "type": "Feature", "properties": { "y": 10.7769873, "x": 106.6916317, "street_count": 1, "highway": null, "ref": null, "relation_id": "19260546" }, "geometry": { "type": "Point", "coordinates": [ 106.6916317, 10.7769873 ] } },
{ "type": "Feature", "properties": { "y": 10.7782562, "x": 106.6891758, "street_count": 3, "highway": null, "ref": null, "relation_id": "19260546" }, "geometry": { "type": "Point", "coordinates": [ 106.6891758, 10.7782562 ] } },
{ "type": "Feature", "properties": { "y": 10.7894085, "x": 106.6872327, "street_count": 3, "highway": null, "ref": null, "relation_id": "19260546" }, "geometry": { "type": "Point", "coordinates": [ 106.6872327, 10.7894085 ] } },
{ "type": "Feature", "properties": { "y": 10.7769384, "x": 106.6906189, "street_count": 4, "highway": null, "ref": null, "relation_id": "19260546" }, "geometry": { "type": "Point", "coordinates": [ 106.6906189, 10.7769384 ] } },
{ "type": "Feature", "properties": { "y": 10.7757532, "x": 106.6895684, "street_count": 4, "highway": null, "ref": null, "relation_id": "19260546" }, "geometry": { "type": "Point", "coordinates": [ 106.6895684, 10.7757532 ] } },
{ "type": "Feature", "properties": { "y": 10.7791401, "x": 106.6907264, "street_count": 4, "highway": null, "ref": null, "relation_id": "19260546" }, "geometry": { "type": "Point", "coordinates": [ 106.6907264, 10.7791401 ] } },
{ "type": "Feature", "properties": { "y": 10.781467, "x": 106.6948334, "street_count": 4, "highway": "traffic_signals", "ref": null, "relation_id": "19260546" }, "geometry": { "type": "Point", "coordinates": [ 106.6948334, 10.781467 ] } },
{ "type": "Feature", "properties": { "y": 10.7817005, "x": 106.6969717, "street_count": 4, "highway": "traffic_signals", "ref": null, "relation_id": "19260546" }, "geometry": { "type": "Point", "coordinates": [ 106.6969717, 10.7817005 ] } },
{ "type": "Feature", "properties": { "y": 10.791433, "x": 106.6874992, "street_count": 3, "highway": null, "ref": null, "relation_id": "19260546" }, "geometry": { "type": "Point", "coordinates": [ 106.6874992, 10.791433 ] } },
{ "type": "Feature", "properties": { "y": 10.7785259, "x": 106.6901398, "street_count": 3, "highway": null, "ref": null, "relation_id": "19260546" }, "geometry": { "type": "Point", "coordinates": [ 106.6901398, 10.7785259 ] } },
{ "type": "Feature", "properties": { "y": 10.7796331, "x": 106.688964, "street_count": 3, "highway": null, "ref": null, "relation_id": "19260546" }, "geometry": { "type": "Point", "coordinates": [ 106.688964, 10.7796331 ] } },
{ "type": "Feature", "properties": { "y": 10.7755933, "x": 106.6858246, "street_count": 3, "highway": null, "ref": null, "relation_id": "19260546" }, "geometry": { "type": "Point", "coordinates": [ 106.6858246, 10.7755933 ] } },
{ "type": "Feature", "properties": { "y": 10.7888242, "x": 106.6907681, "street_count": 3, "highway": null, "ref": null, "relation_id": "19260546" }, "geometry": { "type": "Point", "coordinates": [ 106.6907681, 10.7888242 ] } },
{ "type": "Feature", "properties": { "y": 10.7774209, "x": 106.6853982, "street_count": 3, "highway": null, "ref": null, "relation_id": "19260546" }, "geometry": { "type": "Point", "coordinates": [ 106.6853982, 10.7774209 ] } },
{ "type": "Feature", "properties": { "y": 10.7765016, "x": 106.686457, "street_count": 3, "highway": null, "ref": null, "relation_id": "19260546" }, "geometry": { "type": "Point", "coordinates": [ 106.686457, 10.7765016 ] } },
{ "type": "Feature", "properties": { "y": 10.7860641, "x": 106.6933006, "street_count": 3, "highway": null, "ref": null, "relation_id": "19260546" }, "geometry": { "type": "Point", "coordinates": [ 106.6933006, 10.7860641 ] } },
{ "type": "Feature", "properties": { "y": 10.7789053, "x": 106.6830576, "street_count": 4, "highway": "traffic_signals", "ref": null, "relation_id": "19260546" }, "geometry": { "type": "Point", "coordinates": [ 106.6830576, 10.7789053 ] } },
{ "type": "Feature", "properties": { "y": 10.7771974, "x": 106.6841936, "street_count": 3, "highway": null, "ref": null, "relation_id": "19260546" }, "geometry": { "type": "Point", "coordinates": [ 106.6841936, 10.7771974 ] } },
{ "type": "Feature", "properties": { "y": 10.7771139, "x": 106.6880944, "street_count": 4, "highway": null, "ref": null, "relation_id": "19260546" }, "geometry": { "type": "Point", "coordinates": [ 106.6880944, 10.7771139 ] } },
{ "type": "Feature", "properties": { "y": 10.7859074, "x": 106.6899935, "street_count": 4, "highway": "traffic_signals", "ref": null, "relation_id": "19260546" }, "geometry": { "type": "Point", "coordinates": [ 106.6899935, 10.7859074 ] } },
{ "type": "Feature", "properties": { "y": 10.7814734, "x": 106.6929429, "street_count": 4, "highway": "traffic_signals", "ref": null, "relation_id": "19260546" }, "geometry": { "type": "Point", "coordinates": [ 106.6929429, 10.7814734 ] } },
{ "type": "Feature", "properties": { "y": 10.7783866, "x": 106.6839633, "street_count": 4, "highway": null, "ref": null, "relation_id": "19260546" }, "geometry": { "type": "Point", "coordinates": [ 106.6839633, 10.7783866 ] } },
{ "type": "Feature", "properties": { "y": 10.7812847, "x": 106.6854156, "street_count": 4, "highway": null, "ref": null, "relation_id": "19260546" }, "geometry": { "type": "Point", "coordinates": [ 106.6854156, 10.7812847 ] } },
{ "type": "Feature", "properties": { "y": 10.7805422, "x": 106.6939507, "street_count": 4, "highway": "traffic_signals", "ref": null, "relation_id": "19260546" }, "geometry": { "type": "Point", "coordinates": [ 106.6939507, 10.7805422 ] } },
{ "type": "Feature", "properties": { "y": 10.7839127, "x": 106.6880199, "street_count": 3, "highway": null, "ref": null, "relation_id": "19260546" }, "geometry": { "type": "Point", "coordinates": [ 106.6880199, 10.7839127 ] } },
{ "type": "Feature", "properties": { "y": 10.786401, "x": 106.6876762, "street_count": 4, "highway": null, "ref": null, "relation_id": "19260546" }, "geometry": { "type": "Point", "coordinates": [ 106.6876762, 10.786401 ] } },
{ "type": "Feature", "properties": { "y": 10.79047, "x": 106.683902, "street_count": 1, "highway": null, "ref": null, "relation_id": "19260546" }, "geometry": { "type": "Point", "coordinates": [ 106.683902, 10.79047 ] } },
{ "type": "Feature", "properties": { "y": 10.7898473, "x": 106.683905, "street_count": 3, "highway": null, "ref": null, "relation_id": "19260546" }, "geometry": { "type": "Point", "coordinates": [ 106.683905, 10.7898473 ] } },
{ "type": "Feature", "properties": { "y": 10.7912438, "x": 106.6877407, "street_count": 3, "highway": null, "ref": null, "relation_id": "19260546" }, "geometry": { "type": "Point", "coordinates": [ 106.6877407, 10.7912438 ] } },
{ "type": "Feature", "properties": { "y": 10.789409, "x": 106.6900344, "street_count": 3, "highway": null, "ref": null, "relation_id": "19260546" }, "geometry": { "type": "Point", "coordinates": [ 106.6900344, 10.789409 ] } },
{ "type": "Feature", "properties": { "y": 10.7823954, "x": 106.6896689, "street_count": 4, "highway": "traffic_signals", "ref": null, "relation_id": "19260546" }, "geometry": { "type": "Point", "coordinates": [ 106.6896689, 10.7823954 ] } },
{ "type": "Feature", "properties": { "y": 10.7772057, "x": 106.6827702, "street_count": 3, "highway": null, "ref": null, "relation_id": "19260546" }, "geometry": { "type": "Point", "coordinates": [ 106.6827702, 10.7772057 ] } },
{ "type": "Feature", "properties": { "y": 10.7812471, "x": 106.6884593, "street_count": 4, "highway": null, "ref": null, "relation_id": "19260546" }, "geometry": { "type": "Point", "coordinates": [ 106.6884593, 10.7812471 ] } },
{ "type": "Feature", "properties": { "y": 10.7855325, "x": 106.6927888, "street_count": 4, "highway": "traffic_signals", "ref": null, "relation_id": "19260546" }, "geometry": { "type": "Point", "coordinates": [ 106.6927888, 10.7855325 ] } },
{ "type": "Feature", "properties": { "y": 10.7907571, "x": 106.688343, "street_count": 3, "highway": null, "ref": null, "relation_id": "19260546" }, "geometry": { "type": "Point", "coordinates": [ 106.688343, 10.7907571 ] } },
{ "type": "Feature", "properties": { "y": 10.7758973, "x": 106.6852571, "street_count": 4, "highway": null, "ref": null, "relation_id": "19260546" }, "geometry": { "type": "Point", "coordinates": [ 106.6852571, 10.7758973 ] } },
{ "type": "Feature", "properties": { "y": 10.7762842, "x": 106.6889932, "street_count": 4, "highway": null, "ref": null, "relation_id": "19260546" }, "geometry": { "type": "Point", "coordinates": [ 106.6889932, 10.7762842 ] } },
{ "type": "Feature", "properties": { "y": 10.7855769, "x": 106.6948653, "street_count": 3, "highway": null, "ref": null, "relation_id": "19260546" }, "geometry": { "type": "Point", "coordinates": [ 106.6948653, 10.7855769 ] } },
{ "type": "Feature", "properties": { "y": 10.7886239, "x": 106.6852701, "street_count": 4, "highway": null, "ref": null, "relation_id": "19260546" }, "geometry": { "type": "Point", "coordinates": [ 106.6852701, 10.7886239 ] } },
{ "type": "Feature", "properties": { "y": 10.7752884, "x": 106.6863923, "street_count": 4, "highway": null, "ref": null, "relation_id": "19260546" }, "geometry": { "type": "Point", "coordinates": [ 106.6863923, 10.7752884 ] } },
{ "type": "Feature", "properties": { "y": 10.7803576, "x": 106.6918829, "street_count": 4, "highway": null, "ref": null, "relation_id": "19260546" }, "geometry": { "type": "Point", "coordinates": [ 106.6918829, 10.7803576 ] } },
{ "type": "Feature", "properties": { "y": 10.7814155, "x": 106.6907327, "street_count": 4, "highway": null, "ref": null, "relation_id": "19260546" }, "geometry": { "type": "Point", "coordinates": [ 106.6907327, 10.7814155 ] } },
{ "type": "Feature", "properties": { "y": 10.7819798, "x": 106.6876492, "street_count": 4, "highway": null, "ref": null, "relation_id": "19260546" }, "geometry": { "type": "Point", "coordinates": [ 106.6876492, 10.7819798 ] } },
{ "type": "Feature", "properties": { "y": 10.7831517, "x": 106.6888468, "street_count": 4, "highway": null, "ref": null, "relation_id": "19260546" }, "geometry": { "type": "Point", "coordinates": [ 106.6888468, 10.7831517 ] } },
{ "type": "Feature", "properties": { "y": 10.7846634, "x": 106.6959835, "street_count": 4, "highway": "traffic_signals", "ref": null, "relation_id": "19260546" }, "geometry": { "type": "Point", "coordinates": [ 106.6959835, 10.7846634 ] } },
{ "type": "Feature", "properties": { "y": 10.7834531, "x": 106.690783, "street_count": 6, "highway": "traffic_signals", "ref": null, "relation_id": "19260546" }, "geometry": { "type": "Point", "coordinates": [ 106.690783, 10.7834531 ] } },
{ "type": "Feature", "properties": { "y": 10.7743262, "x": 106.6882626, "street_count": 4, "highway": null, "ref": null, "relation_id": "19260546" }, "geometry": { "type": "Point", "coordinates": [ 106.6882626, 10.7743262 ] } },
{ "type": "Feature", "properties": { "y": 10.78238, "x": 106.6938041, "street_count": 4, "highway": null, "ref": null, "relation_id": "19260546" }, "geometry": { "type": "Point", "coordinates": [ 106.6938041, 10.78238 ] } },
{ "type": "Feature", "properties": { "y": 10.78436, "x": 106.6916574, "street_count": 4, "highway": "traffic_signals", "ref": null, "relation_id": "19260546" }, "geometry": { "type": "Point", "coordinates": [ 106.6916574, 10.78436 ] } },
{ "type": "Feature", "properties": { "y": 10.7750424, "x": 106.6868508, "street_count": 4, "highway": null, "ref": null, "relation_id": "19260546" }, "geometry": { "type": "Point", "coordinates": [ 106.6868508, 10.7750424 ] } },
{ "type": "Feature", "properties": { "y": 10.7838024, "x": 106.697051, "street_count": 4, "highway": "traffic_signals", "ref": null, "relation_id": "19260546" }, "geometry": { "type": "Point", "coordinates": [ 106.697051, 10.7838024 ] } },
{ "type": "Feature", "properties": { "y": 10.7835624, "x": 106.6949277, "street_count": 4, "highway": null, "ref": null, "relation_id": "19260546" }, "geometry": { "type": "Point", "coordinates": [ 106.6949277, 10.7835624 ] } },
{ "type": "Feature", "properties": { "y": 10.7829102, "x": 106.69565, "street_count": 3, "highway": null, "ref": null, "relation_id": "19260546" }, "geometry": { "type": "Point", "coordinates": [ 106.69565, 10.7829102 ] } },
{ "type": "Feature", "properties": { "y": 10.7805243, "x": 106.6958645, "street_count": 4, "highway": "traffic_signals", "ref": null, "relation_id": "19260546" }, "geometry": { "type": "Point", "coordinates": [ 106.6958645, 10.7805243 ] } },
{ "type": "Feature", "properties": { "y": 10.7800575, "x": 106.6872062, "street_count": 4, "highway": null, "ref": null, "relation_id": "19260546" }, "geometry": { "type": "Point", "coordinates": [ 106.6872062, 10.7800575 ] } },
{ "type": "Feature", "properties": { "y": 10.7767717, "x": 106.6884651, "street_count": 4, "highway": null, "ref": null, "relation_id": "19260546" }, "geometry": { "type": "Point", "coordinates": [ 106.6884651, 10.7767717 ] } },
{ "type": "Feature", "properties": { "y": 10.7806715, "x": 106.6863121, "street_count": 4, "highway": null, "ref": null, "relation_id": "19260546" }, "geometry": { "type": "Point", "coordinates": [ 106.6863121, 10.7806715 ] } },
{ "type": "Feature", "properties": { "y": 10.7779086, "x": 106.6895565, "street_count": 4, "highway": null, "ref": null, "relation_id": "19260546" }, "geometry": { "type": "Point", "coordinates": [ 106.6895565, 10.7779086 ] } },
{ "type": "Feature", "properties": { "y": 10.7801026, "x": 106.6842442, "street_count": 4, "highway": "traffic_signals", "ref": null, "relation_id": "19260546" }, "geometry": { "type": "Point", "coordinates": [ 106.6842442, 10.7801026 ] } },
{ "type": "Feature", "properties": { "y": 10.779542, "x": 106.6851578, "street_count": 4, "highway": null, "ref": null, "relation_id": "19260546" }, "geometry": { "type": "Point", "coordinates": [ 106.6851578, 10.779542 ] } },
{ "type": "Feature", "properties": { "y": 10.7834895, "x": 106.685973, "street_count": 3, "highway": null, "ref": null, "relation_id": "19260546" }, "geometry": { "type": "Point", "coordinates": [ 106.685973, 10.7834895 ] } },
{ "type": "Feature", "properties": { "y": 10.7827237, "x": 106.6868417, "street_count": 4, "highway": "traffic_signals", "ref": null, "relation_id": "19260546" }, "geometry": { "type": "Point", "coordinates": [ 106.6868417, 10.7827237 ] } },
{ "type": "Feature", "properties": { "y": 10.7829132, "x": 106.6866217, "street_count": 3, "highway": null, "ref": null, "relation_id": "19260546" }, "geometry": { "type": "Point", "coordinates": [ 106.6866217, 10.7829132 ] } },
{ "type": "Feature", "properties": { "y": 10.778085, "x": 106.6816418, "street_count": 3, "highway": null, "ref": null, "relation_id": "19260546" }, "geometry": { "type": "Point", "coordinates": [ 106.6816418, 10.778085 ] } },
{ "type": "Feature", "properties": { "y": 10.7779137, "x": 106.6819605, "street_count": 3, "highway": null, "ref": null, "relation_id": "19260546" }, "geometry": { "type": "Point", "coordinates": [ 106.6819605, 10.7779137 ] } },
{ "type": "Feature", "properties": { "y": 10.7862874, "x": 106.6876058, "street_count": 4, "highway": null, "ref": null, "relation_id": "19260546" }, "geometry": { "type": "Point", "coordinates": [ 106.6876058, 10.7862874 ] } },
{ "type": "Feature", "properties": { "y": 10.7884963, "x": 106.6852127, "street_count": 4, "highway": null, "ref": null, "relation_id": "19260546" }, "geometry": { "type": "Point", "coordinates": [ 106.6852127, 10.7884963 ] } },
{ "type": "Feature", "properties": { "y": 10.790763, "x": 106.6827476, "street_count": 3, "highway": null, "ref": null, "relation_id": "19260546" }, "geometry": { "type": "Point", "coordinates": [ 106.6827476, 10.790763 ] } },
{ "type": "Feature", "properties": { "y": 10.7851938, "x": 106.6890134, "street_count": 3, "highway": null, "ref": null, "relation_id": "19260546" }, "geometry": { "type": "Point", "coordinates": [ 106.6890134, 10.7851938 ] } },
{ "type": "Feature", "properties": { "y": 10.7851125, "x": 106.6888979, "street_count": 3, "highway": null, "ref": null, "relation_id": "19260546" }, "geometry": { "type": "Point", "coordinates": [ 106.6888979, 10.7851125 ] } },
{ "type": "Feature", "properties": { "y": 10.7909129, "x": 106.6825818, "street_count": 3, "highway": null, "ref": null, "relation_id": "19260546" }, "geometry": { "type": "Point", "coordinates": [ 106.6825818, 10.7909129 ] } },
{ "type": "Feature", "properties": { "y": 10.7910067, "x": 106.6826651, "street_count": 3, "highway": null, "ref": null, "relation_id": "19260546" }, "geometry": { "type": "Point", "coordinates": [ 106.6826651, 10.7910067 ] } },
{ "type": "Feature", "properties": { "y": 10.7849642, "x": 106.6890619, "street_count": 5, "highway": "traffic_signals", "ref": null, "relation_id": "19260546" }, "geometry": { "type": "Point", "coordinates": [ 106.6890619, 10.7849642 ] } },
{ "type": "Feature", "properties": { "y": 10.7854649, "x": 106.6895565, "street_count": 3, "highway": null, "ref": null, "relation_id": "19260546" }, "geometry": { "type": "Point", "coordinates": [ 106.6895565, 10.7854649 ] } },
{ "type": "Feature", "properties": { "y": 10.7895101, "x": 106.6841035, "street_count": 3, "highway": null, "ref": null, "relation_id": "19260546" }, "geometry": { "type": "Point", "coordinates": [ 106.6841035, 10.7895101 ] } },
{ "type": "Feature", "properties": { "y": 10.7841642, "x": 106.6898816, "street_count": 4, "highway": null, "ref": null, "relation_id": "19260546" }, "geometry": { "type": "Point", "coordinates": [ 106.6898816, 10.7841642 ] } },
{ "type": "Feature", "properties": { "y": 10.7842139, "x": 106.6899324, "street_count": 3, "highway": null, "ref": null, "relation_id": "19260546" }, "geometry": { "type": "Point", "coordinates": [ 106.6899324, 10.7842139 ] } },
{ "type": "Feature", "properties": { "y": 10.7845913, "x": 106.6886924, "street_count": 3, "highway": null, "ref": null, "relation_id": "19260546" }, "geometry": { "type": "Point", "coordinates": [ 106.6886924, 10.7845913 ] } },
{ "type": "Feature", "properties": { "y": 10.7915567, "x": 106.682444, "street_count": 3, "highway": null, "ref": null, "relation_id": "19260546" }, "geometry": { "type": "Point", "coordinates": [ 106.682444, 10.7915567 ] } },
{ "type": "Feature", "properties": { "y": 10.7829277, "x": 106.696225, "street_count": 3, "highway": null, "ref": null, "relation_id": "19260546" }, "geometry": { "type": "Point", "coordinates": [ 106.696225, 10.7829277 ] } },
{ "type": "Feature", "properties": { "y": 10.7865731, "x": 106.6872584, "street_count": 3, "highway": null, "ref": null, "relation_id": "19260546" }, "geometry": { "type": "Point", "coordinates": [ 106.6872584, 10.7865731 ] } },
{ "type": "Feature", "properties": { "y": 10.7865392, "x": 106.6864494, "street_count": 1, "highway": null, "ref": null, "relation_id": "19260546" }, "geometry": { "type": "Point", "coordinates": [ 106.6864494, 10.7865392 ] } },
{ "type": "Feature", "properties": { "y": 10.7832023, "x": 106.6853829, "street_count": 4, "highway": null, "ref": null, "relation_id": "19260546" }, "geometry": { "type": "Point", "coordinates": [ 106.6853829, 10.7832023 ] } },
{ "type": "Feature", "properties": { "y": 10.7817766, "x": 106.685903, "street_count": 4, "highway": null, "ref": null, "relation_id": "19260546" }, "geometry": { "type": "Point", "coordinates": [ 106.685903, 10.7817766 ] } },
{ "type": "Feature", "properties": { "y": 10.7822327, "x": 106.6854231, "street_count": 3, "highway": null, "ref": null, "relation_id": "19260546" }, "geometry": { "type": "Point", "coordinates": [ 106.6854231, 10.7822327 ] } },
{ "type": "Feature", "properties": { "y": 10.7823961, "x": 106.6848384, "street_count": 1, "highway": null, "ref": null, "relation_id": "19260546" }, "geometry": { "type": "Point", "coordinates": [ 106.6848384, 10.7823961 ] } },
{ "type": "Feature", "properties": { "y": 10.7829077, "x": 106.6854169, "street_count": 3, "highway": null, "ref": null, "relation_id": "19260546" }, "geometry": { "type": "Point", "coordinates": [ 106.6854169, 10.7829077 ] } },
{ "type": "Feature", "properties": { "y": 10.7830583, "x": 106.6849588, "street_count": 1, "highway": null, "ref": null, "relation_id": "19260546" }, "geometry": { "type": "Point", "coordinates": [ 106.6849588, 10.7830583 ] } },
{ "type": "Feature", "properties": { "y": 10.7835264, "x": 106.6850583, "street_count": 1, "highway": null, "ref": null, "relation_id": "19260546" }, "geometry": { "type": "Point", "coordinates": [ 106.6850583, 10.7835264 ] } },
{ "type": "Feature", "properties": { "y": 10.7833393, "x": 106.6851576, "street_count": 3, "highway": null, "ref": null, "relation_id": "19260546" }, "geometry": { "type": "Point", "coordinates": [ 106.6851576, 10.7833393 ] } },
{ "type": "Feature", "properties": { "y": 10.7833727, "x": 106.6850296, "street_count": 1, "highway": null, "ref": null, "relation_id": "19260546" }, "geometry": { "type": "Point", "coordinates": [ 106.6850296, 10.7833727 ] } },
{ "type": "Feature", "properties": { "y": 10.7833657, "x": 106.685399, "street_count": 3, "highway": null, "ref": null, "relation_id": "19260546" }, "geometry": { "type": "Point", "coordinates": [ 106.685399, 10.7833657 ] } },
{ "type": "Feature", "properties": { "y": 10.7833789, "x": 106.6852675, "street_count": 1, "highway": null, "ref": null, "relation_id": "19260546" }, "geometry": { "type": "Point", "coordinates": [ 106.6852675, 10.7833789 ] } },
{ "type": "Feature", "properties": { "y": 10.7833472, "x": 106.6855438, "street_count": 1, "highway": null, "ref": null, "relation_id": "19260546" }, "geometry": { "type": "Point", "coordinates": [ 106.6855438, 10.7833472 ] } },
{ "type": "Feature", "properties": { "y": 10.7829441, "x": 106.6845353, "street_count": 1, "highway": null, "ref": null, "relation_id": "19260546" }, "geometry": { "type": "Point", "coordinates": [ 106.6845353, 10.7829441 ] } },
{ "type": "Feature", "properties": { "y": 10.7814883, "x": 106.6862473, "street_count": 1, "highway": null, "ref": null, "relation_id": "19260546" }, "geometry": { "type": "Point", "coordinates": [ 106.6862473, 10.7814883 ] } },
{ "type": "Feature", "properties": { "y": 10.7807136, "x": 106.6832431, "street_count": 3, "highway": null, "ref": null, "relation_id": "19260546" }, "geometry": { "type": "Point", "coordinates": [ 106.6832431, 10.7807136 ] } },
{ "type": "Feature", "properties": { "y": 10.7736956, "x": 106.6893994, "street_count": 4, "highway": null, "ref": null, "relation_id": "19260546" }, "geometry": { "type": "Point", "coordinates": [ 106.6893994, 10.7736956 ] } },
{ "type": "Feature", "properties": { "y": 10.7766202, "x": 106.6839226, "street_count": 3, "highway": null, "ref": null, "relation_id": "19260546" }, "geometry": { "type": "Point", "coordinates": [ 106.6839226, 10.7766202 ] } },
{ "type": "Feature", "properties": { "y": 10.7795752, "x": 106.6949909, "street_count": 4, "highway": "traffic_signals", "ref": null, "relation_id": "19260546" }, "geometry": { "type": "Point", "coordinates": [ 106.6949909, 10.7795752 ] } },
{ "type": "Feature", "properties": { "y": 10.7778559, "x": 106.6848872, "street_count": 4, "highway": null, "ref": null, "relation_id": "19260546" }, "geometry": { "type": "Point", "coordinates": [ 106.6848872, 10.7778559 ] } },
{ "type": "Feature", "properties": { "y": 10.7767966, "x": 106.6861495, "street_count": 4, "highway": null, "ref": null, "relation_id": "19260546" }, "geometry": { "type": "Point", "coordinates": [ 106.6861495, 10.7767966 ] } },
{ "type": "Feature", "properties": { "y": 10.782881, "x": 106.6981158, "street_count": 4, "highway": "traffic_signals", "ref": null, "relation_id": "19260546" }, "geometry": { "type": "Point", "coordinates": [ 106.6981158, 10.782881 ] } },
{ "type": "Feature", "properties": { "y": 10.7889673, "x": 106.6846801, "street_count": 3, "highway": null, "ref": null, "relation_id": "19260546" }, "geometry": { "type": "Point", "coordinates": [ 106.6846801, 10.7889673 ] } },
{ "type": "Feature", "properties": { "y": 10.7763265, "x": 106.6856829, "street_count": 3, "highway": null, "ref": null, "relation_id": "19260546" }, "geometry": { "type": "Point", "coordinates": [ 106.6856829, 10.7763265 ] } },
{ "type": "Feature", "properties": { "y": 10.7912746, "x": 106.6820415, "street_count": 3, "highway": null, "ref": null, "relation_id": "19260546" }, "geometry": { "type": "Point", "coordinates": [ 106.6820415, 10.7912746 ] } },
{ "type": "Feature", "properties": { "y": 10.7900501, "x": 106.6840927, "street_count": 3, "highway": null, "ref": null, "relation_id": "19260546" }, "geometry": { "type": "Point", "coordinates": [ 106.6840927, 10.7900501 ] } },
{ "type": "Feature", "properties": { "y": 10.7759902, "x": 106.6828327, "street_count": 3, "highway": null, "ref": null, "relation_id": "19260546" }, "geometry": { "type": "Point", "coordinates": [ 106.6828327, 10.7759902 ] } },
{ "type": "Feature", "properties": { "y": 10.7828965, "x": 106.6866413, "street_count": 3, "highway": null, "ref": null, "relation_id": "19260546" }, "geometry": { "type": "Point", "coordinates": [ 106.6866413, 10.7828965 ] } },
{ "type": "Feature", "properties": { "y": 10.7825317, "x": 106.6866513, "street_count": 3, "highway": null, "ref": null, "relation_id": "19260546" }, "geometry": { "type": "Point", "coordinates": [ 106.6866513, 10.7825317 ] } },
{ "type": "Feature", "properties": { "y": 10.774973, "x": 106.6888264, "street_count": 3, "highway": null, "ref": null, "relation_id": "19260546" }, "geometry": { "type": "Point", "coordinates": [ 106.6888264, 10.774973 ] } },
{ "type": "Feature", "properties": { "y": 10.7832599, "x": 106.68954, "street_count": 1, "highway": null, "ref": null, "relation_id": "19260546" }, "geometry": { "type": "Point", "coordinates": [ 106.68954, 10.7832599 ] } },
{ "type": "Feature", "properties": { "y": 10.7827429, "x": 106.6900349, "street_count": 3, "highway": null, "ref": null, "relation_id": "19260546" }, "geometry": { "type": "Point", "coordinates": [ 106.6900349, 10.7827429 ] } },
{ "type": "Feature", "properties": { "y": 10.7843975, "x": 106.6845028, "street_count": 4, "highway": "traffic_signals", "ref": null, "relation_id": "19260546" }, "geometry": { "type": "Point", "coordinates": [ 106.6845028, 10.7843975 ] } },
{ "type": "Feature", "properties": { "y": 10.7776648, "x": 106.6836579, "street_count": 1, "highway": null, "ref": null, "relation_id": "19260546" }, "geometry": { "type": "Point", "coordinates": [ 106.6836579, 10.7776648 ] } },
{ "type": "Feature", "properties": { "y": 10.7778105, "x": 106.6833882, "street_count": 3, "highway": null, "ref": null, "relation_id": "19260546" }, "geometry": { "type": "Point", "coordinates": [ 106.6833882, 10.7778105 ] } },
{ "type": "Feature", "properties": { "y": 10.778998, "x": 106.6842185, "street_count": 1, "highway": null, "ref": null, "relation_id": "19260546" }, "geometry": { "type": "Point", "coordinates": [ 106.6842185, 10.778998 ] } },
{ "type": "Feature", "properties": { "y": 10.778619, "x": 106.6842145, "street_count": 3, "highway": null, "ref": null, "relation_id": "19260546" }, "geometry": { "type": "Point", "coordinates": [ 106.6842145, 10.778619 ] } },
{ "type": "Feature", "properties": { "y": 10.7804472, "x": 106.6887876, "street_count": 1, "highway": null, "ref": null, "relation_id": "19260546" }, "geometry": { "type": "Point", "coordinates": [ 106.6887876, 10.7804472 ] } },
{ "type": "Feature", "properties": { "y": 10.7807024, "x": 106.6890494, "street_count": 3, "highway": null, "ref": null, "relation_id": "19260546" }, "geometry": { "type": "Point", "coordinates": [ 106.6890494, 10.7807024 ] } },
{ "type": "Feature", "properties": { "y": 10.7797411, "x": 106.6863804, "street_count": 1, "highway": null, "ref": null, "relation_id": "19260546" }, "geometry": { "type": "Point", "coordinates": [ 106.6863804, 10.7797411 ] } },
{ "type": "Feature", "properties": { "y": 10.7795061, "x": 106.6866254, "street_count": 3, "highway": null, "ref": null, "relation_id": "19260546" }, "geometry": { "type": "Point", "coordinates": [ 106.6866254, 10.7795061 ] } },
{ "type": "Feature", "properties": { "y": 10.7790111, "x": 106.6883468, "street_count": 4, "highway": null, "ref": null, "relation_id": "19260546" }, "geometry": { "type": "Point", "coordinates": [ 106.6883468, 10.7790111 ] } },
{ "type": "Feature", "properties": { "y": 10.7778991, "x": 106.6872434, "street_count": 4, "highway": null, "ref": null, "relation_id": "19260546" }, "geometry": { "type": "Point", "coordinates": [ 106.6872434, 10.7778991 ] } },
{ "type": "Feature", "properties": { "y": 10.7803866, "x": 106.6931878, "street_count": 1, "highway": null, "ref": null, "relation_id": "19260546" }, "geometry": { "type": "Point", "coordinates": [ 106.6931878, 10.7803866 ] } },
{ "type": "Feature", "properties": { "y": 10.7802565, "x": 106.6930683, "street_count": 3, "highway": null, "ref": null, "relation_id": "19260546" }, "geometry": { "type": "Point", "coordinates": [ 106.6930683, 10.7802565 ] } },
{ "type": "Feature", "properties": { "y": 10.7803588, "x": 106.6929611, "street_count": 1, "highway": null, "ref": null, "relation_id": "19260546" }, "geometry": { "type": "Point", "coordinates": [ 106.6929611, 10.7803588 ] } },
{ "type": "Feature", "properties": { "y": 10.7799444, "x": 106.6934185, "street_count": 3, "highway": null, "ref": null, "relation_id": "19260546" }, "geometry": { "type": "Point", "coordinates": [ 106.6934185, 10.7799444 ] } },
{ "type": "Feature", "properties": { "y": 10.7826789, "x": 106.6916277, "street_count": 3, "highway": null, "ref": null, "relation_id": "19260546" }, "geometry": { "type": "Point", "coordinates": [ 106.6916277, 10.7826789 ] } },
{ "type": "Feature", "properties": { "y": 10.7825068, "x": 106.6918155, "street_count": 3, "highway": null, "ref": null, "relation_id": "19260546" }, "geometry": { "type": "Point", "coordinates": [ 106.6918155, 10.7825068 ] } },
{ "type": "Feature", "properties": { "y": 10.7865765, "x": 106.6874835, "street_count": 3, "highway": null, "ref": null, "relation_id": "19260546" }, "geometry": { "type": "Point", "coordinates": [ 106.6874835, 10.7865765 ] } },
{ "type": "Feature", "properties": { "y": 10.7865895, "x": 106.6877914, "street_count": 3, "highway": null, "ref": null, "relation_id": "19260546" }, "geometry": { "type": "Point", "coordinates": [ 106.6877914, 10.7865895 ] } },
{ "type": "Feature", "properties": { "y": 10.7882958, "x": 106.6854309, "street_count": 3, "highway": null, "ref": null, "relation_id": "19260546" }, "geometry": { "type": "Point", "coordinates": [ 106.6854309, 10.7882958 ] } },
{ "type": "Feature", "properties": { "y": 10.7882722, "x": 106.6851269, "street_count": 3, "highway": null, "ref": null, "relation_id": "19260546" }, "geometry": { "type": "Point", "coordinates": [ 106.6851269, 10.7882722 ] } },
{ "type": "Feature", "properties": { "y": 10.7769816, "x": 106.6831854, "street_count": 3, "highway": null, "ref": null, "relation_id": "19260546" }, "geometry": { "type": "Point", "coordinates": [ 106.6831854, 10.7769816 ] } },
{ "type": "Feature", "properties": { "y": 10.7829549, "x": 106.6877833, "street_count": 1, "highway": null, "ref": null, "relation_id": "19260546" }, "geometry": { "type": "Point", "coordinates": [ 106.6877833, 10.7829549 ] } },
{ "type": "Feature", "properties": { "y": 10.7833077, "x": 106.6874203, "street_count": 3, "highway": null, "ref": null, "relation_id": "19260546" }, "geometry": { "type": "Point", "coordinates": [ 106.6874203, 10.7833077 ] } },
{ "type": "Feature", "properties": { "y": 10.7852993, "x": 106.6837504, "street_count": 1, "highway": null, "ref": null, "relation_id": "19260546" }, "geometry": { "type": "Point", "coordinates": [ 106.6837504, 10.7852993 ] } },
{ "type": "Feature", "properties": { "y": 10.7899655, "x": 106.6880795, "street_count": 1, "highway": null, "ref": null, "relation_id": "19260546" }, "geometry": { "type": "Point", "coordinates": [ 106.6880795, 10.7899655 ] } },
{ "type": "Feature", "properties": { "y": 10.7901366, "x": 106.6878526, "street_count": 3, "highway": null, "ref": null, "relation_id": "19260546" }, "geometry": { "type": "Point", "coordinates": [ 106.6878526, 10.7901366 ] } },
{ "type": "Feature", "properties": { "y": 10.7748572, "x": 106.6905386, "street_count": 4, "highway": null, "ref": null, "relation_id": "19260546" }, "geometry": { "type": "Point", "coordinates": [ 106.6905386, 10.7748572 ] } },
{ "type": "Feature", "properties": { "y": 10.7871699, "x": 106.6928047, "street_count": 3, "highway": null, "ref": null, "relation_id": "19260546" }, "geometry": { "type": "Point", "coordinates": [ 106.6928047, 10.7871699 ] } },
{ "type": "Feature", "properties": { "y": 10.777355, "x": 106.683537, "street_count": 1, "highway": null, "ref": null, "relation_id": "19260546" }, "geometry": { "type": "Point", "coordinates": [ 106.683537, 10.777355 ] } },
{ "type": "Feature", "properties": { "y": 10.7842044, "x": 106.6942307, "street_count": 3, "highway": null, "ref": null, "relation_id": "19260546" }, "geometry": { "type": "Point", "coordinates": [ 106.6942307, 10.7842044 ] } },
{ "type": "Feature", "properties": { "y": 10.7876582, "x": 106.6872178, "street_count": 1, "highway": null, "ref": null, "relation_id": "19260546" }, "geometry": { "type": "Point", "coordinates": [ 106.6872178, 10.7876582 ] } },
{ "type": "Feature", "properties": { "y": 10.7758461, "x": 106.6882419, "street_count": 1, "highway": null, "ref": null, "relation_id": "19260546" }, "geometry": { "type": "Point", "coordinates": [ 106.6882419, 10.7758461 ] } },
{ "type": "Feature", "properties": { "y": 10.7856166, "x": 106.6947229, "street_count": 3, "highway": null, "ref": null, "relation_id": "19260546" }, "geometry": { "type": "Point", "coordinates": [ 106.6947229, 10.7856166 ] } },
{ "type": "Feature", "properties": { "y": 10.7740323, "x": 106.6897543, "street_count": 3, "highway": null, "ref": null, "relation_id": "19260546" }, "geometry": { "type": "Point", "coordinates": [ 106.6897543, 10.7740323 ] } },
{ "type": "Feature", "properties": { "y": 10.7743078, "x": 106.6895518, "street_count": 1, "highway": null, "ref": null, "relation_id": "19260546" }, "geometry": { "type": "Point", "coordinates": [ 106.6895518, 10.7743078 ] } },
{ "type": "Feature", "properties": { "y": 10.7909188, "x": 106.6881596, "street_count": 2, "highway": null, "ref": null, "relation_id": "19260546" }, "geometry": { "type": "Point", "coordinates": [ 106.6881596, 10.7909188 ] } },
{ "type": "Feature", "properties": { "y": 10.7920776, "x": 106.6866917, "street_count": 3, "highway": null, "ref": null, "relation_id": "19260546" }, "geometry": { "type": "Point", "coordinates": [ 106.6866917, 10.7920776 ] } },
{ "type": "Feature", "properties": { "y": 10.7767389, "x": 106.6837066, "street_count": 4, "highway": null, "ref": null, "relation_id": "19260546" }, "geometry": { "type": "Point", "coordinates": [ 106.6837066, 10.7767389 ] } },
{ "type": "Feature", "properties": { "y": 10.7766932, "x": 106.6836573, "street_count": 4, "highway": null, "ref": null, "relation_id": "19260546" }, "geometry": { "type": "Point", "coordinates": [ 106.6836573, 10.7766932 ] } },
{ "type": "Feature", "properties": { "y": 10.7850588, "x": 106.6891553, "street_count": 4, "highway": "traffic_signals", "ref": null, "relation_id": "19260546" }, "geometry": { "type": "Point", "coordinates": [ 106.6891553, 10.7850588 ] } },
{ "type": "Feature", "properties": { "y": 10.7901398, "x": 106.6847283, "street_count": 3, "highway": null, "ref": null, "relation_id": "19260546" }, "geometry": { "type": "Point", "coordinates": [ 106.6847283, 10.7901398 ] } },
{ "type": "Feature", "properties": { "y": 10.791133, "x": 106.6878837, "street_count": 2, "highway": null, "ref": null, "relation_id": "19260546" }, "geometry": { "type": "Point", "coordinates": [ 106.6878837, 10.791133 ] } },
{ "type": "Feature", "properties": { "y": 10.7747043, "x": 106.6891407, "street_count": 1, "highway": null, "ref": null, "relation_id": "19260546" }, "geometry": { "type": "Point", "coordinates": [ 106.6891407, 10.7747043 ] } },
{ "type": "Feature", "properties": { "y": 10.7749098, "x": 106.6887716, "street_count": 3, "highway": null, "ref": null, "relation_id": "19260546" }, "geometry": { "type": "Point", "coordinates": [ 106.6887716, 10.7749098 ] } },
{ "type": "Feature", "properties": { "y": 10.7746568, "x": 106.6890732, "street_count": 1, "highway": null, "ref": null, "relation_id": "19260546" }, "geometry": { "type": "Point", "coordinates": [ 106.6890732, 10.7746568 ] } },
{ "type": "Feature", "properties": { "y": 10.7916957, "x": 106.6871727, "street_count": 2, "highway": null, "ref": null, "relation_id": "19260546" }, "geometry": { "type": "Point", "coordinates": [ 106.6871727, 10.7916957 ] } },
{ "type": "Feature", "properties": { "y": 10.7878659, "x": 106.6919281, "street_count": 4, "highway": null, "ref": null, "relation_id": "19260546" }, "geometry": { "type": "Point", "coordinates": [ 106.6919281, 10.7878659 ] } },
{ "type": "Feature", "properties": { "y": 10.7864593, "x": 106.6936817, "street_count": 4, "highway": null, "ref": null, "relation_id": "19260546" }, "geometry": { "type": "Point", "coordinates": [ 106.6936817, 10.7864593 ] } },
{ "type": "Feature", "properties": { "y": 10.7895934, "x": 106.6898071, "street_count": 2, "highway": null, "ref": null, "relation_id": "19260546" }, "geometry": { "type": "Point", "coordinates": [ 106.6898071, 10.7895934 ] } },
{ "type": "Feature", "properties": { "y": 10.7897843, "x": 106.6895635, "street_count": 3, "highway": null, "ref": null, "relation_id": "19260546" }, "geometry": { "type": "Point", "coordinates": [ 106.6895635, 10.7897843 ] } },
{ "type": "Feature", "properties": { "y": 10.7897277, "x": 106.6896367, "street_count": 2, "highway": null, "ref": null, "relation_id": "19260546" }, "geometry": { "type": "Point", "coordinates": [ 106.6896367, 10.7897277 ] } },
{ "type": "Feature", "properties": { "y": 10.7920861, "x": 106.6866872, "street_count": 3, "highway": null, "ref": null, "relation_id": "19260546" }, "geometry": { "type": "Point", "coordinates": [ 106.6866872, 10.7920861 ] } },
{ "type": "Feature", "properties": { "y": 10.7856078, "x": 106.6948247, "street_count": 3, "highway": null, "ref": null, "relation_id": "19260546" }, "geometry": { "type": "Point", "coordinates": [ 106.6948247, 10.7856078 ] } },
{ "type": "Feature", "properties": { "y": 10.7789872, "x": 106.6829163, "street_count": 3, "highway": null, "ref": null, "relation_id": "19260546" }, "geometry": { "type": "Point", "coordinates": [ 106.6829163, 10.7789872 ] } },
{ "type": "Feature", "properties": { "y": 10.7786892, "x": 106.6828435, "street_count": 3, "highway": null, "ref": null, "relation_id": "19260546" }, "geometry": { "type": "Point", "coordinates": [ 106.6828435, 10.7786892 ] } }
]
}
