{
"type": "FeatureCollection",
"name": "roads",
"crs": { "type": "name", "properties": { "name": "urn:ogc:def:crs:OGC:1.3:CRS84" } },
"features": [
{ "type": "Feature", "properties": { "osmid": "1027351472", "highway": "primary_link", "oneway": false, "reversed": "False", "length": 12.073984412037154, "lanes": null, "maxspeed": null, "name": null, "junction": null, "access": null, "bridge": null, "relation_id": "19260504" }, "geometry": { "type": "LineString", "coordinates": [ [ 106.7045345, 10.7706473 ], [ 106.7044955, 10.7707489 ] ] } },
{ "type": "Feature", "properties": { "osmid": "1177488207", "highway": "primary", "oneway": true, "reversed": "False", "length": 182.01987034050416, "lanes": "2", "maxspeed": "60", "name": "Hàm Nghi", "junction": null, "access": null, "bridge": null, "relation_id": "19260504" }, "geometry": { "type": "LineString", "coordinates": [ [ 106.7045345, 10.7706473 ], [ 106.7047795, 10.7706372 ], [ 106.70597, 10.7705817 ], [ 106.7061991, 10.7705738 ] ] } },
{ "type": "Feature", "properties": { "osmid": "1182433767", "highway": "residential", "oneway": false, "reversed": "False", "length": 36.632092044756192, "lanes": "2", "maxspeed": null, "name": "Hồ Tùng Mậu", "junction": null, "access": null, "bridge": null, "relation_id": "19260504" }, "geometry": { "type": "LineString", "coordinates": [ [ 106.7045345, 10.7706473 ], [ 106.7045824, 10.7705535 ], [ 106.704685, 10.7703529 ] ] } },
{ "type": "Feature", "properties": { "osmid": "341508364", "highway": "residential", "oneway": false, "reversed": "False", "length": 98.765301745272865, "lanes": "2", "maxspeed": "50", "name": "Ngô Ðức Kế", "junction": null, "access": null, "bridge": null, "relation_id": "19260504" }, "geometry": { "type": "LineString", "coordinates": [ [ 106.7050529, 10.7730152 ], [ 106.7051152, 10.7730822 ], [ 106.7053711, 10.7733581 ], [ 106.7056098, 10.7736214 ], [ 106.7056516, 10.7736801 ] ] } },
{ "type": "Feature", "properties": { "osmid": "377881079", "highway": "tertiary", "oneway": true, "reversed": "False", "length": 200.26068858926587, "lanes": "3", "maxspeed": null, "name": "Nguyễn Huệ", "junction": null, "access": null, "bridge": null, "relation_id": "19260504" }, "geometry": { "type": "LineString", "coordinates": [ [ 106.7050529, 10.7730152 ], [ 106.7049813, 10.7730816 ], [ 106.7039448, 10.7740427 ], [ 106.7037193, 10.774251 ] ] } },
{ "type": "Feature", "properties": { "osmid": "35113581", "highway": "residential", "oneway": false, "reversed": "True", "length": 141.7810770187503, "lanes": null, "maxspeed": null, "name": "Ngô Ðức Kế", "junction": null, "access": null, "bridge": null, "relation_id": "19260504" }, "geometry": { "type": "LineString", "coordinates": [ [ 106.7048194, 10.7727751 ], [ 106.7039118, 10.7718636 ] ] } },
{ "type": "Feature", "properties": { "osmid": "341504312", "highway": "tertiary", "oneway": true, "reversed": "False", "length": 87.834008200180151, "lanes": "3", "maxspeed": null, "name": "Nguyễn Huệ", "junction": null, "access": null, "bridge": null, "relation_id": "19260504" }, "geometry": { "type": "LineString", "coordinates": [ [ 106.7048194, 10.7727751 ], [ 106.705399, 10.7722276 ] ] } },
{ "type": "Feature", "properties": { "osmid": "58800527", "highway": "primary", "oneway": false, "reversed": "False", "length": 114.77196040458554, "lanes": "4", "maxspeed": "50", "name": "Nguyễn Thị Minh Khai", "junction": null, "access": null, "bridge": null, "relation_id": "19260504" }, "geometry": { "type": "LineString", "coordinates": [ [ 106.7008703, 10.7858296 ], [ 106.7010988, 10.7860708 ], [ 106.7014831, 10.786457 ], [ 106.7015027, 10.7864767 ], [ 106.7015969, 10.7865751 ] ] } },
{ "type": "Feature", "properties": { "osmid": "58800527", "highway": "primary", "oneway": false, "reversed": "True", "length": 191.33234343102387, "lanes": "4", "maxspeed": "50", "name": "Nguyễn Thị Minh Khai", "junction": null, "access": null, "bridge": null, "relation_id": "19260504" }, "geometry": { "type": "LineString", "coordinates": [ [ 106.7008703, 10.7858296 ], [ 106.7005532, 10.7854947 ], [ 106.7005114, 10.7854506 ], [ 106.7004309, 10.7853656 ], [ 106.7003365, 10.7852659 ], [ 106.7001851, 10.7851061 ], [ 106.7001438, 10.7850538 ], [ 106.6998417, 10.7847404 ], [ 106.6996774, 10.78457 ] ] } },
{ "type": "Feature", "properties": { "osmid": "308848875", "highway": "residential", "oneway": false, "reversed": "True", "length": 187.50008369746485, "lanes": null, "maxspeed": null, "name": "Hẻm 18A Nguyễn Thị Minh Khai", "junction": null, "access": null, "bridge": null, "relation_id": "19260504" }, "geometry": { "type": "LineString", "coordinates": [ [ 106.7008703, 10.7858296 ], [ 106.7008135, 10.7858835 ], [ 106.700575, 10.7861099 ], [ 106.6999068, 10.7867442 ], [ 106.6998263, 10.7868182 ], [ 106.699843, 10.7868444 ], [ 106.6996763, 10.7870071 ] ] } },
{ "type": "Feature", "properties": { "osmid": "1230812506", "highway": "primary", "oneway": false, "reversed": "True", "length": 7.3809233285974143, "lanes": null, "maxspeed": null, "name": "Nguyễn Thị Minh Khai", "junction": null, "access": null, "bridge": null, "relation_id": "19260504" }, "geometry": { "type": "LineString", "coordinates": [ [ 106.7045046, 10.7896217 ], [ 106.7044554, 10.7896672 ] ] } },
{ "type": "Feature", "properties": { "osmid": "35115028", "highway": "residential", "oneway": false, "reversed": "True", "length": 123.9332165171692, "lanes": null, "maxspeed": null, "name": "Thái Văn Lung", "junction": null, "access": null, "bridge": null, "relation_id": "19260504" }, "geometry": { "type": "LineString", "coordinates": [ [ 106.7053153, 10.7786557 ], [ 106.7061554, 10.7779066 ] ] } },
{ "type": "Feature", "properties": { "osmid": "211405688", "highway": "residential", "oneway": true, "reversed": "False", "length": 37.283615333177949, "lanes": null, "maxspeed": null, "name": "Đường Thái Văn Lung", "junction": null, "access": null, "bridge": null, "relation_id": "19260504" }, "geometry": { "type": "LineString", "coordinates": [ [ 106.7053153, 10.7786557 ], [ 106.7050579, 10.7788759 ] ] } },
{ "type": "Feature", "properties": { "osmid": [ 1485632374, 605468831 ], "highway": "residential", "oneway": false, "reversed": "True", "length": 276.108719702494, "lanes": "2", "maxspeed": "50", "name": "Nguyễn Siêu", "junction": null, "access": null, "bridge": null, "relation_id": "19260504" }, "geometry": { "type": "LineString", "coordinates": [ [ 106.7053153, 10.7786557 ], [ 106.7060711, 10.7794619 ], [ 106.7062458, 10.7796612 ], [ 106.7064211, 10.779861 ], [ 106.7064705, 10.7799174 ], [ 106.7069926, 10.7805129 ] ] } },
{ "type": "Feature", "properties": { "osmid": "35113644", "highway": "residential", "oneway": false, "reversed": "True", "length": 65.134371399143376, "lanes": null, "maxspeed": null, "name": "Hẻm 5 Nguyễn Siêu", "junction": null, "access": null, "bridge": null, "relation_id": "19260504" }, "geometry": { "type": "LineString", "coordinates": [ [ 106.704781, 10.777232 ], [ 106.7043473, 10.777634 ] ] } },
{ "type": "Feature", "properties": { "osmid": "35113644", "highway": "residential", "oneway": false, "reversed": "False", "length": 65.134371399143376, "lanes": null, "maxspeed": null, "name": "Hẻm 5 Nguyễn Siêu", "junction": null, "access": null, "bridge": null, "relation_id": "19260504" }, "geometry": { "type": "LineString", "coordinates": [ [ 106.7043473, 10.777634 ], [ 106.704781, 10.777232 ] ] } },
{ "type": "Feature", "properties": { "osmid": "35113661", "highway": "residential", "oneway": true, "reversed": "False", "length": 72.011892696028809, "lanes": null, "maxspeed": null, "name": "Nguyễn Siêu", "junction": null, "access": null, "bridge": null, "relation_id": "19260504" }, "geometry": { "type": "LineString", "coordinates": [ [ 106.7043473, 10.777634 ], [ 106.7047964, 10.7781081 ] ] } },
{ "type": "Feature", "properties": { "osmid": "35114702", "highway": "residential", "oneway": false, "reversed": "False", "length": 180.57017159567681, "lanes": null, "maxspeed": null, "name": "Nguyễn Văn Chiêm", "junction": null, "access": null, "bridge": null, "relation_id": "19260504" }, "geometry": { "type": "LineString", "coordinates": [ [ 106.6989238, 10.782134 ], [ 106.6984868, 10.7816557 ], [ 106.6984358, 10.7815998 ], [ 106.6982259, 10.7813701 ], [ 106.697816, 10.7809287 ] ] } },
{ "type": "Feature", "properties": { "osmid": "1265822569", "highway": "primary", "oneway": false, "reversed": "True", "length": 97.395530353055861, "lanes": "2", "maxspeed": null, "name": "Hai Bà Trưng", "junction": null, "access": null, "bridge": null, "relation_id": "19260504" }, "geometry": { "type": "LineString", "coordinates": [ [ 106.6989238, 10.782134 ], [ 106.6994651, 10.7816335 ], [ 106.6995731, 10.7815337 ] ] } },
{ "type": "Feature", "properties": { "osmid": "35113663", "highway": "residential", "oneway": false, "reversed": "False", "length": 146.80719452581346, "lanes": "2", "maxspeed": "50", "name": "Hàn Thuyên", "junction": null, "access": null, "bridge": null, "relation_id": "19260504" }, "geometry": { "type": "LineString", "coordinates": [ [ 106.6988256, 10.7796124 ], [ 106.6982279, 10.7789839 ], [ 106.698206, 10.7789608 ], [ 106.6980921, 10.7788406 ], [ 106.6979087, 10.7786471 ] ] } },
{ "type": "Feature", "properties": { "osmid": "35114262", "highway": "tertiary", "oneway": true, "reversed": "False", "length": 139.89133563993337, "lanes": "3", "maxspeed": "50", "name": "Công trường Công xã Paris", "junction": null, "access": null, "bridge": null, "relation_id": "19260504" }, "geometry": { "type": "LineString", "coordinates": [ [ 106.6988256, 10.7796124 ], [ 106.6991337, 10.7793325 ], [ 106.6991961, 10.7792769 ], [ 106.6994483, 10.7790548 ], [ 106.6997738, 10.7787668 ] ] } },
{ "type": "Feature", "properties": { "osmid": "1374006570", "highway": "tertiary", "oneway": true, "reversed": "False", "length": 33.954363139587876, "lanes": null, "maxspeed": null, "name": "Công trường Công xã Paris", "junction": null, "access": null, "bridge": null, "relation_id": "19260504" }, "geometry": { "type": "LineString", "coordinates": [ [ 106.6988748, 10.7803507 ], [ 106.6987987, 10.7803767 ], [ 106.6986995, 10.7803613 ], [ 106.6985782, 10.7803158 ] ] } },
{ "type": "Feature", "properties": { "osmid": "1374006571", "highway": "tertiary", "oneway": true, "reversed": "False", "length": 32.141072354050685, "lanes": null, "maxspeed": null, "name": "Lê Duẩn", "junction": null, "access": null, "bridge": null, "relation_id": "19260504" }, "geometry": { "type": "LineString", "coordinates": [ [ 106.6988748, 10.7803507 ], [ 106.6988578, 10.7804563 ], [ 106.698859, 10.7805667 ], [ 106.6988612, 10.7806384 ] ] } },
{ "type": "Feature", "properties": { "osmid": "35114821", "highway": "primary", "oneway": true, "reversed": "False", "length": 31.227206037567051, "lanes": "2", "maxspeed": null, "name": "Công trường Mê Linh", "junction": null, "access": null, "bridge": null, "relation_id": "19260504" }, "geometry": { "type": "LineString", "coordinates": [ [ 106.7067032, 10.7755731 ], [ 106.706677, 10.7756538 ], [ 106.7066475, 10.7757159 ], [ 106.7066009, 10.7757716 ], [ 106.7065554, 10.7758045 ] ] } },
{ "type": "Feature", "properties": { "osmid": "1046359810", "highway": "primary", "oneway": true, "reversed": "False", "length": 298.98131207392601, "lanes": "3", "maxspeed": "50", "name": "Tôn Đức Thắng", "junction": null, "access": null, "bridge": null, "relation_id": "19260504" }, "geometry": { "type": "LineString", "coordinates": [ [ 106.7067032, 10.7755731 ], [ 106.7067278, 10.7757785 ], [ 106.7067405, 10.7758914 ], [ 106.70677, 10.776083 ], [ 106.7067782, 10.7761366 ], [ 106.7068259, 10.7763487 ], [ 106.7068621, 10.7764897 ], [ 106.7069394, 10.7767907 ], [ 106.7069775, 10.7769408 ], [ 106.7070875, 10.7773745 ], [ 106.7073025, 10.7781934 ] ] } },
{ "type": "Feature", "properties": { "osmid": "306072865", "highway": "primary", "oneway": true, "reversed": "False", "length": 70.170876479392646, "lanes": "4", "maxspeed": "60", "name": "Tôn Đức Thắng", "junction": null, "access": null, "bridge": null, "relation_id": "19260504" }, "geometry": { "type": "LineString", "coordinates": [ [ 106.7066578, 10.7749437 ], [ 106.7066671, 10.7750502 ], [ 106.7066743, 10.7751677 ], [ 106.7066777, 10.7752134 ], [ 106.7066984, 10.7754899 ], [ 106.7067016, 10.7755197 ], [ 106.7067032, 10.7755731 ] ] } },
{ "type": "Feature", "properties": { "osmid": "341508364", "highway": "residential", "oneway": false, "reversed": "True", "length": 13.329378176222232, "lanes": "2", "maxspeed": "50", "name": "Ngô Ðức Kế", "junction": null, "access": null, "bridge": null, "relation_id": "19260504" }, "geometry": { "type": "LineString", "coordinates": [ [ 106.7062362, 10.7748235 ], [ 106.706182, 10.7747161 ] ] } },
{ "type": "Feature", "properties": { "osmid": "327181429", "highway": "primary", "oneway": true, "reversed": "False", "length": 23.49972068066144, "lanes": "2", "maxspeed": "50", "name": "Công trường Mê Linh", "junction": null, "access": null, "bridge": null, "relation_id": "19260504" }, "geometry": { "type": "LineString", "coordinates": [ [ 106.7062362, 10.7748235 ], [ 106.7063051, 10.7748 ], [ 106.706366, 10.7747879 ], [ 106.7064454, 10.7747778 ] ] } },
{ "type": "Feature", "properties": { "osmid": "35114854", "highway": "primary", "oneway": false, "reversed": "False", "length": 11.682852793585999, "lanes": "2", "maxspeed": null, "name": "Hai Bà Trưng", "junction": null, "access": null, "bridge": null, "relation_id": "19260504" }, "geometry": { "type": "LineString", "coordinates": [ [ 106.7060822, 10.7756531 ], [ 106.7060029, 10.7757236 ] ] } },
{ "type": "Feature", "properties": { "osmid": "327181429", "highway": "primary", "oneway": true, "reversed": "False", "length": 39.983206269180833, "lanes": "2", "maxspeed": "50", "name": "Công trường Mê Linh", "junction": null, "access": null, "bridge": null, "relation_id": "19260504" }, "geometry": { "type": "LineString", "coordinates": [ [ 106.7060822, 10.7756531 ], [ 106.7060247, 10.7755858 ], [ 106.705979, 10.7755049 ], [ 106.7059486, 10.775418 ], [ 106.7059333, 10.775332 ] ] } },
{ "type": "Feature", "properties": { "osmid": "326848005", "highway": "primary", "oneway": true, "reversed": "False", "length": 30.052592778322822, "lanes": "2", "maxspeed": "50", "name": "Công trường Mê Linh", "junction": null, "access": null, "bridge": null, "relation_id": "19260504" }, "geometry": { "type": "LineString", "coordinates": [ [ 106.7063124, 10.7757948 ], [ 106.70622, 10.7757595 ], [ 106.7061443, 10.7757109 ], [ 106.7060822, 10.7756531 ] ] } },
{ "type": "Feature", "properties": { "osmid": "1201603875", "highway": "residential", "oneway": false, "reversed": "True", "length": 12.680175039770337, "lanes": "2", "maxspeed": "50", "name": "Hồ Huấn Nghiệp", "junction": null, "access": null, "bridge": null, "relation_id": "19260504" }, "geometry": { "type": "LineString", "coordinates": [ [ 106.7060302, 10.774986 ], [ 106.7059388, 10.7749157 ] ] } },
{ "type": "Feature", "properties": { "osmid": "327181429", "highway": "primary", "oneway": true, "reversed": "False", "length": 29.066044105206522, "lanes": "2", "maxspeed": "50", "name": "Công trường Mê Linh", "junction": null, "access": null, "bridge": null, "relation_id": "19260504" }, "geometry": { "type": "LineString", "coordinates": [ [ 106.7060302, 10.774986 ], [ 106.7060884, 10.7749244 ], [ 106.7061619, 10.7748658 ], [ 106.7062362, 10.7748235 ] ] } },
{ "type": "Feature", "properties": { "osmid": "1207320851", "highway": "residential", "oneway": false, "reversed": "True", "length": 11.90594077015801, "lanes": "2", "maxspeed": "50", "name": "Phan Văn Ðạt", "junction": null, "access": null, "bridge": null, "relation_id": "19260504" }, "geometry": { "type": "LineString", "coordinates": [ [ 106.7059333, 10.775332 ], [ 106.7058247, 10.7753411 ] ] } },
{ "type": "Feature", "properties": { "osmid": "327181429", "highway": "primary", "oneway": true, "reversed": "False", "length": 40.789766248385035, "lanes": "2", "maxspeed": "50", "name": "Công trường Mê Linh", "junction": null, "access": null, "bridge": null, "relation_id": "19260504" }, "geometry": { "type": "LineString", "coordinates": [ [ 106.7059333, 10.775332 ], [ 106.705931, 10.7752543 ], [ 106.705945, 10.7751716 ], [ 106.7059651, 10.7751028 ], [ 106.7059902, 10.7750455 ], [ 106.7060302, 10.774986 ] ] } },
{ "type": "Feature", "properties": { "osmid": "1265997675", "highway": "secondary", "oneway": false, "reversed": "True", "length": 12.614154078591124, "lanes": "3", "maxspeed": "60", "name": "Pasteur", "junction": null, "access": null, "bridge": null, "relation_id": "19260504" }, "geometry": { "type": "LineString", "coordinates": [ [ 106.7024222, 10.7710773 ], [ 106.7024697, 10.7709739 ] ] } },
{ "type": "Feature", "properties": { "osmid": "1174209077", "highway": "secondary", "oneway": true, "reversed": "False", "length": 147.95349412387372, "lanes": "3", "maxspeed": "60", "name": "Pasteur", "junction": null, "access": null, "bridge": null, "relation_id": "19260504" }, "geometry": { "type": "LineString", "coordinates": [ [ 106.7024222, 10.7710773 ], [ 106.7023801, 10.7711795 ], [ 106.701978, 10.7721124 ], [ 106.7018947, 10.7723028 ] ] } },
{ "type": "Feature", "properties": { "osmid": "621157034", "highway": "primary", "oneway": true, "reversed": "False", "length": 111.14564926442704, "lanes": "2", "maxspeed": "60", "name": "Hàm Nghi", "junction": null, "access": null, "bridge": null, "relation_id": "19260504" }, "geometry": { "type": "LineString", "coordinates": [ [ 106.7035181, 10.7706933 ], [ 106.703665, 10.7706862 ], [ 106.7043273, 10.7706559 ], [ 106.7045345, 10.7706473 ] ] } },
{ "type": "Feature", "properties": { "osmid": "1182433769", "highway": "residential", "oneway": false, "reversed": "True", "length": 86.706495447182704, "lanes": null, "maxspeed": "50", "name": "Tôn Thất Ðạm", "junction": null, "access": null, "bridge": null, "relation_id": "19260504" }, "geometry": { "type": "LineString", "coordinates": [ [ 106.7035181, 10.7706933 ], [ 106.7035606, 10.7705904 ], [ 106.7037866, 10.7700429 ], [ 106.7038154, 10.7699703 ] ] } },
{ "type": "Feature", "properties": { "osmid": "724384524", "highway": "secondary", "oneway": false, "reversed": "False", "length": 13.908087444869514, "lanes": "3", "maxspeed": "60", "name": "Pasteur", "junction": null, "access": null, "bridge": null, "relation_id": "19260504" }, "geometry": { "type": "LineString", "coordinates": [ [ 106.7025753, 10.7707369 ], [ 106.7025205, 10.7708498 ] ] } },
{ "type": "Feature", "properties": { "osmid": "1419689761", "highway": "primary", "oneway": true, "reversed": "False", "length": 103.10228458814017, "lanes": "2", "maxspeed": "60", "name": "Hàm Nghi", "junction": null, "access": null, "bridge": null, "relation_id": "19260504" }, "geometry": { "type": "LineString", "coordinates": [ [ 106.7025753, 10.7707369 ], [ 106.7026386, 10.7707336 ], [ 106.7032354, 10.7707072 ], [ 106.7035181, 10.7706933 ] ] } },
{ "type": "Feature", "properties": { "osmid": "35112888", "highway": "residential", "oneway": false, "reversed": "True", "length": 179.28091160218969, "lanes": "2", "maxspeed": "50", "name": "Alexandre de Rhodes", "junction": null, "access": null, "bridge": null, "relation_id": "19260504" }, "geometry": { "type": "LineString", "coordinates": [ [ 106.6968156, 10.7796409 ], [ 106.6979302, 10.7808244 ] ] } },
{ "type": "Feature", "properties": { "osmid": "1271931189", "highway": "primary_link", "oneway": false, "reversed": "True", "length": 12.572395906973819, "lanes": null, "maxspeed": "50", "name": null, "junction": null, "access": null, "bridge": null, "relation_id": "19260504" }, "geometry": { "type": "LineString", "coordinates": [ [ 106.7033721, 10.7710294 ], [ 106.7034182, 10.7709258 ] ] } },
{ "type": "Feature", "properties": { "osmid": "35114629", "highway": "residential", "oneway": false, "reversed": "False", "length": 218.42476932743443, "lanes": "1", "maxspeed": "50", "name": "Tôn Thất Ðạm", "junction": null, "access": null, "bridge": null, "relation_id": "19260504" }, "geometry": { "type": "LineString", "coordinates": [ [ 106.7033721, 10.7710294 ], [ 106.7033383, 10.7711167 ], [ 106.7032535, 10.7713166 ], [ 106.7031439, 10.7715751 ], [ 106.702606, 10.7728438 ] ] } },
{ "type": "Feature", "properties": { "osmid": "1177488211", "highway": "primary", "oneway": true, "reversed": "False", "length": 103.90957522666974, "lanes": "2", "maxspeed": "60", "name": "Hàm Nghi", "junction": null, "access": null, "bridge": null, "relation_id": "19260504" }, "geometry": { "type": "LineString", "coordinates": [ [ 106.7033721, 10.7710294 ], [ 106.7032477, 10.7710384 ], [ 106.7026699, 10.7710618 ], [ 106.7026415, 10.7710629 ], [ 106.7024222, 10.7710773 ] ] } },
{ "type": "Feature", "properties": { "osmid": "1349944380", "highway": "secondary", "oneway": true, "reversed": "False", "length": 232.26270288630366, "lanes": "2", "maxspeed": "60", "name": "Nguyễn Đình Chiểu", "junction": null, "access": null, "bridge": null, "relation_id": "19260504" }, "geometry": { "type": "LineString", "coordinates": [ [ 106.6991234, 10.7879778 ], [ 106.699073, 10.7879264 ], [ 106.6989052, 10.7877497 ], [ 106.6988815, 10.7877241 ], [ 106.6988745, 10.7877165 ], [ 106.6988676, 10.7877093 ], [ 106.6988582, 10.7876994 ], [ 106.6988421, 10.7876825 ], [ 106.6988263, 10.7876659 ], [ 106.6988144, 10.7876534 ], [ 106.6985826, 10.7874097 ], [ 106.698564, 10.7873902 ], [ 106.6984903, 10.7873127 ], [ 106.6983535, 10.7871689 ], [ 106.6983404, 10.7871554 ], [ 106.6982523, 10.7870642 ], [ 106.6981532, 10.7869599 ], [ 106.698024, 10.7868299 ], [ 106.6976719, 10.7864515 ] ] } },
{ "type": "Feature", "properties": { "osmid": "58871347", "highway": "secondary", "oneway": true, "reversed": "False", "length": 131.52579581948325, "lanes": "2", "maxspeed": "60", "name": "Nguyễn Đình Chiểu", "junction": null, "access": null, "bridge": null, "relation_id": "19260504" }, "geometry": { "type": "LineString", "coordinates": [ [ 106.6976719, 10.7864515 ], [ 106.6968504, 10.7855867 ] ] } },
{ "type": "Feature", "properties": { "osmid": "1349944381", "highway": "tertiary", "oneway": true, "reversed": "False", "length": 150.52643777526646, "lanes": "2", "maxspeed": "60", "name": "Mạc Đĩnh Chi", "junction": null, "access": null, "bridge": null, "relation_id": "19260504" }, "geometry": { "type": "LineString", "coordinates": [ [ 106.6976719, 10.7864515 ], [ 106.6981035, 10.7860536 ], [ 106.6982234, 10.7859352 ], [ 106.6982729, 10.785897 ], [ 106.6983368, 10.785845 ], [ 106.6984387, 10.7857442 ], [ 106.6986683, 10.7855174 ] ] } },
{ "type": "Feature", "properties": { "osmid": "35113365", "highway": "residential", "oneway": false, "reversed": "True", "length": 103.73503185102547, "lanes": "2", "maxspeed": null, "name": "Đông Du", "junction": null, "access": null, "bridge": null, "relation_id": "19260504" }, "geometry": { "type": "LineString", "coordinates": [ [ 106.7057341, 10.7772268 ], [ 106.7055167, 10.7769933 ], [ 106.7054054, 10.7768717 ], [ 106.7050971, 10.7765349 ] ] } },
{ "type": "Feature", "properties": { "osmid": [ 326848026, 326848027 ], "highway": "residential", "oneway": true, "reversed": "False", "length": 159.1950997692509, "lanes": "2", "maxspeed": null, "name": "Thi Sách", "junction": null, "access": null, "bridge": null, "relation_id": "19260504" }, "geometry": { "type": "LineString", "coordinates": [ [ 106.7057341, 10.7772268 ], [ 106.7058004, 10.7771333 ], [ 106.7058817, 10.7769226 ], [ 106.7061028, 10.7763532 ], [ 106.7062535, 10.7759573 ], [ 106.7062744, 10.7759006 ] ] } },
{ "type": "Feature", "properties": { "osmid": "329878186", "highway": "secondary", "oneway": true, "reversed": "False", "length": 157.79961838399578, "lanes": "3", "maxspeed": "60", "name": "Pasteur", "junction": null, "access": null, "bridge": null, "relation_id": "19260504" }, "geometry": { "type": "LineString", "coordinates": [ [ 106.6999227, 10.7768018 ], [ 106.6998817, 10.7768402 ], [ 106.6996752, 10.7770336 ], [ 106.6996311, 10.7770749 ], [ 106.6996028, 10.7771014 ], [ 106.6995381, 10.777162 ], [ 106.6995088, 10.7771894 ], [ 106.6994767, 10.7772195 ], [ 106.6994319, 10.7772614 ], [ 106.6992727, 10.7774104 ], [ 106.6992485, 10.7774332 ], [ 106.6988723, 10.777776 ] ] } },
{ "type": "Feature", "properties": { "osmid": "1278461435", "highway": "tertiary", "oneway": true, "reversed": "False", "length": 176.44513720033007, "lanes": "2", "maxspeed": null, "name": "Lý Tự Trọng", "junction": null, "access": null, "bridge": null, "relation_id": "19260504" }, "geometry": { "type": "LineString", "coordinates": [ [ 106.6999227, 10.7768018 ], [ 106.699968, 10.7768497 ], [ 106.7002614, 10.7771599 ], [ 106.7004489, 10.7773654 ], [ 106.7009668, 10.7778836 ], [ 106.7010349, 10.7779522 ] ] } },
{ "type": "Feature", "properties": { "osmid": "35113743", "highway": "secondary", "oneway": true, "reversed": "False", "length": 138.12201645367344, "lanes": "3", "maxspeed": "60", "name": "Pasteur", "junction": null, "access": null, "bridge": null, "relation_id": "19260504" }, "geometry": { "type": "LineString", "coordinates": [ [ 106.7004291, 10.7756638 ], [ 106.7004089, 10.7757117 ], [ 106.7003981, 10.7757371 ], [ 106.7002132, 10.776175 ], [ 106.7000666, 10.7764913 ], [ 106.6999227, 10.7768018 ] ] } },
{ "type": "Feature", "properties": { "osmid": "747231131", "highway": "secondary", "oneway": true, "reversed": "False", "length": 143.04663297021719, "lanes": "3", "maxspeed": "60", "name": "Pasteur", "junction": null, "access": null, "bridge": null, "relation_id": "19260504" }, "geometry": { "type": "LineString", "coordinates": [ [ 106.6988723, 10.777776 ], [ 106.6984587, 10.7781521 ], [ 106.6983598, 10.7782379 ], [ 106.6980194, 10.7785463 ], [ 106.6979087, 10.7786471 ] ] } },
{ "type": "Feature", "properties": { "osmid": "1232849516", "highway": "secondary", "oneway": false, "reversed": "False", "length": 13.994916572722998, "lanes": "3", "maxspeed": "50", "name": "Pasteur", "junction": null, "access": null, "bridge": null, "relation_id": "19260504" }, "geometry": { "type": "LineString", "coordinates": [ [ 106.7010766, 10.7741609 ], [ 106.7010257, 10.7742764 ] ] } },
{ "type": "Feature", "properties": { "osmid": "1228345133", "highway": "tertiary", "oneway": true, "reversed": "False", "length": 166.99491910568878, "lanes": "2", "maxspeed": "60", "name": "Lê Lợi", "junction": null, "access": null, "bridge": null, "relation_id": "19260504" }, "geometry": { "type": "LineString", "coordinates": [ [ 106.7010766, 10.7741609 ], [ 106.701232, 10.7743278 ], [ 106.7016876, 10.7748113 ], [ 106.7020145, 10.7751582 ], [ 106.702115, 10.7752631 ] ] } },
{ "type": "Feature", "properties": { "osmid": "1343964589", "highway": "tertiary", "oneway": true, "reversed": "False", "length": 58.510924781690505, "lanes": "2", "maxspeed": "60", "name": "Ðồng Khởi", "junction": null, "access": null, "bridge": null, "relation_id": "19260504" }, "geometry": { "type": "LineString", "coordinates": [ [ 106.7039506, 10.7752637 ], [ 106.7043426, 10.7749051 ] ] } },
{ "type": "Feature", "properties": { "osmid": [ 1308971677, 326848030 ], "highway": "residential", "oneway": false, "reversed": "False", "length": 188.8520640929049, "lanes": null, "maxspeed": null, "name": "Đông Du", "junction": null, "access": null, "bridge": null, "relation_id": "19260504" }, "geometry": { "type": "LineString", "coordinates": [ [ 106.7039506, 10.7752637 ], [ 106.7042122, 10.7755555 ], [ 106.7043114, 10.7756661 ], [ 106.7047032, 10.7761032 ], [ 106.7050971, 10.7765349 ] ] } },
{ "type": "Feature", "properties": { "osmid": "1207320850", "highway": "residential", "oneway": false, "reversed": "True", "length": 79.505256924735264, "lanes": "2", "maxspeed": "50", "name": "Mạc Thị Bưởi", "junction": null, "access": null, "bridge": null, "relation_id": "19260504" }, "geometry": { "type": "LineString", "coordinates": [ [ 106.7043426, 10.7749051 ], [ 106.7048401, 10.775427 ] ] } },
{ "type": "Feature", "properties": { "osmid": "621155755", "highway": "residential", "oneway": false, "reversed": "False", "length": 99.628071066819132, "lanes": null, "maxspeed": null, "name": "Mạc Thị Bưởi", "junction": null, "access": null, "bridge": null, "relation_id": "19260504" }, "geometry": { "type": "LineString", "coordinates": [ [ 106.7043426, 10.7749051 ], [ 106.7041388, 10.7746911 ], [ 106.7037193, 10.774251 ] ] } },
{ "type": "Feature", "properties": { "osmid": "666609822", "highway": "tertiary", "oneway": true, "reversed": "False", "length": 105.75129022353286, "lanes": "2", "maxspeed": "60", "name": "Ðồng Khởi", "junction": null, "access": null, "bridge": null, "relation_id": "19260504" }, "geometry": { "type": "LineString", "coordinates": [ [ 106.7043426, 10.7749051 ], [ 106.704677, 10.7745989 ], [ 106.7049801, 10.7743149 ], [ 106.7050468, 10.7742525 ] ] } },
{ "type": "Feature", "properties": { "osmid": "329878182", "highway": "tertiary", "oneway": true, "reversed": "False", "length": 214.93658483088402, "lanes": null, "maxspeed": null, "name": "Lý Tự Trọng", "junction": null, "access": null, "bridge": null, "relation_id": "19260504" }, "geometry": { "type": "LineString", "coordinates": [ [ 106.7032908, 10.7803853 ], [ 106.7045966, 10.7818313 ] ] } },
{ "type": "Feature", "properties": { "osmid": "1058069710", "highway": "residential", "oneway": false, "reversed": "True", "length": 102.81765411059324, "lanes": null, "maxspeed": null, "name": "Đường Thái Văn Lung", "junction": null, "access": null, "bridge": null, "relation_id": "19260504" }, "geometry": { "type": "LineString", "coordinates": [ [ 106.7032908, 10.7803853 ], [ 106.7037396, 10.7800206 ], [ 106.7040024, 10.7797806 ] ] } },
{ "type": "Feature", "properties": { "osmid": "35112818", "highway": "residential", "oneway": false, "reversed": "True", "length": 56.985450768531045, "lanes": null, "maxspeed": null, "name": null, "junction": null, "access": null, "bridge": null, "relation_id": "19260504" }, "geometry": { "type": "LineString", "coordinates": [ [ 106.7027569, 10.7918269 ], [ 106.7029822, 10.7917543 ], [ 106.7032629, 10.7917082 ] ] } },
{ "type": "Feature", "properties": { "osmid": "39622852", "highway": "tertiary", "oneway": false, "reversed": "False", "length": 201.11305567302441, "lanes": null, "maxspeed": "50", "name": "Nguyễn Đình Chiểu", "junction": null, "access": null, "bridge": null, "relation_id": "19260504" }, "geometry": { "type": "LineString", "coordinates": [ [ 106.7027569, 10.7918269 ], [ 106.7027113, 10.7917682 ], [ 106.7026825, 10.7917368 ], [ 106.7023469, 10.7913819 ], [ 106.7022238, 10.7912371 ], [ 106.7019496, 10.7909508 ], [ 106.7015127, 10.7904945 ] ] } },
{ "type": "Feature", "properties": { "osmid": "231983436", "highway": "primary_link", "oneway": false, "reversed": "False", "length": 7.0180345100677393, "lanes": null, "maxspeed": null, "name": "Hẻm 12 Nguyễn Thị Minh Khai", "junction": null, "access": null, "bridge": null, "relation_id": "19260504" }, "geometry": { "type": "LineString", "coordinates": [ [ 106.7028609, 10.7878944 ], [ 106.7028134, 10.7879369 ] ] } },
{ "type": "Feature", "properties": { "osmid": "1176140149", "highway": "primary", "oneway": true, "reversed": "False", "length": 42.577370819131062, "lanes": "2", "maxspeed": null, "name": "Nguyễn Thị Minh Khai", "junction": null, "access": null, "bridge": null, "relation_id": "19260504" }, "geometry": { "type": "LineString", "coordinates": [ [ 106.7028609, 10.7878944 ], [ 106.7029361, 10.7879718 ], [ 106.7031283, 10.788173 ] ] } },
{ "type": "Feature", "properties": { "osmid": "35112849", "highway": "residential", "oneway": false, "reversed": "False", "length": 20.658864066660737, "lanes": null, "maxspeed": null, "name": null, "junction": null, "access": null, "bridge": null, "relation_id": "19260504" }, "geometry": { "type": "LineString", "coordinates": [ [ 106.7033378, 10.7918788 ], [ 106.7032629, 10.7917082 ] ] } },
{ "type": "Feature", "properties": { "osmid": "35112812", "highway": "residential", "oneway": false, "reversed": "True", "length": 57.525574283071506, "lanes": null, "maxspeed": null, "name": null, "junction": null, "access": null, "bridge": null, "relation_id": "19260504" }, "geometry": { "type": "LineString", "coordinates": [ [ 106.7033378, 10.7918788 ], [ 106.7034583, 10.7920461 ], [ 106.7036, 10.792238 ], [ 106.703645, 10.792299 ] ] } },
{ "type": "Feature", "properties": { "osmid": "35113888", "highway": "residential", "oneway": false, "reversed": "False", "length": 45.596515850111636, "lanes": null, "maxspeed": null, "name": "Hẻm D Chung Cư Nguyễn Ðình Chiểu", "junction": null, "access": null, "bridge": null, "relation_id": "19260504" }, "geometry": { "type": "LineString", "coordinates": [ [ 106.7033378, 10.7918788 ], [ 106.7035771, 10.7918263 ], [ 106.7036433, 10.7918118 ], [ 106.7037452, 10.7917894 ] ] } },
{ "type": "Feature", "properties": { "osmid": "35112812", "highway": "residential", "oneway": false, "reversed": "False", "length": 57.525574283071499, "lanes": null, "maxspeed": null, "name": null, "junction": null, "access": null, "bridge": null, "relation_id": "19260504" }, "geometry": { "type": "LineString", "coordinates": [ [ 106.703645, 10.792299 ], [ 106.7036, 10.792238 ], [ 106.7034583, 10.7920461 ], [ 106.7033378, 10.7918788 ] ] } },
{ "type": "Feature", "properties": { "osmid": "1264456876", "highway": "tertiary", "oneway": false, "reversed": "False", "length": 104.22268766531225, "lanes": "2", "maxspeed": "50", "name": "Hoàng Sa", "junction": null, "access": null, "bridge": null, "relation_id": "19260504" }, "geometry": { "type": "LineString", "coordinates": [ [ 106.703645, 10.792299 ], [ 106.7038763, 10.7922446 ], [ 106.7041057, 10.7921834 ], [ 106.7043346, 10.7921148 ], [ 106.7045613, 10.7920395 ] ] } },
{ "type": "Feature", "properties": { "osmid": "35112849", "highway": "residential", "oneway": false, "reversed": "True", "length": 20.658864066660737, "lanes": null, "maxspeed": null, "name": null, "junction": null, "access": null, "bridge": null, "relation_id": "19260504" }, "geometry": { "type": "LineString", "coordinates": [ [ 106.7032629, 10.7917082 ], [ 106.7033378, 10.7918788 ] ] } },
{ "type": "Feature", "properties": { "osmid": "35114316", "highway": "residential", "oneway": false, "reversed": "True", "length": 48.807790728061924, "lanes": null, "maxspeed": null, "name": "Hẻm B Chung Cư Nguyễn Ðình Chiểu", "junction": null, "access": null, "bridge": null, "relation_id": "19260504" }, "geometry": { "type": "LineString", "coordinates": [ [ 106.7032629, 10.7917082 ], [ 106.7037025, 10.7916295 ] ] } },
{ "type": "Feature", "properties": { "osmid": "35112818", "highway": "residential", "oneway": false, "reversed": "False", "length": 56.985450768531045, "lanes": null, "maxspeed": null, "name": null, "junction": null, "access": null, "bridge": null, "relation_id": "19260504" }, "geometry": { "type": "LineString", "coordinates": [ [ 106.7032629, 10.7917082 ], [ 106.7029822, 10.7917543 ], [ 106.7027569, 10.7918269 ] ] } },
{ "type": "Feature", "properties": { "osmid": "35112855", "highway": "residential", "oneway": false, "reversed": "False", "length": 47.170317724564448, "lanes": null, "maxspeed": null, "name": null, "junction": null, "access": null, "bridge": null, "relation_id": "19260504" }, "geometry": { "type": "LineString", "coordinates": [ [ 106.7045613, 10.7920395 ], [ 106.7045404, 10.7919703 ], [ 106.7044385, 10.7916328 ] ] } },
{ "type": "Feature", "properties": { "osmid": "1264456876", "highway": "tertiary", "oneway": false, "reversed": "False", "length": 57.051879781372932, "lanes": "2", "maxspeed": "50", "name": "Hoàng Sa", "junction": null, "access": null, "bridge": null, "relation_id": "19260504" }, "geometry": { "type": "LineString", "coordinates": [ [ 106.7045613, 10.7920395 ], [ 106.704727, 10.7919871 ], [ 106.7048908, 10.7919292 ], [ 106.7050526, 10.7918659 ] ] } },
{ "type": "Feature", "properties": { "osmid": "1264456876", "highway": "tertiary", "oneway": false, "reversed": "True", "length": 104.22268766531224, "lanes": "2", "maxspeed": "50", "name": "Hoàng Sa", "junction": null, "access": null, "bridge": null, "relation_id": "19260504" }, "geometry": { "type": "LineString", "coordinates": [ [ 106.7045613, 10.7920395 ], [ 106.7043346, 10.7921148 ], [ 106.7041057, 10.7921834 ], [ 106.7038763, 10.7922446 ], [ 106.703645, 10.792299 ] ] } },
{ "type": "Feature", "properties": { "osmid": "35112852", "highway": "residential", "oneway": false, "reversed": "False", "length": 18.435105963711198, "lanes": null, "maxspeed": null, "name": null, "junction": null, "access": null, "bridge": null, "relation_id": "19260504" }, "geometry": { "type": "LineString", "coordinates": [ [ 106.7044385, 10.7916328 ], [ 106.704315, 10.7915198 ] ] } },
{ "type": "Feature", "properties": { "osmid": "35112855", "highway": "residential", "oneway": false, "reversed": "True", "length": 47.170317724564448, "lanes": null, "maxspeed": null, "name": null, "junction": null, "access": null, "bridge": null, "relation_id": "19260504" }, "geometry": { "type": "LineString", "coordinates": [ [ 106.7044385, 10.7916328 ], [ 106.7045404, 10.7919703 ], [ 106.7045613, 10.7920395 ] ] } },
{ "type": "Feature", "properties": { "osmid": [ 35113888, 35113879 ], "highway": "residential", "oneway": false, "reversed": [ false, true ], "length": 97.943649770109374, "lanes": null, "maxspeed": null, "name": "Hẻm D Chung Cư Nguyễn Ðình Chiểu", "junction": null, "access": null, "bridge": null, "relation_id": "19260504" }, "geometry": { "type": "LineString", "coordinates": [ [ 106.7044385, 10.7916328 ], [ 106.7048914, 10.791516 ], [ 106.7049853, 10.7915503 ], [ 106.7050349, 10.7917827 ], [ 106.7050526, 10.7918659 ] ] } },
{ "type": "Feature", "properties": { "osmid": "35113888", "highway": "residential", "oneway": false, "reversed": "True", "length": 46.605918687442468, "lanes": null, "maxspeed": null, "name": "Hẻm D Chung Cư Nguyễn Ðình Chiểu", "junction": null, "access": null, "bridge": null, "relation_id": "19260504" }, "geometry": { "type": "LineString", "coordinates": [ [ 106.7044385, 10.7916328 ], [ 106.7041641, 10.7916975 ], [ 106.7040771, 10.7917166 ], [ 106.7040231, 10.7917285 ] ] } },
{ "type": "Feature", "properties": { "osmid": "35112852", "highway": "residential", "oneway": false, "reversed": "True", "length": 18.435105963711198, "lanes": null, "maxspeed": null, "name": null, "junction": null, "access": null, "bridge": null, "relation_id": "19260504" }, "geometry": { "type": "LineString", "coordinates": [ [ 106.704315, 10.7915198 ], [ 106.7044385, 10.7916328 ] ] } },
{ "type": "Feature", "properties": { "osmid": "35114316", "highway": "residential", "oneway": false, "reversed": "False", "length": 37.006165403212322, "lanes": null, "maxspeed": null, "name": "Hẻm B Chung Cư Nguyễn Ðình Chiểu", "junction": null, "access": null, "bridge": null, "relation_id": "19260504" }, "geometry": { "type": "LineString", "coordinates": [ [ 106.704315, 10.7915198 ], [ 106.7039817, 10.7915795 ] ] } },
{ "type": "Feature", "properties": { "osmid": "35113068", "highway": "residential", "oneway": false, "reversed": "False", "length": 35.626685658834184, "lanes": null, "maxspeed": null, "name": null, "junction": null, "access": null, "bridge": null, "relation_id": "19260504" }, "geometry": { "type": "LineString", "coordinates": [ [ 106.704315, 10.7915198 ], [ 106.7042871, 10.7914291 ], [ 106.7042208, 10.7913366 ], [ 106.7041807, 10.7912312 ] ] } },
{ "type": "Feature", "properties": { "osmid": "35113068", "highway": "residential", "oneway": false, "reversed": "True", "length": 35.626685658834177, "lanes": null, "maxspeed": null, "name": null, "junction": null, "access": null, "bridge": null, "relation_id": "19260504" }, "geometry": { "type": "LineString", "coordinates": [ [ 106.7041807, 10.7912312 ], [ 106.7042208, 10.7913366 ], [ 106.7042871, 10.7914291 ], [ 106.704315, 10.7915198 ] ] } },
{ "type": "Feature", "properties": { "osmid": [ 35113888, 35113879 ], "highway": "residential", "oneway": false, "reversed": [ false, true ], "length": 97.943649770109374, "lanes": null, "maxspeed": null, "name": "Hẻm D Chung Cư Nguyễn Ðình Chiểu", "junction": null, "access": null, "bridge": null, "relation_id": "19260504" }, "geometry": { "type": "LineString", "coordinates": [ [ 106.7050526, 10.7918659 ], [ 106.7050349, 10.7917827 ], [ 106.7049853, 10.7915503 ], [ 106.7048914, 10.791516 ], [ 106.7044385, 10.7916328 ] ] } },
{ "type": "Feature", "properties": { "osmid": "1264456876", "highway": "tertiary", "oneway": false, "reversed": "False", "length": 131.9690337269131, "lanes": "2", "maxspeed": "50", "name": "Hoàng Sa", "junction": null, "access": null, "bridge": null, "relation_id": "19260504" }, "geometry": { "type": "LineString", "coordinates": [ [ 106.7050526, 10.7918659 ], [ 106.7051736, 10.7918144 ], [ 106.7052933, 10.7917598 ], [ 106.7053154, 10.7917493 ], [ 106.7053355, 10.7917355 ], [ 106.7053531, 10.7917187 ], [ 106.7053727, 10.7916909 ], [ 106.7053854, 10.7916595 ], [ 106.705621, 10.7909512 ], [ 106.7056334, 10.7909104 ] ] } },
{ "type": "Feature", "properties": { "osmid": "1264456876", "highway": "tertiary", "oneway": false, "reversed": "True", "length": 57.051879781372932, "lanes": "2", "maxspeed": "50", "name": "Hoàng Sa", "junction": null, "access": null, "bridge": null, "relation_id": "19260504" }, "geometry": { "type": "LineString", "coordinates": [ [ 106.7050526, 10.7918659 ], [ 106.7048908, 10.7919292 ], [ 106.704727, 10.7919871 ], [ 106.7045613, 10.7920395 ] ] } },
{ "type": "Feature", "properties": { "osmid": "1173852473", "highway": "secondary", "oneway": true, "reversed": "False", "length": 55.439532011452108, "lanes": "2", "maxspeed": "60", "name": "Nguyễn Đình Chiểu", "junction": null, "access": null, "bridge": null, "relation_id": "19260504" }, "geometry": { "type": "LineString", "coordinates": [ [ 106.7010996, 10.7900597 ], [ 106.7007533, 10.7896952 ] ] } },
{ "type": "Feature", "properties": { "osmid": [ 35114514, 35113866 ], "highway": "residential", "oneway": false, "reversed": [ false, true ], "length": 309.16112921053735, "lanes": null, "maxspeed": null, "name": "Phạm Khắc", "junction": null, "access": null, "bridge": null, "relation_id": "19260504" }, "geometry": { "type": "LineString", "coordinates": [ [ 106.7010996, 10.7900597 ], [ 106.7012752, 10.7898603 ], [ 106.7013224, 10.7897184 ], [ 106.7013473, 10.7895743 ], [ 106.701371, 10.7895175 ], [ 106.701565, 10.7893344 ], [ 106.701708, 10.7891994 ], [ 106.7019137, 10.7890124 ], [ 106.7019398, 10.788971 ], [ 106.7019553, 10.7889274 ], [ 106.7020117, 10.7887184 ], [ 106.7020273, 10.7886792 ], [ 106.7020513, 10.7886442 ], [ 106.7020817, 10.7886113 ], [ 106.7023377, 10.7883776 ], [ 106.7025438, 10.788186 ], [ 106.7028134, 10.7879369 ] ] } },
{ "type": "Feature", "properties": { "osmid": "1173852133", "highway": "secondary", "oneway": true, "reversed": "False", "length": 97.050678244035353, "lanes": "2", "maxspeed": "60", "name": "Nguyễn Đình Chiểu", "junction": null, "access": null, "bridge": null, "relation_id": "19260504" }, "geometry": { "type": "LineString", "coordinates": [ [ 106.7001939, 10.7891062 ], [ 106.7000249, 10.7889283 ], [ 106.699813, 10.7887052 ], [ 106.6995877, 10.7884681 ] ] } },
{ "type": "Feature", "properties": { "osmid": "35112903", "highway": "residential", "oneway": true, "reversed": "False", "length": 141.75624075357709, "lanes": "2", "maxspeed": "50", "name": "Thi Sách", "junction": null, "access": null, "bridge": null, "relation_id": "19260504" }, "geometry": { "type": "LineString", "coordinates": [ [ 106.7047964, 10.7781081 ], [ 106.7057341, 10.7772268 ] ] } },
{ "type": "Feature", "properties": { "osmid": "35113661", "highway": "residential", "oneway": true, "reversed": "False", "length": 83.188953367202245, "lanes": null, "maxspeed": null, "name": "Nguyễn Siêu", "junction": null, "access": null, "bridge": null, "relation_id": "19260504" }, "geometry": { "type": "LineString", "coordinates": [ [ 106.7047964, 10.7781081 ], [ 106.7053153, 10.7786557 ] ] } },
{ "type": "Feature", "properties": { "osmid": "35113814", "highway": "tertiary", "oneway": false, "reversed": "True", "length": 130.49805169576987, "lanes": "2", "maxspeed": "50", "name": "Trần Cao Vân", "junction": null, "access": null, "bridge": null, "relation_id": "19260504" }, "geometry": { "type": "LineString", "coordinates": [ [ 106.6978569, 10.784656 ], [ 106.6986683, 10.7855174 ] ] } },
{ "type": "Feature", "properties": { "osmid": "330378030", "highway": "tertiary", "oneway": true, "reversed": "False", "length": 83.497950803179592, "lanes": "2", "maxspeed": "60", "name": "Phùng Khắc Khoan", "junction": null, "access": null, "bridge": null, "relation_id": "19260504" }, "geometry": { "type": "LineString", "coordinates": [ [ 106.6978569, 10.784656 ], [ 106.6973003, 10.7851707 ] ] } },
{ "type": "Feature", "properties": { "osmid": "35113814", "highway": "tertiary", "oneway": false, "reversed": "False", "length": 130.49805169576987, "lanes": "2", "maxspeed": "50", "name": "Trần Cao Vân", "junction": null, "access": null, "bridge": null, "relation_id": "19260504" }, "geometry": { "type": "LineString", "coordinates": [ [ 106.6986683, 10.7855174 ], [ 106.6978569, 10.784656 ] ] } },
{ "type": "Feature", "properties": { "osmid": "673254854", "highway": "tertiary", "oneway": true, "reversed": "False", "length": 152.47387442840653, "lanes": "2", "maxspeed": "60", "name": "Mạc Đĩnh Chi", "junction": null, "access": null, "bridge": null, "relation_id": "19260504" }, "geometry": { "type": "LineString", "coordinates": [ [ 106.6986683, 10.7855174 ], [ 106.6988424, 10.785356 ], [ 106.699163, 10.7850589 ], [ 106.6993556, 10.7848759 ], [ 106.6996774, 10.78457 ] ] } },
{ "type": "Feature", "properties": { "osmid": "341508364", "highway": "residential", "oneway": false, "reversed": "False", "length": 128.95574694006692, "lanes": "2", "maxspeed": "50", "name": "Ngô Ðức Kế", "junction": null, "access": null, "bridge": null, "relation_id": "19260504" }, "geometry": { "type": "LineString", "coordinates": [ [ 106.7056516, 10.7736801 ], [ 106.7056883, 10.7737453 ], [ 106.7061514, 10.7746529 ], [ 106.706182, 10.7747161 ] ] } },
{ "type": "Feature", "properties": { "osmid": "341508364", "highway": "residential", "oneway": false, "reversed": "True", "length": 98.765301745272865, "lanes": "2", "maxspeed": "50", "name": "Ngô Ðức Kế", "junction": null, "access": null, "bridge": null, "relation_id": "19260504" }, "geometry": { "type": "LineString", "coordinates": [ [ 106.7056516, 10.7736801 ], [ 106.7056098, 10.7736214 ], [ 106.7053711, 10.7733581 ], [ 106.7051152, 10.7730822 ], [ 106.7050529, 10.7730152 ] ] } },
{ "type": "Feature", "properties": { "osmid": "1375732864", "highway": "tertiary", "oneway": true, "reversed": "False", "length": 112.54994287208181, "lanes": "2", "maxspeed": "60", "name": "Ðồng Khởi", "junction": null, "access": null, "bridge": null, "relation_id": "19260504" }, "geometry": { "type": "LineString", "coordinates": [ [ 106.7056516, 10.7736801 ], [ 106.7057234, 10.7736159 ], [ 106.7062644, 10.7731087 ], [ 106.7064008, 10.7729853 ] ] } },
{ "type": "Feature", "properties": { "osmid": "35112903", "highway": "residential", "oneway": true, "reversed": "False", "length": 36.60512826287075, "lanes": "2", "maxspeed": "50", "name": "Thi Sách", "junction": null, "access": null, "bridge": null, "relation_id": "19260504" }, "geometry": { "type": "LineString", "coordinates": [ [ 106.7045538, 10.7783352 ], [ 106.7047964, 10.7781081 ] ] } },
{ "type": "Feature", "properties": { "osmid": "35113279", "highway": "residential", "oneway": true, "reversed": "False", "length": 107.96577750808454, "lanes": null, "maxspeed": null, "name": "Cao Bá Quát", "junction": null, "access": null, "bridge": null, "relation_id": "19260504" }, "geometry": { "type": "LineString", "coordinates": [ [ 106.7045538, 10.7783352 ], [ 106.7038862, 10.7776192 ] ] } },
{ "type": "Feature", "properties": { "osmid": "35113279", "highway": "residential", "oneway": true, "reversed": "False", "length": 81.528498512181727, "lanes": null, "maxspeed": null, "name": "Cao Bá Quát", "junction": null, "access": null, "bridge": null, "relation_id": "19260504" }, "geometry": { "type": "LineString", "coordinates": [ [ 106.7050579, 10.7788759 ], [ 106.7045538, 10.7783352 ] ] } },
{ "type": "Feature", "properties": { "osmid": "211405688", "highway": "residential", "oneway": true, "reversed": "False", "length": 66.619857913015281, "lanes": null, "maxspeed": null, "name": "Đường Thái Văn Lung", "junction": null, "access": null, "bridge": null, "relation_id": "19260504" }, "geometry": { "type": "LineString", "coordinates": [ [ 106.7050579, 10.7788759 ], [ 106.7045988, 10.7792703 ] ] } },
{ "type": "Feature", "properties": { "osmid": "1343964592", "highway": "residential", "oneway": false, "reversed": "True", "length": 98.60751675408811, "lanes": null, "maxspeed": null, "name": "Chu Mạnh Trinh", "junction": null, "access": null, "bridge": null, "relation_id": "19260504" }, "geometry": { "type": "LineString", "coordinates": [ [ 106.7045966, 10.7818313 ], [ 106.7053602, 10.7813583 ] ] } },
{ "type": "Feature", "properties": { "osmid": "408188966", "highway": "residential", "oneway": false, "reversed": "False", "length": 78.363618665626802, "lanes": "2", "maxspeed": "50", "name": "Chu Mạnh Trinh", "junction": null, "access": null, "bridge": null, "relation_id": "19260504" }, "geometry": { "type": "LineString", "coordinates": [ [ 106.7045966, 10.7818313 ], [ 106.7043651, 10.7820404 ], [ 106.7040685, 10.7823083 ] ] } },
{ "type": "Feature", "properties": { "osmid": "1343964591", "highway": "tertiary", "oneway": true, "reversed": "False", "length": 147.85933751816367, "lanes": null, "maxspeed": null, "name": "Lý Tự Trọng", "junction": null, "access": null, "bridge": null, "relation_id": "19260504" }, "geometry": { "type": "LineString", "coordinates": [ [ 106.7045966, 10.7818313 ], [ 106.7050432, 10.7823171 ], [ 106.7051783, 10.7824641 ], [ 106.7055038, 10.7828182 ] ] } },
{ "type": "Feature", "properties": { "osmid": [ 749986268, 1218661463 ], "highway": "secondary", "oneway": true, "reversed": "False", "length": 441.04656715335466, "lanes": "2", "maxspeed": "50", "name": "Nguyễn Bỉnh Khiêm", "junction": null, "access": null, "bridge": null, "relation_id": "19260504" }, "geometry": { "type": "LineString", "coordinates": [ [ 106.7050041, 10.7872537 ], [ 106.7055442, 10.7867537 ], [ 106.7059546, 10.7863738 ], [ 106.7059678, 10.7863616 ], [ 106.7077851, 10.7846792 ], [ 106.7078441, 10.784626 ], [ 106.7079426, 10.7845334 ] ] } },
{ "type": "Feature", "properties": { "osmid": "1525707689", "highway": "primary", "oneway": false, "reversed": "False", "length": 22.96737469613695, "lanes": "3", "maxspeed": null, "name": "Lê Duẩn", "junction": null, "access": null, "bridge": null, "relation_id": "19260504" }, "geometry": { "type": "LineString", "coordinates": [ [ 106.7050041, 10.7872537 ], [ 106.7049362, 10.7871818 ], [ 106.7048776, 10.7871193 ], [ 106.7048614, 10.787102 ] ] } },
{ "type": "Feature", "properties": { "osmid": "690160065", "highway": "tertiary", "oneway": true, "reversed": "False", "length": 136.00986763709696, "lanes": "2", "maxspeed": "60", "name": "Nguyễn Du", "junction": null, "access": null, "bridge": null, "relation_id": "19260504" }, "geometry": { "type": "LineString", "coordinates": [ [ 106.7017473, 10.7826605 ], [ 106.7016741, 10.7823791 ], [ 106.7016484, 10.7822804 ], [ 106.7014332, 10.7814769 ] ] } },
{ "type": "Feature", "properties": { "osmid": "1185264622", "highway": "tertiary", "oneway": false, "reversed": "True", "length": 81.272860346359522, "lanes": "2", "maxspeed": "50", "name": "Mạc Đĩnh Chi", "junction": null, "access": null, "bridge": null, "relation_id": "19260504" }, "geometry": { "type": "LineString", "coordinates": [ [ 106.7017473, 10.7826605 ], [ 106.7016911, 10.7827124 ], [ 106.7013685, 10.7830096 ], [ 106.7012493, 10.783119 ], [ 106.7012045, 10.7831604 ] ] } },
{ "type": "Feature", "properties": { "osmid": "1343964592", "highway": "residential", "oneway": false, "reversed": "False", "length": 98.60751675408811, "lanes": null, "maxspeed": null, "name": "Chu Mạnh Trinh", "junction": null, "access": null, "bridge": null, "relation_id": "19260504" }, "geometry": { "type": "LineString", "coordinates": [ [ 106.7053602, 10.7813583 ], [ 106.7045966, 10.7818313 ] ] } },
{ "type": "Feature", "properties": { "osmid": "828323704", "highway": "tertiary", "oneway": true, "reversed": "False", "length": 137.61777575009697, "lanes": null, "maxspeed": null, "name": "Lê Thánh Tôn", "junction": null, "access": null, "bridge": null, "relation_id": "19260504" }, "geometry": { "type": "LineString", "coordinates": [ [ 106.7053602, 10.7813583 ], [ 106.7052099, 10.7811837 ], [ 106.7051153, 10.7810737 ], [ 106.704928, 10.7808561 ], [ 106.7049061, 10.780832 ], [ 106.7047614, 10.7806634 ], [ 106.7045468, 10.7804132 ] ] } },
{ "type": "Feature", "properties": { "osmid": "35115028", "highway": "residential", "oneway": false, "reversed": "False", "length": 123.9332165171692, "lanes": null, "maxspeed": null, "name": "Thái Văn Lung", "junction": null, "access": null, "bridge": null, "relation_id": "19260504" }, "geometry": { "type": "LineString", "coordinates": [ [ 106.7061554, 10.7779066 ], [ 106.7053153, 10.7786557 ] ] } },
{ "type": "Feature", "properties": { "osmid": "1207320850", "highway": "residential", "oneway": false, "reversed": "False", "length": 109.2718193142326, "lanes": "2", "maxspeed": "50", "name": "Mạc Thị Bưởi", "junction": null, "access": null, "bridge": null, "relation_id": "19260504" }, "geometry": { "type": "LineString", "coordinates": [ [ 106.7055219, 10.7761461 ], [ 106.7048401, 10.775427 ] ] } },
{ "type": "Feature", "properties": { "osmid": "1343964590", "highway": "primary", "oneway": false, "reversed": "False", "length": 63.421350733794824, "lanes": "2", "maxspeed": "60", "name": "Hai Bà Trưng", "junction": null, "access": null, "bridge": null, "relation_id": "19260504" }, "geometry": { "type": "LineString", "coordinates": [ [ 106.7055219, 10.7761461 ], [ 106.7050971, 10.7765349 ] ] } },
{ "type": "Feature", "properties": { "osmid": "35114854", "highway": "primary", "oneway": false, "reversed": "True", "length": 70.483762932261243, "lanes": "2", "maxspeed": null, "name": "Hai Bà Trưng", "junction": null, "access": null, "bridge": null, "relation_id": "19260504" }, "geometry": { "type": "LineString", "coordinates": [ [ 106.7055219, 10.7761461 ], [ 106.7057121, 10.7759815 ], [ 106.7059198, 10.7757982 ], [ 106.7060029, 10.7757236 ] ] } },
{ "type": "Feature", "properties": { "osmid": "1173852473", "highway": "secondary", "oneway": true, "reversed": "False", "length": 66.132702592585247, "lanes": "2", "maxspeed": "60", "name": "Nguyễn Đình Chiểu", "junction": null, "access": null, "bridge": null, "relation_id": "19260504" }, "geometry": { "type": "LineString", "coordinates": [ [ 106.7015127, 10.7904945 ], [ 106.7010996, 10.7900597 ] ] } },
{ "type": "Feature", "properties": { "osmid": "35113963", "highway": "primary", "oneway": true, "reversed": "False", "length": 209.10687309824678, "lanes": "2", "maxspeed": "60", "name": "Nguyễn Bỉnh Khiêm", "junction": null, "access": null, "bridge": null, "relation_id": "19260504" }, "geometry": { "type": "LineString", "coordinates": [ [ 106.7015127, 10.7904945 ], [ 106.7019859, 10.7900529 ], [ 106.702482, 10.7895899 ], [ 106.7025442, 10.7895328 ], [ 106.7029041, 10.7892029 ] ] } },
{ "type": "Feature", "properties": { "osmid": "39622852", "highway": "tertiary", "oneway": false, "reversed": "True", "length": 201.11305567302441, "lanes": null, "maxspeed": "50", "name": "Nguyễn Đình Chiểu", "junction": null, "access": null, "bridge": null, "relation_id": "19260504" }, "geometry": { "type": "LineString", "coordinates": [ [ 106.7015127, 10.7904945 ], [ 106.7019496, 10.7909508 ], [ 106.7022238, 10.7912371 ], [ 106.7023469, 10.7913819 ], [ 106.7026825, 10.7917368 ], [ 106.7027113, 10.7917682 ], [ 106.7027569, 10.7918269 ] ] } },
{ "type": "Feature", "properties": { "osmid": "1173862242", "highway": "primary", "oneway": false, "reversed": "False", "length": 7.1593055784682642, "lanes": "2", "maxspeed": null, "name": "Nguyễn Bỉnh Khiêm", "junction": null, "access": null, "bridge": null, "relation_id": "19260504" }, "geometry": { "type": "LineString", "coordinates": [ [ 106.7035437, 10.7886056 ], [ 106.7034951, 10.7886488 ] ] } },
{ "type": "Feature", "properties": { "osmid": "465161872", "highway": "primary", "oneway": true, "reversed": "False", "length": 219.18922717167135, "lanes": "2", "maxspeed": "60", "name": "Nguyễn Bỉnh Khiêm", "junction": null, "access": null, "bridge": null, "relation_id": "19260504" }, "geometry": { "type": "LineString", "coordinates": [ [ 106.7035437, 10.7886056 ], [ 106.7041462, 10.7880479 ], [ 106.7050041, 10.7872537 ] ] } },
{ "type": "Feature", "properties": { "osmid": "1258912424", "highway": "primary", "oneway": true, "reversed": "False", "length": 154.21826627175921, "lanes": "2", "maxspeed": "60", "name": "Nguyễn Thị Minh Khai", "junction": null, "access": null, "bridge": null, "relation_id": "19260504" }, "geometry": { "type": "LineString", "coordinates": [ [ 106.7035437, 10.7886056 ], [ 106.7041836, 10.7892893 ], [ 106.7045046, 10.7896217 ] ] } },
{ "type": "Feature", "properties": { "osmid": "58800527", "highway": "primary", "oneway": false, "reversed": "False", "length": 191.33234343102384, "lanes": "4", "maxspeed": "50", "name": "Nguyễn Thị Minh Khai", "junction": null, "access": null, "bridge": null, "relation_id": "19260504" }, "geometry": { "type": "LineString", "coordinates": [ [ 106.6996774, 10.78457 ], [ 106.6998417, 10.7847404 ], [ 106.7001438, 10.7850538 ], [ 106.7001851, 10.7851061 ], [ 106.7003365, 10.7852659 ], [ 106.7004309, 10.7853656 ], [ 106.7005114, 10.7854506 ], [ 106.7005532, 10.7854947 ], [ 106.7008703, 10.7858296 ] ] } },
{ "type": "Feature", "properties": { "osmid": "673254863", "highway": "tertiary", "oneway": true, "reversed": "False", "length": 220.83377092223515, "lanes": "2", "maxspeed": "60", "name": "Mạc Đĩnh Chi", "junction": null, "access": null, "bridge": null, "relation_id": "19260504" }, "geometry": { "type": "LineString", "coordinates": [ [ 106.6996774, 10.78457 ], [ 106.7003837, 10.7839156 ], [ 106.7004278, 10.7838747 ], [ 106.700535, 10.7837754 ], [ 106.7007734, 10.7835581 ], [ 106.7011503, 10.7832096 ] ] } },
{ "type": "Feature", "properties": { "osmid": [ 1391781905, 1268643579 ], "highway": "primary", "oneway": false, "reversed": "True", "length": 94.538785524690439, "lanes": "4", "maxspeed": "50", "name": "Nguyễn Thị Minh Khai", "junction": null, "access": null, "bridge": null, "relation_id": "19260504" }, "geometry": { "type": "LineString", "coordinates": [ [ 106.6996774, 10.78457 ], [ 106.6991203, 10.7839759 ], [ 106.6990912, 10.7839445 ] ] } },
{ "type": "Feature", "properties": { "osmid": "1207320850", "highway": "residential", "oneway": false, "reversed": "False", "length": 79.505256924735264, "lanes": "2", "maxspeed": "50", "name": "Mạc Thị Bưởi", "junction": null, "access": null, "bridge": null, "relation_id": "19260504" }, "geometry": { "type": "LineString", "coordinates": [ [ 106.7048401, 10.775427 ], [ 106.7043426, 10.7749051 ] ] } },
{ "type": "Feature", "properties": { "osmid": "1207320850", "highway": "residential", "oneway": false, "reversed": "True", "length": 109.2718193142326, "lanes": "2", "maxspeed": "50", "name": "Mạc Thị Bưởi", "junction": null, "access": null, "bridge": null, "relation_id": "19260504" }, "geometry": { "type": "LineString", "coordinates": [ [ 106.7048401, 10.775427 ], [ 106.7055219, 10.7761461 ] ] } },
{ "type": "Feature", "properties": { "osmid": "1207320851", "highway": "residential", "oneway": false, "reversed": "False", "length": 107.97555144552899, "lanes": "2", "maxspeed": "50", "name": "Phan Văn Ðạt", "junction": null, "access": null, "bridge": null, "relation_id": "19260504" }, "geometry": { "type": "LineString", "coordinates": [ [ 106.7048401, 10.775427 ], [ 106.7055256, 10.7753672 ], [ 106.7057335, 10.7753491 ], [ 106.7058247, 10.7753411 ] ] } },
{ "type": "Feature", "properties": { "osmid": "1182181724", "highway": "secondary", "oneway": false, "reversed": "True", "length": 9.8348186593196907, "lanes": "2", "maxspeed": null, "name": "Lê Văn Hưu", "junction": null, "access": null, "bridge": null, "relation_id": "19260504" }, "geometry": { "type": "LineString", "coordinates": [ [ 106.7004492, 10.7823516 ], [ 106.7003807, 10.782409 ] ] } },
{ "type": "Feature", "properties": { "osmid": "35113892", "highway": "residential", "oneway": false, "reversed": "True", "length": 144.95877293933492, "lanes": "2", "maxspeed": "50", "name": "Lê Văn Hưu", "junction": null, "access": null, "bridge": null, "relation_id": "19260504" }, "geometry": { "type": "LineString", "coordinates": [ [ 106.7004492, 10.7823516 ], [ 106.7013544, 10.7815484 ], [ 106.7014332, 10.7814769 ] ] } },
{ "type": "Feature", "properties": { "osmid": "749983355", "highway": "secondary", "oneway": true, "reversed": "False", "length": 58.33207437515297, "lanes": "3", "maxspeed": "50", "name": "Lê Duẩn", "junction": null, "access": null, "bridge": null, "relation_id": "19260504" }, "geometry": { "type": "LineString", "coordinates": [ [ 106.7004492, 10.7823516 ], [ 106.7005043, 10.7824136 ], [ 106.7005596, 10.7824725 ], [ 106.700811, 10.7827374 ] ] } },
{ "type": "Feature", "properties": { "osmid": "1146950652", "highway": "residential", "oneway": false, "reversed": "False", "length": 49.375219080941363, "lanes": "1", "maxspeed": null, "name": "Ngô Văn Năm", "junction": null, "access": null, "bridge": null, "relation_id": "19260504" }, "geometry": { "type": "LineString", "coordinates": [ [ 106.7055963, 10.7816326 ], [ 106.7059614, 10.7813708 ] ] } },
{ "type": "Feature", "properties": { "osmid": "1409383208", "highway": "tertiary", "oneway": true, "reversed": "False", "length": 39.942581128819562, "lanes": null, "maxspeed": null, "name": "Lê Thánh Tôn", "junction": null, "access": null, "bridge": null, "relation_id": "19260504" }, "geometry": { "type": "LineString", "coordinates": [ [ 106.7055963, 10.7816326 ], [ 106.7055534, 10.7815828 ], [ 106.7053602, 10.7813583 ] ] } },
{ "type": "Feature", "properties": { "osmid": "35114791", "highway": "residential", "oneway": false, "reversed": "False", "length": 92.290894854363046, "lanes": "2", "maxspeed": null, "name": "Ngô Văn Năm", "junction": null, "access": null, "bridge": null, "relation_id": "19260504" }, "geometry": { "type": "LineString", "coordinates": [ [ 106.7064292, 10.7810366 ], [ 106.7065037, 10.7807527 ], [ 106.7068439, 10.7805858 ], [ 106.7069926, 10.7805129 ] ] } },
{ "type": "Feature", "properties": { "osmid": "1413612752", "highway": "residential", "oneway": true, "reversed": "False", "length": 66.010712594257456, "lanes": "1", "maxspeed": "50", "name": "Ngô Văn Năm", "junction": null, "access": null, "bridge": null, "relation_id": "19260504" }, "geometry": { "type": "LineString", "coordinates": [ [ 106.7064292, 10.7810366 ], [ 106.7063951, 10.7811123 ], [ 106.706266, 10.7812218 ], [ 106.7061047, 10.7813438 ], [ 106.7059614, 10.7813708 ] ] } },
{ "type": "Feature", "properties": { "osmid": "1178233815", "highway": "residential", "oneway": false, "reversed": "False", "length": 92.147799517038919, "lanes": "2", "maxspeed": "50", "name": "Ngô Văn Năm", "junction": null, "access": null, "bridge": null, "relation_id": "19260504" }, "geometry": { "type": "LineString", "coordinates": [ [ 106.7069926, 10.7805129 ], [ 106.70774, 10.7801286 ] ] } },
{ "type": "Feature", "properties": { "osmid": "35114791", "highway": "residential", "oneway": false, "reversed": "True", "length": 92.290894854363046, "lanes": "2", "maxspeed": null, "name": "Ngô Văn Năm", "junction": null, "access": null, "bridge": null, "relation_id": "19260504" }, "geometry": { "type": "LineString", "coordinates": [ [ 106.7069926, 10.7805129 ], [ 106.7068439, 10.7805858 ], [ 106.7065037, 10.7807527 ], [ 106.7064292, 10.7810366 ] ] } },
{ "type": "Feature", "properties": { "osmid": [ 1485632374, 605468831 ], "highway": "residential", "oneway": false, "reversed": "False", "length": 276.108719702494, "lanes": "2", "maxspeed": "50", "name": "Nguyễn Siêu", "junction": null, "access": null, "bridge": null, "relation_id": "19260504" }, "geometry": { "type": "LineString", "coordinates": [ [ 106.7069926, 10.7805129 ], [ 106.7064705, 10.7799174 ], [ 106.7064211, 10.779861 ], [ 106.7062458, 10.7796612 ], [ 106.7060711, 10.7794619 ], [ 106.7053153, 10.7786557 ] ] } },
{ "type": "Feature", "properties": { "osmid": "120276777", "highway": "residential", "oneway": true, "reversed": "False", "length": 55.616936463044979, "lanes": "2", "maxspeed": null, "name": "Hồ Tùng Mậu", "junction": null, "access": null, "bridge": null, "relation_id": "19260504" }, "geometry": { "type": "LineString", "coordinates": [ [ 106.7031739, 10.7732753 ], [ 106.7030701, 10.7733705 ], [ 106.7028018, 10.7736167 ] ] } },
{ "type": "Feature", "properties": { "osmid": "267605899", "highway": "residential", "oneway": false, "reversed": "False", "length": 176.45965851130399, "lanes": "2", "maxspeed": null, "name": "Hồ Tùng Mậu", "junction": null, "access": null, "bridge": null, "relation_id": "19260504" }, "geometry": { "type": "LineString", "coordinates": [ [ 106.7031739, 10.7732753 ], [ 106.7036809, 10.7723054 ], [ 106.7039118, 10.7718636 ] ] } },
{ "type": "Feature", "properties": { "osmid": "1174209705", "highway": "residential", "oneway": false, "reversed": "False", "length": 82.810925230485125, "lanes": "2", "maxspeed": null, "name": "Huỳnh Thúc Kháng", "junction": null, "access": null, "bridge": null, "relation_id": "19260504" }, "geometry": { "type": "LineString", "coordinates": [ [ 106.7031739, 10.7732753 ], [ 106.7036114, 10.7737699 ], [ 106.7036705, 10.773838 ] ] } },
{ "type": "Feature", "properties": { "osmid": [ 320379105, 1372004231 ], "highway": "tertiary", "oneway": true, "reversed": "False", "length": 98.106859973065255, "lanes": "2", "maxspeed": null, "name": "Lê Thánh Tôn", "junction": null, "access": null, "bridge": null, "relation_id": "19260504" }, "geometry": { "type": "LineString", "coordinates": [ [ 106.7018045, 10.7772405 ], [ 106.7017367, 10.7771628 ], [ 106.701493, 10.7768808 ], [ 106.7013484, 10.7767183 ], [ 106.7012702, 10.7766286 ], [ 106.7012198, 10.7765708 ] ] } },
{ "type": "Feature", "properties": { "osmid": "1278461439", "highway": "tertiary", "oneway": true, "reversed": "False", "length": 113.83133715838268, "lanes": "2", "maxspeed": "60", "name": "Ðồng Khởi", "junction": null, "access": null, "bridge": null, "relation_id": "19260504" }, "geometry": { "type": "LineString", "coordinates": [ [ 106.7018045, 10.7772405 ], [ 106.7018527, 10.777196 ], [ 106.7025356, 10.776567 ], [ 106.7025647, 10.7765403 ] ] } },
{ "type": "Feature", "properties": { "osmid": "341504312", "highway": "tertiary", "oneway": true, "reversed": "False", "length": 172.39209322292422, "lanes": "3", "maxspeed": null, "name": "Nguyễn Huệ", "junction": null, "access": null, "bridge": null, "relation_id": "19260504" }, "geometry": { "type": "LineString", "coordinates": [ [ 106.7036705, 10.773838 ], [ 106.7037168, 10.7737951 ], [ 106.7045425, 10.7730312 ], [ 106.7048194, 10.7727751 ] ] } },
{ "type": "Feature", "properties": { "osmid": "1174209705", "highway": "residential", "oneway": false, "reversed": "True", "length": 82.810925230485125, "lanes": "2", "maxspeed": null, "name": "Huỳnh Thúc Kháng", "junction": null, "access": null, "bridge": null, "relation_id": "19260504" }, "geometry": { "type": "LineString", "coordinates": [ [ 106.7036705, 10.773838 ], [ 106.7036114, 10.7737699 ], [ 106.7031739, 10.7732753 ] ] } },
{ "type": "Feature", "properties": { "osmid": "690160066", "highway": "residential", "oneway": false, "reversed": "True", "length": 147.85629036365816, "lanes": null, "maxspeed": null, "name": "Nguyễn Trung Ngạn", "junction": null, "access": null, "bridge": null, "relation_id": "19260504" }, "geometry": { "type": "LineString", "coordinates": [ [ 106.7040685, 10.7823083 ], [ 106.7049734, 10.7832972 ] ] } },
{ "type": "Feature", "properties": { "osmid": "408188966", "highway": "residential", "oneway": false, "reversed": "False", "length": 213.95363281651012, "lanes": "2", "maxspeed": "50", "name": "Chu Mạnh Trinh", "junction": null, "access": null, "bridge": null, "relation_id": "19260504" }, "geometry": { "type": "LineString", "coordinates": [ [ 106.7040685, 10.7823083 ], [ 106.7035579, 10.7827695 ], [ 106.7032423, 10.7830547 ], [ 106.7026267, 10.7836107 ] ] } },
{ "type": "Feature", "properties": { "osmid": "408188966", "highway": "residential", "oneway": false, "reversed": "True", "length": 78.363618665626802, "lanes": "2", "maxspeed": "50", "name": "Chu Mạnh Trinh", "junction": null, "access": null, "bridge": null, "relation_id": "19260504" }, "geometry": { "type": "LineString", "coordinates": [ [ 106.7040685, 10.7823083 ], [ 106.7043651, 10.7820404 ], [ 106.7045966, 10.7818313 ] ] } },
{ "type": "Feature", "properties": { "osmid": "764138307", "highway": "residential", "oneway": false, "reversed": "False", "length": 77.377466824729055, "lanes": null, "maxspeed": null, "name": "Tôn Thất Ðạm", "junction": null, "access": null, "bridge": null, "relation_id": "19260504" }, "geometry": { "type": "LineString", "coordinates": [ [ 106.702606, 10.7728438 ], [ 106.7023364, 10.7734873 ] ] } },
{ "type": "Feature", "properties": { "osmid": "1185248893", "highway": "residential", "oneway": true, "reversed": "False", "length": 78.424822095426677, "lanes": "2", "maxspeed": null, "name": "Huỳnh Thúc Kháng", "junction": null, "access": null, "bridge": null, "relation_id": "19260504" }, "geometry": { "type": "LineString", "coordinates": [ [ 106.702606, 10.7728438 ], [ 106.7031739, 10.7732753 ] ] } },
{ "type": "Feature", "properties": { "osmid": "35114629", "highway": "residential", "oneway": false, "reversed": "True", "length": 218.4247693274344, "lanes": "1", "maxspeed": "50", "name": "Tôn Thất Ðạm", "junction": null, "access": null, "bridge": null, "relation_id": "19260504" }, "geometry": { "type": "LineString", "coordinates": [ [ 106.702606, 10.7728438 ], [ 106.7031439, 10.7715751 ], [ 106.7032535, 10.7713166 ], [ 106.7033383, 10.7711167 ], [ 106.7033721, 10.7710294 ] ] } },
{ "type": "Feature", "properties": { "osmid": "1185248892", "highway": "secondary", "oneway": true, "reversed": "False", "length": 116.73446829723636, "lanes": "3", "maxspeed": "60", "name": "Pasteur", "junction": null, "access": null, "bridge": null, "relation_id": "19260504" }, "geometry": { "type": "LineString", "coordinates": [ [ 106.7018947, 10.7723028 ], [ 106.7018429, 10.7724035 ], [ 106.7017086, 10.7726919 ], [ 106.7016378, 10.7728441 ], [ 106.7014575, 10.7732605 ] ] } },
{ "type": "Feature", "properties": { "osmid": "1185248893", "highway": "residential", "oneway": true, "reversed": "False", "length": 98.264976921886756, "lanes": "2", "maxspeed": null, "name": "Huỳnh Thúc Kháng", "junction": null, "access": null, "bridge": null, "relation_id": "19260504" }, "geometry": { "type": "LineString", "coordinates": [ [ 106.7018947, 10.7723028 ], [ 106.7019908, 10.7723752 ], [ 106.702606, 10.7728438 ] ] } },
{ "type": "Feature", "properties": { "osmid": "1278461433", "highway": "tertiary", "oneway": false, "reversed": "False", "length": 34.130985744128303, "lanes": "2", "maxspeed": null, "name": "Nguyễn Du", "junction": null, "access": null, "bridge": null, "relation_id": "19260504" }, "geometry": { "type": "LineString", "coordinates": [ [ 106.7001527, 10.7791894 ], [ 106.6999459, 10.7789593 ] ] } },
{ "type": "Feature", "properties": { "osmid": "465309061", "highway": "tertiary", "oneway": true, "reversed": "False", "length": 190.22132040990462, "lanes": "3", "maxspeed": "50", "name": "Công trường Công xã Paris", "junction": null, "access": null, "bridge": null, "relation_id": "19260504" }, "geometry": { "type": "LineString", "coordinates": [ [ 106.7001527, 10.7791894 ], [ 106.6998396, 10.7794516 ], [ 106.6998199, 10.779469 ], [ 106.6996056, 10.7796594 ], [ 106.6995207, 10.7797367 ], [ 106.6991949, 10.7800465 ], [ 106.6988748, 10.7803507 ] ] } },
{ "type": "Feature", "properties": { "osmid": "895121022", "highway": "residential", "oneway": false, "reversed": "False", "length": 109.08028606327245, "lanes": null, "maxspeed": null, "name": "Tôn Thất Ðạm", "junction": null, "access": null, "bridge": null, "relation_id": "19260504" }, "geometry": { "type": "LineString", "coordinates": [ [ 106.7041995, 10.7690648 ], [ 106.7041574, 10.7691644 ], [ 106.703846, 10.7699006 ], [ 106.7038154, 10.7699703 ] ] } },
{ "type": "Feature", "properties": { "osmid": "1103085196", "highway": "primary", "oneway": false, "reversed": "True", "length": 112.32990690359975, "lanes": "4", "maxspeed": "50", "name": "Võ Văn Kiệt", "junction": null, "access": null, "bridge": null, "relation_id": "19260504" }, "geometry": { "type": "LineString", "coordinates": [ [ 106.7041995, 10.7690648 ], [ 106.7043249, 10.769114 ], [ 106.7051609, 10.7694232 ] ] } },
{ "type": "Feature", "properties": { "osmid": "1215950091", "highway": "primary", "oneway": false, "reversed": "False", "length": 54.22475602545174, "lanes": "4", "maxspeed": "50", "name": "Võ Văn Kiệt", "junction": null, "access": null, "bridge": null, "relation_id": "19260504" }, "geometry": { "type": "LineString", "coordinates": [ [ 106.7041995, 10.7690648 ], [ 106.7040441, 10.7690039 ], [ 106.7037384, 10.7688842 ] ] } },
{ "type": "Feature", "properties": { "osmid": "605133440", "highway": "secondary", "oneway": true, "reversed": "False", "length": 132.65174502014759, "lanes": "3", "maxspeed": "60", "name": "Pasteur", "junction": null, "access": null, "bridge": null, "relation_id": "19260504" }, "geometry": { "type": "LineString", "coordinates": [ [ 106.7030192, 10.7696265 ], [ 106.7029778, 10.7697277 ], [ 106.7029284, 10.7698516 ], [ 106.7026825, 10.7704681 ], [ 106.70261, 10.7706498 ], [ 106.7025753, 10.7707369 ] ] } },
{ "type": "Feature", "properties": { "osmid": "1278461390", "highway": "tertiary", "oneway": false, "reversed": "True", "length": 95.006301229323356, "lanes": "2", "maxspeed": "50", "name": "Nguyễn Công Trứ", "junction": null, "access": null, "bridge": null, "relation_id": "19260504" }, "geometry": { "type": "LineString", "coordinates": [ [ 106.7030192, 10.7696265 ], [ 106.7031189, 10.7696679 ], [ 106.7037281, 10.7699324 ], [ 106.7038154, 10.7699703 ] ] } },
{ "type": "Feature", "properties": { "osmid": "895121022", "highway": "residential", "oneway": false, "reversed": "True", "length": 109.08028606327245, "lanes": null, "maxspeed": null, "name": "Tôn Thất Ðạm", "junction": null, "access": null, "bridge": null, "relation_id": "19260504" }, "geometry": { "type": "LineString", "coordinates": [ [ 106.7038154, 10.7699703 ], [ 106.703846, 10.7699006 ], [ 106.7041574, 10.7691644 ], [ 106.7041995, 10.7690648 ] ] } },
{ "type": "Feature", "properties": { "osmid": "1182433768", "highway": "tertiary", "oneway": false, "reversed": "True", "length": 104.08384115284343, "lanes": "2", "maxspeed": "50", "name": "Nguyễn Công Trứ", "junction": null, "access": null, "bridge": null, "relation_id": "19260504" }, "geometry": { "type": "LineString", "coordinates": [ [ 106.7038154, 10.7699703 ], [ 106.7039023, 10.7700087 ], [ 106.704619, 10.7703233 ], [ 106.704685, 10.7703529 ] ] } },
{ "type": "Feature", "properties": { "osmid": "1182433769", "highway": "residential", "oneway": false, "reversed": "False", "length": 86.706495447182704, "lanes": null, "maxspeed": "50", "name": "Tôn Thất Ðạm", "junction": null, "access": null, "bridge": null, "relation_id": "19260504" }, "geometry": { "type": "LineString", "coordinates": [ [ 106.7038154, 10.7699703 ], [ 106.7037866, 10.7700429 ], [ 106.7035606, 10.7705904 ], [ 106.7035181, 10.7706933 ] ] } },
{ "type": "Feature", "properties": { "osmid": "1278461390", "highway": "tertiary", "oneway": false, "reversed": "False", "length": 95.006301229323356, "lanes": "2", "maxspeed": "50", "name": "Nguyễn Công Trứ", "junction": null, "access": null, "bridge": null, "relation_id": "19260504" }, "geometry": { "type": "LineString", "coordinates": [ [ 106.7038154, 10.7699703 ], [ 106.7037281, 10.7699324 ], [ 106.7031189, 10.7696679 ], [ 106.7030192, 10.7696265 ] ] } },
{ "type": "Feature", "properties": { "osmid": "35113661", "highway": "residential", "oneway": true, "reversed": "False", "length": 36.551671584424263, "lanes": null, "maxspeed": null, "name": "Nguyễn Siêu", "junction": null, "access": null, "bridge": null, "relation_id": "19260504" }, "geometry": { "type": "LineString", "coordinates": [ [ 106.7041193, 10.7773934 ], [ 106.7043473, 10.777634 ] ] } },
{ "type": "Feature", "properties": { "osmid": "863689512", "highway": "primary", "oneway": false, "reversed": "False", "length": 35.759425453205118, "lanes": null, "maxspeed": null, "name": "Hai Bà Trưng", "junction": null, "access": null, "bridge": null, "relation_id": "19260504" }, "geometry": { "type": "LineString", "coordinates": [ [ 106.7041193, 10.7773934 ], [ 106.7038862, 10.7776192 ] ] } },
{ "type": "Feature", "properties": { "osmid": "326848006", "highway": "primary", "oneway": false, "reversed": "True", "length": 143.25130852167746, "lanes": "2", "maxspeed": "50", "name": "Hai Bà Trưng", "junction": null, "access": null, "bridge": null, "relation_id": "19260504" }, "geometry": { "type": "LineString", "coordinates": [ [ 106.7041193, 10.7773934 ], [ 106.7046996, 10.7768839 ], [ 106.7050971, 10.7765349 ] ] } },
{ "type": "Feature", "properties": { "osmid": "329878181", "highway": "tertiary", "oneway": true, "reversed": "False", "length": 186.1778502827427, "lanes": "3", "maxspeed": null, "name": "Lý Tự Trọng", "junction": null, "access": null, "bridge": null, "relation_id": "19260504" }, "geometry": { "type": "LineString", "coordinates": [ [ 106.7010349, 10.7779522 ], [ 106.7012979, 10.7782399 ], [ 106.701738, 10.7787207 ], [ 106.7017527, 10.7787367 ], [ 106.702175, 10.7791968 ] ] } },
{ "type": "Feature", "properties": { "osmid": "1278461438", "highway": "tertiary", "oneway": true, "reversed": "False", "length": 115.45509977933773, "lanes": "2", "maxspeed": "60", "name": "Ðồng Khởi", "junction": null, "access": null, "bridge": null, "relation_id": "19260504" }, "geometry": { "type": "LineString", "coordinates": [ [ 106.7010349, 10.7779522 ], [ 106.7014301, 10.7775867 ], [ 106.7015585, 10.7774679 ], [ 106.7017351, 10.7773047 ], [ 106.7018045, 10.7772405 ] ] } },
{ "type": "Feature", "properties": { "osmid": "1343964590", "highway": "primary", "oneway": false, "reversed": "True", "length": 63.421350733794824, "lanes": "2", "maxspeed": "60", "name": "Hai Bà Trưng", "junction": null, "access": null, "bridge": null, "relation_id": "19260504" }, "geometry": { "type": "LineString", "coordinates": [ [ 106.7050971, 10.7765349 ], [ 106.7055219, 10.7761461 ] ] } },
{ "type": "Feature", "properties": { "osmid": "35113365", "highway": "residential", "oneway": false, "reversed": "False", "length": 103.73503185102547, "lanes": "2", "maxspeed": null, "name": "Đông Du", "junction": null, "access": null, "bridge": null, "relation_id": "19260504" }, "geometry": { "type": "LineString", "coordinates": [ [ 106.7050971, 10.7765349 ], [ 106.7054054, 10.7768717 ], [ 106.7055167, 10.7769933 ], [ 106.7057341, 10.7772268 ] ] } },
{ "type": "Feature", "properties": { "osmid": "326848006", "highway": "primary", "oneway": false, "reversed": "False", "length": 143.25130852167746, "lanes": "2", "maxspeed": "50", "name": "Hai Bà Trưng", "junction": null, "access": null, "bridge": null, "relation_id": "19260504" }, "geometry": { "type": "LineString", "coordinates": [ [ 106.7050971, 10.7765349 ], [ 106.7046996, 10.7768839 ], [ 106.7041193, 10.7773934 ] ] } },
{ "type": "Feature", "properties": { "osmid": [ 1308971677, 326848030 ], "highway": "residential", "oneway": false, "reversed": "True", "length": 188.8520640929049, "lanes": null, "maxspeed": null, "name": "Đông Du", "junction": null, "access": null, "bridge": null, "relation_id": "19260504" }, "geometry": { "type": "LineString", "coordinates": [ [ 106.7050971, 10.7765349 ], [ 106.7047032, 10.7761032 ], [ 106.7043114, 10.7756661 ], [ 106.7042122, 10.7755555 ], [ 106.7039506, 10.7752637 ] ] } },
{ "type": "Feature", "properties": { "osmid": "35113581", "highway": "residential", "oneway": false, "reversed": "False", "length": 141.7810770187503, "lanes": null, "maxspeed": null, "name": "Ngô Ðức Kế", "junction": null, "access": null, "bridge": null, "relation_id": "19260504" }, "geometry": { "type": "LineString", "coordinates": [ [ 106.7039118, 10.7718636 ], [ 106.7048194, 10.7727751 ] ] } },
{ "type": "Feature", "properties": { "osmid": "267605899", "highway": "residential", "oneway": false, "reversed": "False", "length": 89.134339573418998, "lanes": "2", "maxspeed": null, "name": "Hồ Tùng Mậu", "junction": null, "access": null, "bridge": null, "relation_id": "19260504" }, "geometry": { "type": "LineString", "coordinates": [ [ 106.7039118, 10.7718636 ], [ 106.704098, 10.7715076 ], [ 106.7041754, 10.7713594 ], [ 106.7042056, 10.7713017 ], [ 106.7042626, 10.7712171 ], [ 106.7043092, 10.7711662 ] ] } },
{ "type": "Feature", "properties": { "osmid": "267605899", "highway": "residential", "oneway": false, "reversed": "True", "length": 176.45965851130399, "lanes": "2", "maxspeed": null, "name": "Hồ Tùng Mậu", "junction": null, "access": null, "bridge": null, "relation_id": "19260504" }, "geometry": { "type": "LineString", "coordinates": [ [ 106.7039118, 10.7718636 ], [ 106.7036809, 10.7723054 ], [ 106.7031739, 10.7732753 ] ] } },
{ "type": "Feature", "properties": { "osmid": "724384520", "highway": "residential", "oneway": false, "reversed": "True", "length": 99.283908914474978, "lanes": null, "maxspeed": null, "name": "Tôn Thất Thiệp", "junction": null, "access": null, "bridge": null, "relation_id": "19260504" }, "geometry": { "type": "LineString", "coordinates": [ [ 106.7014575, 10.7732605 ], [ 106.7015845, 10.7732961 ], [ 106.7019531, 10.7733821 ], [ 106.7023364, 10.7734873 ] ] } },
{ "type": "Feature", "properties": { "osmid": "1232849513", "highway": "secondary", "oneway": true, "reversed": "False", "length": 108.42192206896954, "lanes": "3", "maxspeed": "60", "name": "Pasteur", "junction": null, "access": null, "bridge": null, "relation_id": "19260504" }, "geometry": { "type": "LineString", "coordinates": [ [ 106.7014575, 10.7732605 ], [ 106.7014358, 10.7733117 ], [ 106.7013075, 10.7736148 ], [ 106.7012299, 10.773798 ], [ 106.701125, 10.7740484 ], [ 106.7010766, 10.7741609 ] ] } },
{ "type": "Feature", "properties": { "osmid": "35112903", "highway": "residential", "oneway": true, "reversed": "False", "length": 145.16533820425812, "lanes": "2", "maxspeed": "50", "name": "Thi Sách", "junction": null, "access": null, "bridge": null, "relation_id": "19260504" }, "geometry": { "type": "LineString", "coordinates": [ [ 106.7035889, 10.7792329 ], [ 106.7045538, 10.7783352 ] ] } },
{ "type": "Feature", "properties": { "osmid": "828323704", "highway": "tertiary", "oneway": true, "reversed": "False", "length": 107.13679889120083, "lanes": null, "maxspeed": null, "name": "Lê Thánh Tôn", "junction": null, "access": null, "bridge": null, "relation_id": "19260504" }, "geometry": { "type": "LineString", "coordinates": [ [ 106.7035889, 10.7792329 ], [ 106.7034943, 10.7791209 ], [ 106.7029239, 10.778525 ] ] } },
{ "type": "Feature", "properties": { "osmid": "1265997659", "highway": "primary", "oneway": false, "reversed": "False", "length": 9.3534886066561267, "lanes": "2", "maxspeed": null, "name": "Đường Hai Bà Trưng", "junction": null, "access": null, "bridge": null, "relation_id": "19260504" }, "geometry": { "type": "LineString", "coordinates": [ [ 106.6996356, 10.7814762 ], [ 106.6995731, 10.7815337 ] ] } },
{ "type": "Feature", "properties": { "osmid": "329878177", "highway": "primary", "oneway": false, "reversed": "True", "length": 211.56088488366021, "lanes": "2", "maxspeed": null, "name": "Hai Bà Trưng", "junction": null, "access": null, "bridge": null, "relation_id": "19260504" }, "geometry": { "type": "LineString", "coordinates": [ [ 106.6996356, 10.7814762 ], [ 106.6997399, 10.7813823 ], [ 106.7001212, 10.7810392 ], [ 106.7001598, 10.781005 ], [ 106.700454, 10.7807442 ], [ 106.7005323, 10.7806722 ], [ 106.7010602, 10.7801873 ] ] } },
{ "type": "Feature", "properties": { "osmid": "749983355", "highway": "secondary", "oneway": true, "reversed": "False", "length": 79.064254391227919, "lanes": "3", "maxspeed": "50", "name": "Lê Duẩn", "junction": null, "access": null, "bridge": null, "relation_id": "19260504" }, "geometry": { "type": "LineString", "coordinates": [ [ 106.6996356, 10.7814762 ], [ 106.6998368, 10.7816938 ], [ 106.7001223, 10.7820025 ] ] } },
{ "type": "Feature", "properties": { "osmid": "764138307", "highway": "residential", "oneway": false, "reversed": "True", "length": 77.377466824729055, "lanes": null, "maxspeed": null, "name": "Tôn Thất Ðạm", "junction": null, "access": null, "bridge": null, "relation_id": "19260504" }, "geometry": { "type": "LineString", "coordinates": [ [ 106.7023364, 10.7734873 ], [ 106.702606, 10.7728438 ] ] } },
{ "type": "Feature", "properties": { "osmid": "1174209078", "highway": "residential", "oneway": false, "reversed": "True", "length": 52.835005564789633, "lanes": null, "maxspeed": null, "name": "Tôn Thất Thiệp", "junction": null, "access": null, "bridge": null, "relation_id": "19260504" }, "geometry": { "type": "LineString", "coordinates": [ [ 106.7023364, 10.7734873 ], [ 106.7028018, 10.7736167 ] ] } },
{ "type": "Feature", "properties": { "osmid": "724384520", "highway": "residential", "oneway": false, "reversed": "False", "length": 99.283908914474978, "lanes": null, "maxspeed": null, "name": "Tôn Thất Thiệp", "junction": null, "access": null, "bridge": null, "relation_id": "19260504" }, "geometry": { "type": "LineString", "coordinates": [ [ 106.7023364, 10.7734873 ], [ 106.7019531, 10.7733821 ], [ 106.7015845, 10.7732961 ], [ 106.7014575, 10.7732605 ] ] } },
{ "type": "Feature", "properties": { "osmid": "329878178", "highway": "primary", "oneway": false, "reversed": "False", "length": 164.22272647697474, "lanes": "2", "maxspeed": null, "name": "Hai Bà Trưng", "junction": null, "access": null, "bridge": null, "relation_id": "19260504" }, "geometry": { "type": "LineString", "coordinates": [ [ 106.702175, 10.7791968 ], [ 106.7016787, 10.7796568 ], [ 106.7010602, 10.7801873 ] ] } },
{ "type": "Feature", "properties": { "osmid": "1278461437", "highway": "primary", "oneway": false, "reversed": "True", "length": 110.78011710727596, "lanes": null, "maxspeed": null, "name": "Hai Bà Trưng", "junction": null, "access": null, "bridge": null, "relation_id": "19260504" }, "geometry": { "type": "LineString", "coordinates": [ [ 106.702175, 10.7791968 ], [ 106.7025362, 10.7788726 ], [ 106.7028701, 10.7785732 ], [ 106.7029239, 10.778525 ] ] } },
{ "type": "Feature", "properties": { "osmid": "1281028459", "highway": "tertiary", "oneway": true, "reversed": "False", "length": 179.77837803680313, "lanes": null, "maxspeed": null, "name": "Lý Tự Trọng", "junction": null, "access": null, "bridge": null, "relation_id": "19260504" }, "geometry": { "type": "LineString", "coordinates": [ [ 106.702175, 10.7791968 ], [ 106.7026273, 10.7796786 ], [ 106.7032908, 10.7803853 ] ] } },
{ "type": "Feature", "properties": { "osmid": "828323704", "highway": "tertiary", "oneway": true, "reversed": "False", "length": 75.823025458255842, "lanes": null, "maxspeed": null, "name": "Lê Thánh Tôn", "junction": null, "access": null, "bridge": null, "relation_id": "19260504" }, "geometry": { "type": "LineString", "coordinates": [ [ 106.7040024, 10.7797806 ], [ 106.7035889, 10.7792329 ] ] } },
{ "type": "Feature", "properties": { "osmid": "1058069710", "highway": "residential", "oneway": false, "reversed": "False", "length": 102.81765411059324, "lanes": null, "maxspeed": null, "name": "Đường Thái Văn Lung", "junction": null, "access": null, "bridge": null, "relation_id": "19260504" }, "geometry": { "type": "LineString", "coordinates": [ [ 106.7040024, 10.7797806 ], [ 106.7037396, 10.7800206 ], [ 106.7032908, 10.7803853 ] ] } },
{ "type": "Feature", "properties": { "osmid": "1413612401", "highway": "secondary", "oneway": true, "reversed": "False", "length": 89.57129432557484, "lanes": "2", "maxspeed": "60", "name": "Nguyễn Đình Chiểu", "junction": null, "access": null, "bridge": null, "relation_id": "19260504" }, "geometry": { "type": "LineString", "coordinates": [ [ 106.7007533, 10.7896952 ], [ 106.7001939, 10.7891062 ] ] } },
{ "type": "Feature", "properties": { "osmid": "1174209078", "highway": "residential", "oneway": false, "reversed": "False", "length": 52.835005564789633, "lanes": null, "maxspeed": null, "name": "Tôn Thất Thiệp", "junction": null, "access": null, "bridge": null, "relation_id": "19260504" }, "geometry": { "type": "LineString", "coordinates": [ [ 106.7028018, 10.7736167 ], [ 106.7023364, 10.7734873 ] ] } },
{ "type": "Feature", "properties": { "osmid": "192923521", "highway": "residential", "oneway": false, "reversed": "True", "length": 82.979740587922521, "lanes": null, "maxspeed": null, "name": "Tôn Thất Thiệp", "junction": null, "access": null, "bridge": null, "relation_id": "19260504" }, "geometry": { "type": "LineString", "coordinates": [ [ 106.7028018, 10.7736167 ], [ 106.7032608, 10.7740779 ], [ 106.7033318, 10.7741513 ] ] } },
{ "type": "Feature", "properties": { "osmid": "186347711", "highway": "tertiary", "oneway": true, "reversed": "False", "length": 148.79265024595901, "lanes": "2", "maxspeed": "60", "name": "Nguyễn Du", "junction": null, "access": null, "bridge": null, "relation_id": "19260504" }, "geometry": { "type": "LineString", "coordinates": [ [ 106.7010602, 10.7801873 ], [ 106.7002377, 10.7792809 ], [ 106.7001527, 10.7791894 ] ] } },
{ "type": "Feature", "properties": { "osmid": "329878177", "highway": "primary", "oneway": false, "reversed": "False", "length": 211.56088488366021, "lanes": "2", "maxspeed": null, "name": "Hai Bà Trưng", "junction": null, "access": null, "bridge": null, "relation_id": "19260504" }, "geometry": { "type": "LineString", "coordinates": [ [ 106.7010602, 10.7801873 ], [ 106.7005323, 10.7806722 ], [ 106.700454, 10.7807442 ], [ 106.7001598, 10.781005 ], [ 106.7001212, 10.7810392 ], [ 106.6997399, 10.7813823 ], [ 106.6996356, 10.7814762 ] ] } },
{ "type": "Feature", "properties": { "osmid": "329878178", "highway": "primary", "oneway": false, "reversed": "True", "length": 164.22272647697474, "lanes": "2", "maxspeed": null, "name": "Hai Bà Trưng", "junction": null, "access": null, "bridge": null, "relation_id": "19260504" }, "geometry": { "type": "LineString", "coordinates": [ [ 106.7010602, 10.7801873 ], [ 106.7016787, 10.7796568 ], [ 106.702175, 10.7791968 ] ] } },
{ "type": "Feature", "properties": { "osmid": "863689512", "highway": "primary", "oneway": false, "reversed": "True", "length": 145.64695283010627, "lanes": null, "maxspeed": null, "name": "Hai Bà Trưng", "junction": null, "access": null, "bridge": null, "relation_id": "19260504" }, "geometry": { "type": "LineString", "coordinates": [ [ 106.7029239, 10.778525 ], [ 106.7032752, 10.7782094 ], [ 106.7034918, 10.778015 ], [ 106.7035687, 10.77794 ], [ 106.7037422, 10.777771 ], [ 106.7038862, 10.7776192 ] ] } },
{ "type": "Feature", "properties": { "osmid": "1278461436", "highway": "tertiary", "oneway": true, "reversed": "False", "length": 188.06171658716318, "lanes": "3", "maxspeed": null, "name": "Lê Thánh Tôn", "junction": null, "access": null, "bridge": null, "relation_id": "19260504" }, "geometry": { "type": "LineString", "coordinates": [ [ 106.7029239, 10.778525 ], [ 106.7028629, 10.7784541 ], [ 106.7025225, 10.7780582 ], [ 106.7021246, 10.7776213 ], [ 106.7018441, 10.7772938 ], [ 106.7018045, 10.7772405 ] ] } },
{ "type": "Feature", "properties": { "osmid": "1278461437", "highway": "primary", "oneway": false, "reversed": "False", "length": 110.78011710727597, "lanes": null, "maxspeed": null, "name": "Hai Bà Trưng", "junction": null, "access": null, "bridge": null, "relation_id": "19260504" }, "geometry": { "type": "LineString", "coordinates": [ [ 106.7029239, 10.778525 ], [ 106.7028701, 10.7785732 ], [ 106.7025362, 10.7788726 ], [ 106.702175, 10.7791968 ] ] } },
{ "type": "Feature", "properties": { "osmid": "863689512", "highway": "primary", "oneway": false, "reversed": "True", "length": 35.759425453205118, "lanes": null, "maxspeed": null, "name": "Hai Bà Trưng", "junction": null, "access": null, "bridge": null, "relation_id": "19260504" }, "geometry": { "type": "LineString", "coordinates": [ [ 106.7038862, 10.7776192 ], [ 106.7041193, 10.7773934 ] ] } },
{ "type": "Feature", "properties": { "osmid": "35114970", "highway": "residential", "oneway": true, "reversed": "False", "length": 68.989655297303386, "lanes": null, "maxspeed": null, "name": "Công trường Lam Sơn", "junction": null, "access": null, "bridge": null, "relation_id": "19260504" }, "geometry": { "type": "LineString", "coordinates": [ [ 106.7038862, 10.7776192 ], [ 106.7038241, 10.777558 ], [ 106.7037792, 10.7775138 ], [ 106.7037341, 10.7774694 ], [ 106.7035037, 10.7772426 ], [ 106.7034401, 10.77718 ] ] } },
{ "type": "Feature", "properties": { "osmid": "863689512", "highway": "primary", "oneway": false, "reversed": "False", "length": 145.64695283010627, "lanes": null, "maxspeed": null, "name": "Hai Bà Trưng", "junction": null, "access": null, "bridge": null, "relation_id": "19260504" }, "geometry": { "type": "LineString", "coordinates": [ [ 106.7038862, 10.7776192 ], [ 106.7037422, 10.777771 ], [ 106.7035687, 10.77794 ], [ 106.7034918, 10.778015 ], [ 106.7032752, 10.7782094 ], [ 106.7029239, 10.778525 ] ] } },
{ "type": "Feature", "properties": { "osmid": "323397719", "highway": "primary", "oneway": true, "reversed": "False", "length": 464.94911723857479, "lanes": "3", "maxspeed": "60", "name": "Tôn Ðức Thắng", "junction": null, "access": null, "bridge": null, "relation_id": "19260504" }, "geometry": { "type": "LineString", "coordinates": [ [ 106.7063184, 10.7707757 ], [ 106.7063591, 10.7712015 ], [ 106.7064972, 10.7728771 ], [ 106.7065224, 10.773183 ], [ 106.7065585, 10.7736211 ], [ 106.7066578, 10.7749437 ] ] } },
{ "type": "Feature", "properties": { "osmid": [ 1468791546, 165367634, 718479775 ], "highway": "primary", "oneway": true, "reversed": "False", "length": 239.41958171693665, "lanes": [ "1", "2" ], "maxspeed": "50", "name": [ "Võ Văn Kiệt", "Tôn Đức Thắng" ], "junction": null, "access": null, "bridge": null, "relation_id": "19260504" }, "geometry": { "type": "LineString", "coordinates": [ [ 106.7051609, 10.7694232 ], [ 106.7052609, 10.7694168 ], [ 106.705841, 10.7695256 ], [ 106.7060207, 10.769602 ], [ 106.7060824, 10.769631 ], [ 106.7061184, 10.7696672 ], [ 106.7061495, 10.7697153 ], [ 106.7062074, 10.7698697 ], [ 106.7062615, 10.7700356 ], [ 106.7063723, 10.7704284 ], [ 106.7063873, 10.770499 ], [ 106.7063873, 10.770536 ], [ 106.7063873, 10.7705791 ], [ 106.7063674, 10.770665 ], [ 106.7063308, 10.770747 ], [ 106.7063184, 10.7707757 ] ] } },
{ "type": "Feature", "properties": { "osmid": "267605894", "highway": "residential", "oneway": false, "reversed": "True", "length": 115.71313915501693, "lanes": "2", "maxspeed": null, "name": "Hồ Tùng Mậu", "junction": null, "access": null, "bridge": null, "relation_id": "19260504" }, "geometry": { "type": "LineString", "coordinates": [ [ 106.7051609, 10.7694232 ], [ 106.7050864, 10.7695688 ], [ 106.704685, 10.7703529 ] ] } },
{ "type": "Feature", "properties": { "osmid": "1103085196", "highway": "primary", "oneway": false, "reversed": "False", "length": 112.32990690359975, "lanes": "4", "maxspeed": "50", "name": "Võ Văn Kiệt", "junction": null, "access": null, "bridge": null, "relation_id": "19260504" }, "geometry": { "type": "LineString", "coordinates": [ [ 106.7051609, 10.7694232 ], [ 106.7043249, 10.769114 ], [ 106.7041995, 10.7690648 ] ] } },
{ "type": "Feature", "properties": { "osmid": "267605894", "highway": "residential", "oneway": false, "reversed": "False", "length": 115.71313915501693, "lanes": "2", "maxspeed": null, "name": "Hồ Tùng Mậu", "junction": null, "access": null, "bridge": null, "relation_id": "19260504" }, "geometry": { "type": "LineString", "coordinates": [ [ 106.704685, 10.7703529 ], [ 106.7050864, 10.7695688 ], [ 106.7051609, 10.7694232 ] ] } },
{ "type": "Feature", "properties": { "osmid": "1182433767", "highway": "residential", "oneway": false, "reversed": "True", "length": 36.632092044756192, "lanes": "2", "maxspeed": null, "name": "Hồ Tùng Mậu", "junction": null, "access": null, "bridge": null, "relation_id": "19260504" }, "geometry": { "type": "LineString", "coordinates": [ [ 106.704685, 10.7703529 ], [ 106.7045824, 10.7705535 ], [ 106.7045345, 10.7706473 ] ] } },
{ "type": "Feature", "properties": { "osmid": "1182433768", "highway": "tertiary", "oneway": false, "reversed": "False", "length": 104.08384115284343, "lanes": "2", "maxspeed": "50", "name": "Nguyễn Công Trứ", "junction": null, "access": null, "bridge": null, "relation_id": "19260504" }, "geometry": { "type": "LineString", "coordinates": [ [ 106.704685, 10.7703529 ], [ 106.704619, 10.7703233 ], [ 106.7039023, 10.7700087 ], [ 106.7038154, 10.7699703 ] ] } },
{ "type": "Feature", "properties": { "osmid": "1278461439", "highway": "tertiary", "oneway": true, "reversed": "False", "length": 70.665262869057202, "lanes": "2", "maxspeed": "60", "name": "Ðồng Khởi", "junction": null, "access": null, "bridge": null, "relation_id": "19260504" }, "geometry": { "type": "LineString", "coordinates": [ [ 106.7031197, 10.7760291 ], [ 106.7035916, 10.7755944 ] ] } },
{ "type": "Feature", "properties": { "osmid": "35112941", "highway": "residential", "oneway": true, "reversed": "False", "length": 127.67206407994908, "lanes": null, "maxspeed": null, "name": "Công trường Lam Sơn", "junction": null, "access": null, "bridge": null, "relation_id": "19260504" }, "geometry": { "type": "LineString", "coordinates": [ [ 106.7031197, 10.7760291 ], [ 106.7036161, 10.7765936 ], [ 106.7035907, 10.7767268 ], [ 106.7036181, 10.7768237 ], [ 106.7037077, 10.7769646 ] ] } },
{ "type": "Feature", "properties": { "osmid": "193085735", "highway": "tertiary", "oneway": true, "reversed": "False", "length": 98.072878523358128, "lanes": "2", "maxspeed": null, "name": "Lê Lợi", "junction": null, "access": null, "bridge": null, "relation_id": "19260504" }, "geometry": { "type": "LineString", "coordinates": [ [ 106.7027286, 10.7763893 ], [ 106.7026537, 10.7763095 ], [ 106.7025188, 10.7761655 ], [ 106.7023269, 10.7759609 ], [ 106.7022434, 10.7758719 ], [ 106.7022138, 10.7758404 ], [ 106.7021203, 10.7757406 ] ] } },
{ "type": "Feature", "properties": { "osmid": "1278461439", "highway": "tertiary", "oneway": true, "reversed": "False", "length": 36.119823881633089, "lanes": "2", "maxspeed": "60", "name": "Ðồng Khởi", "junction": null, "access": null, "bridge": null, "relation_id": "19260504" }, "geometry": { "type": "LineString", "coordinates": [ [ 106.7027286, 10.7763893 ], [ 106.7029175, 10.7762153 ], [ 106.7029698, 10.7761671 ] ] } },
{ "type": "Feature", "properties": { "osmid": "1372004229", "highway": "tertiary", "oneway": true, "reversed": "False", "length": 40.476035623857435, "lanes": "2", "maxspeed": null, "name": "Lê Thánh Tôn", "junction": null, "access": null, "bridge": null, "relation_id": "19260504" }, "geometry": { "type": "LineString", "coordinates": [ [ 106.7012198, 10.7765708 ], [ 106.7011218, 10.7764584 ], [ 106.7009788, 10.7762943 ] ] } },
{ "type": "Feature", "properties": { "osmid": "1278461439", "highway": "tertiary", "oneway": true, "reversed": "False", "length": 22.440615791745664, "lanes": "2", "maxspeed": "60", "name": "Ðồng Khởi", "junction": null, "access": null, "bridge": null, "relation_id": "19260504" }, "geometry": { "type": "LineString", "coordinates": [ [ 106.7029698, 10.7761671 ], [ 106.7031197, 10.7760291 ] ] } },
{ "type": "Feature", "properties": { "osmid": "1177448206", "highway": "tertiary", "oneway": false, "reversed": "True", "length": 17.032755399889705, "lanes": "2", "maxspeed": null, "name": "Phạm Ngọc Thạch", "junction": null, "access": null, "bridge": null, "relation_id": "19260504" }, "geometry": { "type": "LineString", "coordinates": [ [ 106.697816, 10.7809287 ], [ 106.6979302, 10.7808244 ] ] } },
{ "type": "Feature", "properties": { "osmid": "35114702", "highway": "residential", "oneway": false, "reversed": "True", "length": 180.57017159567681, "lanes": null, "maxspeed": null, "name": "Nguyễn Văn Chiêm", "junction": null, "access": null, "bridge": null, "relation_id": "19260504" }, "geometry": { "type": "LineString", "coordinates": [ [ 106.697816, 10.7809287 ], [ 106.6982259, 10.7813701 ], [ 106.6984358, 10.7815998 ], [ 106.6984868, 10.7816557 ], [ 106.6989238, 10.782134 ] ] } },
{ "type": "Feature", "properties": { "osmid": "35112888", "highway": "residential", "oneway": false, "reversed": "False", "length": 179.28091160218969, "lanes": "2", "maxspeed": "50", "name": "Alexandre de Rhodes", "junction": null, "access": null, "bridge": null, "relation_id": "19260504" }, "geometry": { "type": "LineString", "coordinates": [ [ 106.6979302, 10.7808244 ], [ 106.6968156, 10.7796409 ] ] } },
{ "type": "Feature", "properties": { "osmid": "1177448206", "highway": "tertiary", "oneway": false, "reversed": "False", "length": 17.032755399889705, "lanes": "2", "maxspeed": null, "name": "Phạm Ngọc Thạch", "junction": null, "access": null, "bridge": null, "relation_id": "19260504" }, "geometry": { "type": "LineString", "coordinates": [ [ 106.6979302, 10.7808244 ], [ 106.697816, 10.7809287 ] ] } },
{ "type": "Feature", "properties": { "osmid": "1157160322", "highway": "tertiary", "oneway": false, "reversed": "True", "length": 79.332051946601794, "lanes": "2", "maxspeed": null, "name": "Phạm Ngọc Thạch", "junction": null, "access": null, "bridge": null, "relation_id": "19260504" }, "geometry": { "type": "LineString", "coordinates": [ [ 106.6979302, 10.7808244 ], [ 106.6983343, 10.780455 ], [ 106.6984619, 10.7803384 ] ] } },
{ "type": "Feature", "properties": { "osmid": "1526026018", "highway": "primary", "oneway": false, "reversed": "True", "length": 3.3142412668434109, "lanes": "4", "maxspeed": "50", "name": "Nguyễn Thị Minh Khai", "junction": null, "access": null, "bridge": null, "relation_id": "19260504" }, "geometry": { "type": "LineString", "coordinates": [ [ 106.7016177, 10.7865968 ], [ 106.7015969, 10.7865751 ] ] } },
{ "type": "Feature", "properties": { "osmid": "231983460", "highway": "primary", "oneway": true, "reversed": "False", "length": 304.08232871398531, "lanes": "3", "maxspeed": "60", "name": "Đinh Tiên Hoàng", "junction": null, "access": null, "bridge": null, "relation_id": "19260504" }, "geometry": { "type": "LineString", "coordinates": [ [ 106.7016177, 10.7865968 ], [ 106.7011181, 10.7870636 ], [ 106.7009537, 10.7872148 ], [ 106.7004304, 10.7876959 ], [ 106.7002418, 10.7878693 ], [ 106.7001114, 10.7879882 ], [ 106.699916, 10.7881688 ], [ 106.6995877, 10.7884681 ] ] } },
{ "type": "Feature", "properties": { "osmid": "1173862243", "highway": "primary", "oneway": true, "reversed": "False", "length": 98.713833631547914, "lanes": "2", "maxspeed": "60", "name": "Nguyễn Thị Minh Khai", "junction": null, "access": null, "bridge": null, "relation_id": "19260504" }, "geometry": { "type": "LineString", "coordinates": [ [ 106.7016177, 10.7865968 ], [ 106.7017133, 10.7866717 ], [ 106.7022001, 10.7871877 ], [ 106.7022445, 10.7872347 ] ] } },
{ "type": "Feature", "properties": { "osmid": "1221589526", "highway": "primary_link", "oneway": false, "reversed": "False", "length": 7.5897665082416754, "lanes": null, "maxspeed": null, "name": null, "junction": null, "access": null, "bridge": null, "relation_id": "19260504" }, "geometry": { "type": "LineString", "coordinates": [ [ 106.7022445, 10.7872347 ], [ 106.7021947, 10.7872823 ] ] } },
{ "type": "Feature", "properties": { "osmid": "1173862243", "highway": "primary", "oneway": true, "reversed": "False", "length": 57.316618056664289, "lanes": "2", "maxspeed": "60", "name": "Nguyễn Thị Minh Khai", "junction": null, "access": null, "bridge": null, "relation_id": "19260504" }, "geometry": { "type": "LineString", "coordinates": [ [ 106.7022445, 10.7872347 ], [ 106.7025642, 10.7875763 ], [ 106.7025996, 10.7876142 ] ] } },
{ "type": "Feature", "properties": { "osmid": "1173862243", "highway": "primary", "oneway": true, "reversed": "False", "length": 42.253802533519789, "lanes": "2", "maxspeed": "60", "name": "Nguyễn Thị Minh Khai", "junction": null, "access": null, "bridge": null, "relation_id": "19260504" }, "geometry": { "type": "LineString", "coordinates": [ [ 106.7025996, 10.7876142 ], [ 106.7028609, 10.7878944 ] ] } },
{ "type": "Feature", "properties": { "osmid": "1221589525", "highway": "primary_link", "oneway": false, "reversed": "False", "length": 7.2937918458399409, "lanes": null, "maxspeed": null, "name": null, "junction": null, "access": null, "bridge": null, "relation_id": "19260504" }, "geometry": { "type": "LineString", "coordinates": [ [ 106.7025996, 10.7876142 ], [ 106.7025516, 10.7876598 ] ] } },
{ "type": "Feature", "properties": { "osmid": "1278461439", "highway": "tertiary", "oneway": true, "reversed": "False", "length": 24.544929203461059, "lanes": "2", "maxspeed": "60", "name": "Ðồng Khởi", "junction": null, "access": null, "bridge": null, "relation_id": "19260504" }, "geometry": { "type": "LineString", "coordinates": [ [ 106.7025647, 10.7765403 ], [ 106.7026671, 10.7764459 ], [ 106.7027286, 10.7763893 ] ] } },
{ "type": "Feature", "properties": { "osmid": "1019499368", "highway": "primary_link", "oneway": false, "reversed": "True", "length": 15.346432629379102, "lanes": null, "maxspeed": "50", "name": null, "junction": null, "access": null, "bridge": null, "relation_id": "19260504" }, "geometry": { "type": "LineString", "coordinates": [ [ 106.7034182, 10.7709258 ], [ 106.7034753, 10.7707997 ] ] } },
{ "type": "Feature", "properties": { "osmid": "1271931189", "highway": "primary_link", "oneway": false, "reversed": "False", "length": 12.572395906973819, "lanes": null, "maxspeed": "50", "name": null, "junction": null, "access": null, "bridge": null, "relation_id": "19260504" }, "geometry": { "type": "LineString", "coordinates": [ [ 106.7034182, 10.7709258 ], [ 106.7033721, 10.7710294 ] ] } },
{ "type": "Feature", "properties": { "osmid": "1271931190", "highway": "primary", "oneway": true, "reversed": "False", "length": 103.74905508074227, "lanes": "3", "maxspeed": "60", "name": "Hàm Nghi", "junction": null, "access": null, "bridge": null, "relation_id": "19260504" }, "geometry": { "type": "LineString", "coordinates": [ [ 106.7034182, 10.7709258 ], [ 106.703244, 10.7709348 ], [ 106.7026406, 10.770964 ], [ 106.7024697, 10.7709739 ] ] } },
{ "type": "Feature", "properties": { "osmid": "1018203944", "highway": "secondary", "oneway": false, "reversed": "True", "length": 14.873281186019472, "lanes": "3", "maxspeed": "60", "name": "Pasteur", "junction": null, "access": null, "bridge": null, "relation_id": "19260504" }, "geometry": { "type": "LineString", "coordinates": [ [ 106.7024697, 10.7709739 ], [ 106.7025205, 10.7708498 ] ] } },
{ "type": "Feature", "properties": { "osmid": "1265997675", "highway": "secondary", "oneway": false, "reversed": "False", "length": 12.614154078591124, "lanes": "3", "maxspeed": "60", "name": "Pasteur", "junction": null, "access": null, "bridge": null, "relation_id": "19260504" }, "geometry": { "type": "LineString", "coordinates": [ [ 106.7024697, 10.7709739 ], [ 106.7024222, 10.7710773 ] ] } },
{ "type": "Feature", "properties": { "osmid": "1018203946", "highway": "primary", "oneway": true, "reversed": "False", "length": 112.55796122968775, "lanes": "3", "maxspeed": "60", "name": "Hàm Nghi", "junction": null, "access": null, "bridge": null, "relation_id": "19260504" }, "geometry": { "type": "LineString", "coordinates": [ [ 106.7024697, 10.7709739 ], [ 106.7022999, 10.7709835 ], [ 106.7017278, 10.7710158 ], [ 106.701441, 10.7710322 ] ] } },
{ "type": "Feature", "properties": { "osmid": "724384524", "highway": "secondary", "oneway": false, "reversed": "True", "length": 13.908087444869514, "lanes": "3", "maxspeed": "60", "name": "Pasteur", "junction": null, "access": null, "bridge": null, "relation_id": "19260504" }, "geometry": { "type": "LineString", "coordinates": [ [ 106.7025205, 10.7708498 ], [ 106.7025753, 10.7707369 ] ] } },
{ "type": "Feature", "properties": { "osmid": "1018203944", "highway": "secondary", "oneway": false, "reversed": "False", "length": 14.873281186019472, "lanes": "3", "maxspeed": "60", "name": "Pasteur", "junction": null, "access": null, "bridge": null, "relation_id": "19260504" }, "geometry": { "type": "LineString", "coordinates": [ [ 106.7025205, 10.7708498 ], [ 106.7024697, 10.7709739 ] ] } },
{ "type": "Feature", "properties": { "osmid": "1271931188", "highway": "primary", "oneway": true, "reversed": "False", "length": 104.44782304108537, "lanes": "3", "maxspeed": "60", "name": "Hàm Nghi", "junction": null, "access": null, "bridge": null, "relation_id": "19260504" }, "geometry": { "type": "LineString", "coordinates": [ [ 106.7025205, 10.7708498 ], [ 106.7026418, 10.7708432 ], [ 106.7032395, 10.7708108 ], [ 106.7034753, 10.7707997 ] ] } },
{ "type": "Feature", "properties": { "osmid": "1019499368", "highway": "primary_link", "oneway": false, "reversed": "False", "length": 15.346432629379102, "lanes": null, "maxspeed": "50", "name": null, "junction": null, "access": null, "bridge": null, "relation_id": "19260504" }, "geometry": { "type": "LineString", "coordinates": [ [ 106.7034753, 10.7707997 ], [ 106.7034182, 10.7709258 ] ] } },
{ "type": "Feature", "properties": { "osmid": "621157032", "highway": "primary", "oneway": true, "reversed": "False", "length": 111.58628891460781, "lanes": "3", "maxspeed": "60", "name": "Hàm Nghi", "junction": null, "access": null, "bridge": null, "relation_id": "19260504" }, "geometry": { "type": "LineString", "coordinates": [ [ 106.7034753, 10.7707997 ], [ 106.7036676, 10.7707913 ], [ 106.7043305, 10.7707576 ], [ 106.7044955, 10.7707489 ] ] } },
{ "type": "Feature", "properties": { "osmid": "341504312", "highway": "tertiary", "oneway": true, "reversed": "False", "length": 50.818195348075143, "lanes": "3", "maxspeed": null, "name": "Nguyễn Huệ", "junction": null, "access": null, "bridge": null, "relation_id": "19260504" }, "geometry": { "type": "LineString", "coordinates": [ [ 106.7033318, 10.7741513 ], [ 106.7036705, 10.773838 ] ] } },
{ "type": "Feature", "properties": { "osmid": "192923521", "highway": "residential", "oneway": false, "reversed": "False", "length": 82.979740587922521, "lanes": null, "maxspeed": null, "name": "Tôn Thất Thiệp", "junction": null, "access": null, "bridge": null, "relation_id": "19260504" }, "geometry": { "type": "LineString", "coordinates": [ [ 106.7033318, 10.7741513 ], [ 106.7032608, 10.7740779 ], [ 106.7028018, 10.7736167 ] ] } },
{ "type": "Feature", "properties": { "osmid": "377881079", "highway": "tertiary", "oneway": true, "reversed": "False", "length": 112.29326686156195, "lanes": "3", "maxspeed": null, "name": "Nguyễn Huệ", "junction": null, "access": null, "bridge": null, "relation_id": "19260504" }, "geometry": { "type": "LineString", "coordinates": [ [ 106.7037193, 10.774251 ], [ 106.7035125, 10.7744418 ], [ 106.7029702, 10.7749426 ] ] } },
{ "type": "Feature", "properties": { "osmid": "621155755", "highway": "residential", "oneway": false, "reversed": "True", "length": 99.628071066819132, "lanes": null, "maxspeed": null, "name": "Mạc Thị Bưởi", "junction": null, "access": null, "bridge": null, "relation_id": "19260504" }, "geometry": { "type": "LineString", "coordinates": [ [ 106.7037193, 10.774251 ], [ 106.7041388, 10.7746911 ], [ 106.7043426, 10.7749051 ] ] } },
{ "type": "Feature", "properties": { "osmid": "1177488211", "highway": "primary", "oneway": true, "reversed": "False", "length": 94.074410713265181, "lanes": "2", "maxspeed": "60", "name": "Hàm Nghi", "junction": null, "access": null, "bridge": null, "relation_id": "19260504" }, "geometry": { "type": "LineString", "coordinates": [ [ 106.704232, 10.7709832 ], [ 106.7036752, 10.7710105 ], [ 106.7033721, 10.7710294 ] ] } },
{ "type": "Feature", "properties": { "osmid": "473396240", "highway": "primary", "oneway": true, "reversed": "False", "length": 38.993279453043911, "lanes": "2", "maxspeed": "50", "name": "Võ Văn Kiệt", "junction": null, "access": null, "bridge": null, "relation_id": "19260504" }, "geometry": { "type": "LineString", "coordinates": [ [ 106.7037384, 10.7688842 ], [ 106.7035747, 10.7688331 ], [ 106.7033969, 10.7687822 ] ] } },
{ "type": "Feature", "properties": { "osmid": "1215950091", "highway": "primary", "oneway": false, "reversed": "True", "length": 54.22475602545174, "lanes": "4", "maxspeed": "50", "name": "Võ Văn Kiệt", "junction": null, "access": null, "bridge": null, "relation_id": "19260504" }, "geometry": { "type": "LineString", "coordinates": [ [ 106.7037384, 10.7688842 ], [ 106.7040441, 10.7690039 ], [ 106.7041995, 10.7690648 ] ] } },
{ "type": "Feature", "properties": { "osmid": "696974352", "highway": "primary", "oneway": true, "reversed": "False", "length": 26.637876394159424, "lanes": "2", "maxspeed": "50", "name": "Công trường Mê Linh", "junction": null, "access": null, "bridge": null, "relation_id": "19260504" }, "geometry": { "type": "LineString", "coordinates": [ [ 106.7065554, 10.7758045 ], [ 106.7064324, 10.7758084 ], [ 106.7063124, 10.7757948 ] ] } },
{ "type": "Feature", "properties": { "osmid": "1187537970", "highway": "tertiary", "oneway": false, "reversed": "True", "length": 14.392959950490591, "lanes": "2", "maxspeed": null, "name": "Nguyễn Du", "junction": null, "access": null, "bridge": null, "relation_id": "19260504" }, "geometry": { "type": "LineString", "coordinates": [ [ 106.7036877, 10.7847301 ], [ 106.7035969, 10.7846363 ] ] } },
{ "type": "Feature", "properties": { "osmid": "1227710964", "highway": "primary", "oneway": true, "reversed": "False", "length": 80.044608445941066, "lanes": "5", "maxspeed": null, "name": "Tôn Đức Thắng", "junction": null, "access": null, "bridge": null, "relation_id": "19260504" }, "geometry": { "type": "LineString", "coordinates": [ [ 106.7036877, 10.7847301 ], [ 106.7033182, 10.7850859 ], [ 106.7032557, 10.7851461 ], [ 106.703163, 10.7852326 ] ] } },
{ "type": "Feature", "properties": { "osmid": "341508364", "highway": "residential", "oneway": false, "reversed": "False", "length": 13.329378176222232, "lanes": "2", "maxspeed": "50", "name": "Ngô Ðức Kế", "junction": null, "access": null, "bridge": null, "relation_id": "19260504" }, "geometry": { "type": "LineString", "coordinates": [ [ 106.706182, 10.7747161 ], [ 106.7062362, 10.7748235 ] ] } },
{ "type": "Feature", "properties": { "osmid": "341508364", "highway": "residential", "oneway": false, "reversed": "True", "length": 128.95574694006689, "lanes": "2", "maxspeed": "50", "name": "Ngô Ðức Kế", "junction": null, "access": null, "bridge": null, "relation_id": "19260504" }, "geometry": { "type": "LineString", "coordinates": [ [ 106.706182, 10.7747161 ], [ 106.7061514, 10.7746529 ], [ 106.7056883, 10.7737453 ], [ 106.7056516, 10.7736801 ] ] } },
{ "type": "Feature", "properties": { "osmid": "718491626", "highway": "residential", "oneway": true, "reversed": "False", "length": 39.021086462399225, "lanes": "2", "maxspeed": "40", "name": "Công trường Mê Linh", "junction": null, "access": null, "bridge": null, "relation_id": "19260504" }, "geometry": { "type": "LineString", "coordinates": [ [ 106.706182, 10.7747161 ], [ 106.706281, 10.7746807 ], [ 106.7063782, 10.7746583 ], [ 106.7064714, 10.7746425 ], [ 106.7065281, 10.7746334 ] ] } },
{ "type": "Feature", "properties": { "osmid": "1125220757", "highway": "primary", "oneway": true, "reversed": "False", "length": 29.001254810860434, "lanes": "2", "maxspeed": "60", "name": "Tôn Đức Thắng", "junction": null, "access": null, "bridge": null, "relation_id": "19260504" }, "geometry": { "type": "LineString", "coordinates": [ [ 106.7051249, 10.7835028 ], [ 106.7048865, 10.7836176 ] ] } },
{ "type": "Feature", "properties": { "osmid": [ 198123904, 1419685137 ], "highway": "residential", "oneway": false, "reversed": "True", "length": 108.00593298746972, "lanes": null, "maxspeed": null, "name": [ "Nguyễn Trung Ngạn", "Hẻm 5 Nguyễn Trung Ngạn" ], "junction": null, "access": null, "bridge": null, "relation_id": "19260504" }, "geometry": { "type": "LineString", "coordinates": [ [ 106.7051249, 10.7835028 ], [ 106.7052121, 10.783593 ], [ 106.7058055, 10.7842074 ] ] } },
{ "type": "Feature", "properties": { "osmid": [ 193085698, 1218661462 ], "highway": "primary", "oneway": true, "reversed": "False", "length": 123.99872651942577, "lanes": "4", "maxspeed": "60", "name": "Nguyễn Hữu Cảnh", "junction": null, "access": null, "bridge": null, "relation_id": "19260504" }, "geometry": { "type": "LineString", "coordinates": [ [ 106.708632, 10.7857612 ], [ 106.7085874, 10.7856443 ], [ 106.7084937, 10.7854238 ], [ 106.7084274, 10.7852611 ], [ 106.7083632, 10.7851295 ], [ 106.7082863, 10.785005 ], [ 106.7082031, 10.7848725 ], [ 106.7081312, 10.7847647 ] ] } },
{ "type": "Feature", "properties": { "osmid": "326848004", "highway": "primary", "oneway": true, "reversed": "False", "length": 31.274118459770527, "lanes": "2", "maxspeed": "50", "name": "Công trường Mê Linh", "junction": null, "access": null, "bridge": null, "relation_id": "19260504" }, "geometry": { "type": "LineString", "coordinates": [ [ 106.7064454, 10.7747778 ], [ 106.7065079, 10.7747897 ], [ 106.7065793, 10.7748312 ], [ 106.7066274, 10.7748869 ], [ 106.7066578, 10.7749437 ] ] } },
{ "type": "Feature", "properties": { "osmid": "1391340873", "highway": "primary", "oneway": true, "reversed": "False", "length": 19.300431529807106, "lanes": "3", "maxspeed": "60", "name": "Tôn Ðức Thắng", "junction": null, "access": null, "bridge": null, "relation_id": "19260504" }, "geometry": { "type": "LineString", "coordinates": [ [ 106.7064454, 10.7747778 ], [ 106.7064915, 10.774739 ], [ 106.7065225, 10.7746854 ], [ 106.7065281, 10.7746334 ] ] } },
{ "type": "Feature", "properties": { "osmid": "1187537970", "highway": "tertiary", "oneway": false, "reversed": "False", "length": 14.392959950490591, "lanes": "2", "maxspeed": null, "name": "Nguyễn Du", "junction": null, "access": null, "bridge": null, "relation_id": "19260504" }, "geometry": { "type": "LineString", "coordinates": [ [ 106.7035969, 10.7846363 ], [ 106.7036877, 10.7847301 ] ] } },
{ "type": "Feature", "properties": { "osmid": "1242685479", "highway": "primary", "oneway": true, "reversed": "False", "length": 37.399612087619104, "lanes": "4", "maxspeed": null, "name": "Tôn Đức Thắng", "junction": null, "access": null, "bridge": null, "relation_id": "19260504" }, "geometry": { "type": "LineString", "coordinates": [ [ 106.7035969, 10.7846363 ], [ 106.7038502, 10.78441 ] ] } },
{ "type": "Feature", "properties": { "osmid": [ 1343964593, 1178233766 ], "highway": "tertiary", "oneway": true, "reversed": "False", "length": 155.68181437701421, "lanes": "2", "maxspeed": "60", "name": "Nguyễn Du", "junction": null, "access": null, "bridge": null, "relation_id": "19260504" }, "geometry": { "type": "LineString", "coordinates": [ [ 106.7035969, 10.7846363 ], [ 106.7032877, 10.784306 ], [ 106.7031002, 10.7841076 ], [ 106.7030372, 10.7840414 ], [ 106.7026267, 10.7836107 ] ] } },
{ "type": "Feature", "properties": { "osmid": "690160066", "highway": "residential", "oneway": false, "reversed": "False", "length": 147.85629036365816, "lanes": null, "maxspeed": null, "name": "Nguyễn Trung Ngạn", "junction": null, "access": null, "bridge": null, "relation_id": "19260504" }, "geometry": { "type": "LineString", "coordinates": [ [ 106.7049734, 10.7832972 ], [ 106.7040685, 10.7823083 ] ] } },
{ "type": "Feature", "properties": { "osmid": "1267913081", "highway": "primary", "oneway": true, "reversed": "False", "length": 78.69894205951995, "lanes": "2", "maxspeed": null, "name": "Tôn Đức Thắng", "junction": null, "access": null, "bridge": null, "relation_id": "19260504" }, "geometry": { "type": "LineString", "coordinates": [ [ 106.7049734, 10.7832972 ], [ 106.7055038, 10.7828182 ] ] } },
{ "type": "Feature", "properties": { "osmid": "193085683", "highway": "primary", "oneway": true, "reversed": "False", "length": 47.73989637616134, "lanes": "3", "maxspeed": "60", "name": "Tôn Ðức Thắng", "junction": null, "access": null, "bridge": null, "relation_id": "19260504" }, "geometry": { "type": "LineString", "coordinates": [ [ 106.7063094, 10.7718595 ], [ 106.7062713, 10.7714318 ] ] } },
{ "type": "Feature", "properties": { "osmid": "377881079", "highway": "tertiary", "oneway": true, "reversed": "False", "length": 34.014787859940945, "lanes": "3", "maxspeed": null, "name": "Nguyễn Huệ", "junction": null, "access": null, "bridge": null, "relation_id": "19260504" }, "geometry": { "type": "LineString", "coordinates": [ [ 106.7063094, 10.7718595 ], [ 106.7062328, 10.7719307 ], [ 106.7060825, 10.772069 ] ] } },
{ "type": "Feature", "properties": { "osmid": "193085683", "highway": "primary", "oneway": true, "reversed": "False", "length": 125.58094403678376, "lanes": "3", "maxspeed": "60", "name": "Tôn Ðức Thắng", "junction": null, "access": null, "bridge": null, "relation_id": "19260504" }, "geometry": { "type": "LineString", "coordinates": [ [ 106.7064008, 10.7729853 ], [ 106.7063927, 10.7728852 ], [ 106.7063494, 10.7723534 ], [ 106.7063094, 10.7718595 ] ] } },
{ "type": "Feature", "properties": { "osmid": "690160068", "highway": "primary", "oneway": true, "reversed": "False", "length": 93.20545463105131, "lanes": "2", "maxspeed": null, "name": "Tôn Đức Thắng", "junction": null, "access": null, "bridge": null, "relation_id": "19260504" }, "geometry": { "type": "LineString", "coordinates": [ [ 106.7055038, 10.7828182 ], [ 106.706066, 10.7823053 ], [ 106.7061161, 10.7822366 ] ] } },
{ "type": "Feature", "properties": { "osmid": "326848027", "highway": "residential", "oneway": true, "reversed": "False", "length": 12.475257109742365, "lanes": "2", "maxspeed": null, "name": "Thi Sách", "junction": null, "access": null, "bridge": null, "relation_id": "19260504" }, "geometry": { "type": "LineString", "coordinates": [ [ 106.7062744, 10.7759006 ], [ 106.7063124, 10.7757948 ] ] } },
{ "type": "Feature", "properties": { "osmid": "846835885", "highway": "residential", "oneway": true, "reversed": "False", "length": 35.891369526679654, "lanes": "2", "maxspeed": "40", "name": "Công trường Mê Linh", "junction": null, "access": null, "bridge": null, "relation_id": "19260504" }, "geometry": { "type": "LineString", "coordinates": [ [ 106.7062744, 10.7759006 ], [ 106.7062071, 10.7758721 ], [ 106.7061208, 10.7758221 ], [ 106.7060705, 10.7757864 ], [ 106.7060029, 10.7757236 ] ] } },
{ "type": "Feature", "properties": { "osmid": "193085683", "highway": "primary", "oneway": true, "reversed": "False", "length": 59.85997969899725, "lanes": "3", "maxspeed": "60", "name": "Tôn Ðức Thắng", "junction": null, "access": null, "bridge": null, "relation_id": "19260504" }, "geometry": { "type": "LineString", "coordinates": [ [ 106.7062713, 10.7714318 ], [ 106.7062516, 10.7712074 ], [ 106.7062303, 10.770895 ] ] } },
{ "type": "Feature", "properties": { "osmid": "1391340873", "highway": "primary", "oneway": true, "reversed": "False", "length": 183.79417006349877, "lanes": "3", "maxspeed": "60", "name": "Tôn Ðức Thắng", "junction": null, "access": null, "bridge": null, "relation_id": "19260504" }, "geometry": { "type": "LineString", "coordinates": [ [ 106.7065281, 10.7746334 ], [ 106.7064573, 10.7736256 ], [ 106.7064189, 10.7731899 ], [ 106.7064008, 10.7729853 ] ] } },
{ "type": "Feature", "properties": { "osmid": "193268180", "highway": "living_street", "oneway": false, "reversed": "True", "length": 60.618620071090135, "lanes": null, "maxspeed": null, "name": null, "junction": null, "access": null, "bridge": null, "relation_id": "19260504" }, "geometry": { "type": "LineString", "coordinates": [ [ 106.7052865, 10.7821171 ], [ 106.7057094, 10.7817641 ] ] } },
{ "type": "Feature", "properties": { "osmid": "203977535", "highway": "living_street", "oneway": false, "reversed": "False", "length": 30.739138554031616, "lanes": null, "maxspeed": null, "name": null, "junction": null, "access": null, "bridge": null, "relation_id": "19260504" }, "geometry": { "type": "LineString", "coordinates": [ [ 106.7052865, 10.7821171 ], [ 106.7054797, 10.7823181 ] ] } },
{ "type": "Feature", "properties": { "osmid": "203977535", "highway": "living_street", "oneway": false, "reversed": "True", "length": 35.91897251419114, "lanes": null, "maxspeed": null, "name": null, "junction": null, "access": null, "bridge": null, "relation_id": "19260504" }, "geometry": { "type": "LineString", "coordinates": [ [ 106.7052865, 10.7821171 ], [ 106.7050554, 10.7818873 ] ] } },
{ "type": "Feature", "properties": { "osmid": "193268180", "highway": "living_street", "oneway": false, "reversed": "False", "length": 60.618620071090135, "lanes": null, "maxspeed": null, "name": null, "junction": null, "access": null, "bridge": null, "relation_id": "19260504" }, "geometry": { "type": "LineString", "coordinates": [ [ 106.7057094, 10.7817641 ], [ 106.7052865, 10.7821171 ] ] } },
{ "type": "Feature", "properties": { "osmid": "1146950655", "highway": "tertiary", "oneway": true, "reversed": "False", "length": 19.142428898246365, "lanes": null, "maxspeed": null, "name": "Lê Thánh Tôn", "junction": null, "access": null, "bridge": null, "relation_id": "19260504" }, "geometry": { "type": "LineString", "coordinates": [ [ 106.7057094, 10.7817641 ], [ 106.7055963, 10.7816326 ] ] } },
{ "type": "Feature", "properties": { "osmid": "1122280205", "highway": "tertiary", "oneway": true, "reversed": "False", "length": 133.42746691701228, "lanes": "3", "maxspeed": null, "name": "Nguyễn Huệ", "junction": null, "access": null, "bridge": null, "relation_id": "19260504" }, "geometry": { "type": "LineString", "coordinates": [ [ 106.7009788, 10.7762943 ], [ 106.7010186, 10.776258 ], [ 106.7011025, 10.7761813 ], [ 106.7011579, 10.7761307 ], [ 106.7012568, 10.7760402 ], [ 106.7013293, 10.775974 ], [ 106.7017437, 10.7755952 ], [ 106.7017759, 10.7755657 ], [ 106.7018715, 10.7754753 ] ] } },
{ "type": "Feature", "properties": { "osmid": "1372004229", "highway": "tertiary", "oneway": true, "reversed": "False", "length": 92.307807740253182, "lanes": "2", "maxspeed": null, "name": "Lê Thánh Tôn", "junction": null, "access": null, "bridge": null, "relation_id": "19260504" }, "geometry": { "type": "LineString", "coordinates": [ [ 106.7009788, 10.7762943 ], [ 106.700633, 10.7758977 ], [ 106.7005335, 10.7757836 ], [ 106.7004291, 10.7756638 ] ] } },
{ "type": "Feature", "properties": { "osmid": "203977535", "highway": "living_street", "oneway": false, "reversed": "False", "length": 35.91897251419114, "lanes": null, "maxspeed": null, "name": null, "junction": null, "access": null, "bridge": null, "relation_id": "19260504" }, "geometry": { "type": "LineString", "coordinates": [ [ 106.7050554, 10.7818873 ], [ 106.7052865, 10.7821171 ] ] } },
{ "type": "Feature", "properties": { "osmid": "203977535", "highway": "living_street", "oneway": false, "reversed": "True", "length": 30.739138554031616, "lanes": null, "maxspeed": null, "name": null, "junction": null, "access": null, "bridge": null, "relation_id": "19260504" }, "geometry": { "type": "LineString", "coordinates": [ [ 106.7054797, 10.7823181 ], [ 106.7052865, 10.7821171 ] ] } },
{ "type": "Feature", "properties": { "osmid": "213418641", "highway": "residential", "oneway": false, "reversed": "False", "length": 69.126165226865709, "lanes": null, "maxspeed": null, "name": "Hẻm 16 Phùng Khắc Khoan", "junction": null, "access": null, "bridge": null, "relation_id": "19260504" }, "geometry": { "type": "LineString", "coordinates": [ [ 106.6973003, 10.7851707 ], [ 106.6977381, 10.7856196 ] ] } },
{ "type": "Feature", "properties": { "osmid": "330378030", "highway": "tertiary", "oneway": true, "reversed": "False", "length": 67.488916124069704, "lanes": "2", "maxspeed": "60", "name": "Phùng Khắc Khoan", "junction": null, "access": null, "bridge": null, "relation_id": "19260504" }, "geometry": { "type": "LineString", "coordinates": [ [ 106.6973003, 10.7851707 ], [ 106.6968504, 10.7855867 ] ] } },
{ "type": "Feature", "properties": { "osmid": "213418641", "highway": "residential", "oneway": false, "reversed": "True", "length": 69.126165226865709, "lanes": null, "maxspeed": null, "name": "Hẻm 16 Phùng Khắc Khoan", "junction": null, "access": null, "bridge": null, "relation_id": "19260504" }, "geometry": { "type": "LineString", "coordinates": [ [ 106.6977381, 10.7856196 ], [ 106.6973003, 10.7851707 ] ] } },
{ "type": "Feature", "properties": { "osmid": "220686533", "highway": "residential", "oneway": false, "reversed": "True", "length": 45.746828119074166, "lanes": null, "maxspeed": null, "name": "Hẻm 29 Nguyễn Bỉnh Khiêm", "junction": null, "access": null, "bridge": null, "relation_id": "19260504" }, "geometry": { "type": "LineString", "coordinates": [ [ 106.7026198, 10.7889008 ], [ 106.7029041, 10.7892029 ] ] } },
{ "type": "Feature", "properties": { "osmid": "220686533", "highway": "residential", "oneway": false, "reversed": "False", "length": 45.746828119074166, "lanes": null, "maxspeed": null, "name": "Hẻm 29 Nguyễn Bỉnh Khiêm", "junction": null, "access": null, "bridge": null, "relation_id": "19260504" }, "geometry": { "type": "LineString", "coordinates": [ [ 106.7029041, 10.7892029 ], [ 106.7026198, 10.7889008 ] ] } },
{ "type": "Feature", "properties": { "osmid": "35113963", "highway": "primary", "oneway": true, "reversed": "False", "length": 89.238528965062272, "lanes": "2", "maxspeed": "60", "name": "Nguyễn Bỉnh Khiêm", "junction": null, "access": null, "bridge": null, "relation_id": "19260504" }, "geometry": { "type": "LineString", "coordinates": [ [ 106.7029041, 10.7892029 ], [ 106.7031826, 10.7889408 ], [ 106.7034951, 10.7886488 ] ] } },
{ "type": "Feature", "properties": { "osmid": "1265997673", "highway": "primary", "oneway": true, "reversed": "False", "length": 9.7870387079772438, "lanes": "2", "maxspeed": "50", "name": null, "junction": "roundabout", "access": null, "bridge": null, "relation_id": "19260504" }, "geometry": { "type": "LineString", "coordinates": [ [ 106.7034096, 10.7686141 ], [ 106.7034338, 10.7686313 ], [ 106.7034512, 10.7686551 ], [ 106.7034599, 10.7686832 ] ] } },
{ "type": "Feature", "properties": { "osmid": "227076577", "highway": "primary", "oneway": true, "reversed": "False", "length": 27.705362564584753, "lanes": "2", "maxspeed": "50", "name": null, "junction": "roundabout", "access": null, "bridge": null, "relation_id": "19260504" }, "geometry": { "type": "LineString", "coordinates": [ [ 106.7032974, 10.7687542 ], [ 106.7032783, 10.7687258 ], [ 106.7032755, 10.7686887 ], [ 106.7032826, 10.7686599 ], [ 106.7032988, 10.7686348 ], [ 106.7033223, 10.7686162 ], [ 106.7033506, 10.768606 ], [ 106.7033808, 10.7686053 ], [ 106.7034096, 10.7686141 ] ] } },
{ "type": "Feature", "properties": { "osmid": "473396239", "highway": "primary", "oneway": true, "reversed": "False", "length": 37.850888468083042, "lanes": "2", "maxspeed": "50", "name": "Võ Văn Kiệt", "junction": null, "access": null, "bridge": null, "relation_id": "19260504" }, "geometry": { "type": "LineString", "coordinates": [ [ 106.7034599, 10.7686832 ], [ 106.7035962, 10.7687662 ], [ 106.7037384, 10.7688842 ] ] } },
{ "type": "Feature", "properties": { "osmid": "1265997673", "highway": "primary", "oneway": true, "reversed": "False", "length": 14.022184710168119, "lanes": "2", "maxspeed": "50", "name": null, "junction": "roundabout", "access": null, "bridge": null, "relation_id": "19260504" }, "geometry": { "type": "LineString", "coordinates": [ [ 106.7034599, 10.7686832 ], [ 106.7034587, 10.7687147 ], [ 106.7034467, 10.7687439 ], [ 106.7034252, 10.7687674 ], [ 106.7033969, 10.7687822 ] ] } },
{ "type": "Feature", "properties": { "osmid": "724380441", "highway": "secondary", "oneway": true, "reversed": "False", "length": 102.55606411136951, "lanes": "3", "maxspeed": "60", "name": "Pasteur", "junction": null, "access": null, "bridge": null, "relation_id": "19260504" }, "geometry": { "type": "LineString", "coordinates": [ [ 106.7033969, 10.7687822 ], [ 106.7032003, 10.7692166 ], [ 106.703057, 10.7695331 ], [ 106.7030192, 10.7696265 ] ] } },
{ "type": "Feature", "properties": { "osmid": "1265997674", "highway": "primary", "oneway": true, "reversed": "False", "length": 11.942511135929585, "lanes": "2", "maxspeed": "50", "name": null, "junction": "roundabout", "access": null, "bridge": null, "relation_id": "19260504" }, "geometry": { "type": "LineString", "coordinates": [ [ 106.7033969, 10.7687822 ], [ 106.7033651, 10.7687867 ], [ 106.7033416, 10.7687828 ], [ 106.703317, 10.7687709 ], [ 106.7032974, 10.7687542 ] ] } },
{ "type": "Feature", "properties": { "osmid": "1179935043", "highway": "primary_link", "oneway": false, "reversed": "False", "length": 7.3568502486809688, "lanes": null, "maxspeed": null, "name": null, "junction": null, "access": null, "bridge": null, "relation_id": "19260504" }, "geometry": { "type": "LineString", "coordinates": [ [ 106.7030795, 10.7882186 ], [ 106.7031283, 10.788173 ] ] } },
{ "type": "Feature", "properties": { "osmid": "1177490459", "highway": "primary", "oneway": true, "reversed": "False", "length": 42.731807077703564, "lanes": "2", "maxspeed": null, "name": "Nguyễn Thị Minh Khai", "junction": null, "access": null, "bridge": null, "relation_id": "19260504" }, "geometry": { "type": "LineString", "coordinates": [ [ 106.7030795, 10.7882186 ], [ 106.7028886, 10.7880165 ], [ 106.7028134, 10.7879369 ] ] } },
{ "type": "Feature", "properties": { "osmid": "1230812506", "highway": "primary", "oneway": false, "reversed": "False", "length": 7.3809233285974143, "lanes": null, "maxspeed": null, "name": "Nguyễn Thị Minh Khai", "junction": null, "access": null, "bridge": null, "relation_id": "19260504" }, "geometry": { "type": "LineString", "coordinates": [ [ 106.7044554, 10.7896672 ], [ 106.7045046, 10.7896217 ] ] } },
{ "type": "Feature", "properties": { "osmid": [ 231983062, 1258912423 ], "highway": "primary", "oneway": true, "reversed": "False", "length": 154.35731451675821, "lanes": "2", "maxspeed": "60", "name": "Nguyễn Thị Minh Khai", "junction": null, "access": null, "bridge": null, "relation_id": "19260504" }, "geometry": { "type": "LineString", "coordinates": [ [ 106.7044554, 10.7896672 ], [ 106.7040063, 10.7891929 ], [ 106.7037099, 10.7888774 ], [ 106.7034951, 10.7886488 ] ] } },
{ "type": "Feature", "properties": { "osmid": "1173862242", "highway": "primary", "oneway": false, "reversed": "True", "length": 7.1593055784682642, "lanes": "2", "maxspeed": null, "name": "Nguyễn Bỉnh Khiêm", "junction": null, "access": null, "bridge": null, "relation_id": "19260504" }, "geometry": { "type": "LineString", "coordinates": [ [ 106.7034951, 10.7886488 ], [ 106.7035437, 10.7886056 ] ] } },
{ "type": "Feature", "properties": { "osmid": "1184432370", "highway": "primary", "oneway": true, "reversed": "False", "length": 65.947554198587753, "lanes": "2", "maxspeed": null, "name": "Nguyễn Thị Minh Khai", "junction": null, "access": null, "bridge": null, "relation_id": "19260504" }, "geometry": { "type": "LineString", "coordinates": [ [ 106.7034951, 10.7886488 ], [ 106.7030795, 10.7882186 ] ] } },
{ "type": "Feature", "properties": { "osmid": "231983436", "highway": "primary_link", "oneway": false, "reversed": "True", "length": 7.0180345100677393, "lanes": null, "maxspeed": null, "name": "Hẻm 12 Nguyễn Thị Minh Khai", "junction": null, "access": null, "bridge": null, "relation_id": "19260504" }, "geometry": { "type": "LineString", "coordinates": [ [ 106.7028134, 10.7879369 ], [ 106.7028609, 10.7878944 ] ] } },
{ "type": "Feature", "properties": { "osmid": "1173862241", "highway": "primary", "oneway": true, "reversed": "False", "length": 42.037402084797257, "lanes": "2", "maxspeed": "60", "name": "Nguyễn Thị Minh Khai", "junction": null, "access": null, "bridge": null, "relation_id": "19260504" }, "geometry": { "type": "LineString", "coordinates": [ [ 106.7028134, 10.7879369 ], [ 106.7025516, 10.7876598 ] ] } },
{ "type": "Feature", "properties": { "osmid": [ 35113866, 35114514 ], "highway": "residential", "oneway": false, "reversed": [ false, true ], "length": 309.16112921053735, "lanes": null, "maxspeed": null, "name": "Phạm Khắc", "junction": null, "access": null, "bridge": null, "relation_id": "19260504" }, "geometry": { "type": "LineString", "coordinates": [ [ 106.7028134, 10.7879369 ], [ 106.7025438, 10.788186 ], [ 106.7023377, 10.7883776 ], [ 106.7020817, 10.7886113 ], [ 106.7020513, 10.7886442 ], [ 106.7020273, 10.7886792 ], [ 106.7020117, 10.7887184 ], [ 106.7019553, 10.7889274 ], [ 106.7019398, 10.788971 ], [ 106.7019137, 10.7890124 ], [ 106.701708, 10.7891994 ], [ 106.701565, 10.7893344 ], [ 106.701371, 10.7895175 ], [ 106.7013473, 10.7895743 ], [ 106.7013224, 10.7897184 ], [ 106.7012752, 10.7898603 ], [ 106.7010996, 10.7900597 ] ] } },
{ "type": "Feature", "properties": { "osmid": "761150515", "highway": "tertiary", "oneway": false, "reversed": "True", "length": 28.488242113583507, "lanes": "2", "maxspeed": null, "name": "Nguyễn Du", "junction": null, "access": null, "bridge": null, "relation_id": "19260504" }, "geometry": { "type": "LineString", "coordinates": [ [ 106.6997738, 10.7787668 ], [ 106.6999459, 10.7789593 ] ] } },
{ "type": "Feature", "properties": { "osmid": "732571882", "highway": "tertiary", "oneway": true, "reversed": "False", "length": 147.76801450915386, "lanes": "2", "maxspeed": null, "name": "Nguyễn Du", "junction": null, "access": null, "bridge": null, "relation_id": "19260504" }, "geometry": { "type": "LineString", "coordinates": [ [ 106.6997738, 10.7787668 ], [ 106.6996852, 10.7786719 ], [ 106.6993259, 10.7782759 ], [ 106.6988723, 10.777776 ] ] } },
{ "type": "Feature", "properties": { "osmid": "1177488210", "highway": "residential", "oneway": true, "reversed": "False", "length": 5.9932071343066022, "lanes": "2", "maxspeed": null, "name": "Hồ Tùng Mậu", "junction": null, "access": null, "bridge": null, "relation_id": "19260504" }, "geometry": { "type": "LineString", "coordinates": [ [ 106.7043092, 10.7711662 ], [ 106.7043045, 10.7711125 ] ] } },
{ "type": "Feature", "properties": { "osmid": "267605893", "highway": "residential", "oneway": false, "reversed": "True", "length": 168.84365106511837, "lanes": null, "maxspeed": null, "name": "Hải Triều", "junction": null, "access": null, "bridge": null, "relation_id": "19260504" }, "geometry": { "type": "LineString", "coordinates": [ [ 106.7043092, 10.7711662 ], [ 106.7044341, 10.7712228 ], [ 106.7044835, 10.7712576 ], [ 106.704512, 10.7712777 ], [ 106.7045958, 10.7713618 ], [ 106.7047947, 10.7715779 ], [ 106.7049615, 10.7717626 ], [ 106.705399, 10.7722276 ] ] } },
{ "type": "Feature", "properties": { "osmid": "267605899", "highway": "residential", "oneway": false, "reversed": "True", "length": 89.134339573419012, "lanes": "2", "maxspeed": null, "name": "Hồ Tùng Mậu", "junction": null, "access": null, "bridge": null, "relation_id": "19260504" }, "geometry": { "type": "LineString", "coordinates": [ [ 106.7043092, 10.7711662 ], [ 106.7042626, 10.7712171 ], [ 106.7042056, 10.7713017 ], [ 106.7041754, 10.7713594 ], [ 106.704098, 10.7715076 ], [ 106.7039118, 10.7718636 ] ] } },
{ "type": "Feature", "properties": { "osmid": "35114970", "highway": "residential", "oneway": true, "reversed": "False", "length": 129.46384345762655, "lanes": null, "maxspeed": null, "name": "Công trường Lam Sơn", "junction": null, "access": null, "bridge": null, "relation_id": "19260504" }, "geometry": { "type": "LineString", "coordinates": [ [ 106.7034401, 10.77718 ], [ 106.7032981, 10.7770265 ], [ 106.7032045, 10.7770245 ], [ 106.703112, 10.7770535 ], [ 106.7030337, 10.7770573 ], [ 106.7027396, 10.7767357 ], [ 106.7025647, 10.7765403 ] ] } },
{ "type": "Feature", "properties": { "osmid": "287132223", "highway": "residential", "oneway": false, "reversed": "False", "length": 37.790482231082684, "lanes": null, "maxspeed": null, "name": "Công trường Lam Sơn", "junction": null, "access": null, "bridge": null, "relation_id": "19260504" }, "geometry": { "type": "LineString", "coordinates": [ [ 106.7034401, 10.77718 ], [ 106.7036061, 10.7770464 ], [ 106.7037077, 10.7769646 ] ] } },
{ "type": "Feature", "properties": { "osmid": "35112941", "highway": "residential", "oneway": true, "reversed": "False", "length": 65.535365064043347, "lanes": null, "maxspeed": null, "name": "Công trường Lam Sơn", "junction": null, "access": null, "bridge": null, "relation_id": "19260504" }, "geometry": { "type": "LineString", "coordinates": [ [ 106.7037077, 10.7769646 ], [ 106.7040638, 10.7773356 ], [ 106.7041193, 10.7773934 ] ] } },
{ "type": "Feature", "properties": { "osmid": "287132223", "highway": "residential", "oneway": false, "reversed": "True", "length": 37.790482231082684, "lanes": null, "maxspeed": null, "name": "Công trường Lam Sơn", "junction": null, "access": null, "bridge": null, "relation_id": "19260504" }, "geometry": { "type": "LineString", "coordinates": [ [ 106.7037077, 10.7769646 ], [ 106.7036061, 10.7770464 ], [ 106.7034401, 10.77718 ] ] } },
{ "type": "Feature", "properties": { "osmid": "650862303", "highway": "primary", "oneway": true, "reversed": "False", "length": 132.32929692336063, "lanes": "4", "maxspeed": "50", "name": "Đinh Tiên Hoàng", "junction": null, "access": null, "bridge": null, "relation_id": "19260504" }, "geometry": { "type": "LineString", "coordinates": [ [ 106.7028245, 10.7854521 ], [ 106.7027806, 10.7854919 ], [ 106.7024721, 10.7857839 ], [ 106.7024226, 10.7858305 ], [ 106.7023537, 10.7858948 ], [ 106.7020715, 10.7861581 ], [ 106.7020102, 10.7862127 ], [ 106.701946, 10.7862715 ] ] } },
{ "type": "Feature", "properties": { "osmid": "1472910299", "highway": "primary", "oneway": true, "reversed": "False", "length": 34.957695706730235, "lanes": null, "maxspeed": null, "name": "Đinh Tiên Hoàng", "junction": null, "access": null, "bridge": null, "relation_id": "19260504" }, "geometry": { "type": "LineString", "coordinates": [ [ 106.7028245, 10.7854521 ], [ 106.702856, 10.7853776 ], [ 106.7029518, 10.7852932 ], [ 106.7030012, 10.7851975 ] ] } },
{ "type": "Feature", "properties": { "osmid": "326848020", "highway": "residential", "oneway": false, "reversed": "True", "length": 99.299420442880034, "lanes": null, "maxspeed": null, "name": "Nguyễn Thiệp", "junction": null, "access": null, "bridge": null, "relation_id": "19260504" }, "geometry": { "type": "LineString", "coordinates": [ [ 106.7029702, 10.7749426 ], [ 106.7035916, 10.7755944 ] ] } },
{ "type": "Feature", "properties": { "osmid": "377881079", "highway": "tertiary", "oneway": true, "reversed": "False", "length": 92.906691407090264, "lanes": "3", "maxspeed": null, "name": "Nguyễn Huệ", "junction": null, "access": null, "bridge": null, "relation_id": "19260504" }, "geometry": { "type": "LineString", "coordinates": [ [ 106.7029702, 10.7749426 ], [ 106.7029521, 10.7749592 ], [ 106.7024535, 10.7754193 ], [ 106.7024107, 10.7754591 ], [ 106.702352, 10.7755164 ] ] } },
{ "type": "Feature", "properties": { "osmid": "326848020", "highway": "residential", "oneway": false, "reversed": "False", "length": 99.299420442880034, "lanes": null, "maxspeed": null, "name": "Nguyễn Thiệp", "junction": null, "access": null, "bridge": null, "relation_id": "19260504" }, "geometry": { "type": "LineString", "coordinates": [ [ 106.7035916, 10.7755944 ], [ 106.7029702, 10.7749426 ] ] } },
{ "type": "Feature", "properties": { "osmid": "1278461439", "highway": "tertiary", "oneway": true, "reversed": "False", "length": 53.758950652222708, "lanes": "2", "maxspeed": "60", "name": "Ðồng Khởi", "junction": null, "access": null, "bridge": null, "relation_id": "19260504" }, "geometry": { "type": "LineString", "coordinates": [ [ 106.7035916, 10.7755944 ], [ 106.7039506, 10.7752637 ] ] } },
{ "type": "Feature", "properties": { "osmid": "1185261855", "highway": "secondary", "oneway": true, "reversed": "False", "length": 74.460507056584419, "lanes": "2", "maxspeed": "50", "name": "Nguyễn Đình Chiểu", "junction": null, "access": null, "bridge": null, "relation_id": "19260504" }, "geometry": { "type": "LineString", "coordinates": [ [ 106.6995877, 10.7884681 ], [ 106.6995314, 10.7884087 ], [ 106.6991234, 10.7879778 ] ] } },
{ "type": "Feature", "properties": { "osmid": "1278461431", "highway": "primary", "oneway": true, "reversed": "False", "length": 87.770924210315741, "lanes": "3", "maxspeed": "60", "name": "Nguyễn Hữu Cảnh", "junction": null, "access": null, "bridge": null, "relation_id": "19260504" }, "geometry": { "type": "LineString", "coordinates": [ [ 106.7079426, 10.7845334 ], [ 106.7074212, 10.7839328 ] ] } },
{ "type": "Feature", "properties": { "osmid": "817117939", "highway": "primary_link", "oneway": false, "reversed": "False", "length": 15.25417671464395, "lanes": null, "maxspeed": null, "name": "Nguyễn Bỉnh Khiêm", "junction": null, "access": null, "bridge": null, "relation_id": "19260504" }, "geometry": { "type": "LineString", "coordinates": [ [ 106.7079426, 10.7845334 ], [ 106.708002, 10.7844788 ], [ 106.7080446, 10.7844397 ] ] } },
{ "type": "Feature", "properties": { "osmid": "465567471", "highway": "residential", "oneway": false, "reversed": "False", "length": 35.209934057774433, "lanes": null, "maxspeed": null, "name": "Hẻm 15B Đường Lê Thánh Tôn", "junction": null, "access": null, "bridge": null, "relation_id": "19260504" }, "geometry": { "type": "LineString", "coordinates": [ [ 106.7045468, 10.7804132 ], [ 106.7046027, 10.7803649 ], [ 106.7047876, 10.7802027 ] ] } },
{ "type": "Feature", "properties": { "osmid": "828323704", "highway": "tertiary", "oneway": true, "reversed": "False", "length": 92.109933987227265, "lanes": null, "maxspeed": null, "name": "Lê Thánh Tôn", "junction": null, "access": null, "bridge": null, "relation_id": "19260504" }, "geometry": { "type": "LineString", "coordinates": [ [ 106.7045468, 10.7804132 ], [ 106.7042143, 10.7800268 ], [ 106.7040024, 10.7797806 ] ] } },
{ "type": "Feature", "properties": { "osmid": "465567471", "highway": "residential", "oneway": false, "reversed": "True", "length": 35.209934057774433, "lanes": null, "maxspeed": null, "name": "Hẻm 15B Đường Lê Thánh Tôn", "junction": null, "access": null, "bridge": null, "relation_id": "19260504" }, "geometry": { "type": "LineString", "coordinates": [ [ 106.7047876, 10.7802027 ], [ 106.7046027, 10.7803649 ], [ 106.7045468, 10.7804132 ] ] } },
{ "type": "Feature", "properties": { "osmid": "465567858", "highway": "residential", "oneway": false, "reversed": "True", "length": 23.814419552171621, "lanes": null, "maxspeed": null, "name": "Hẻm 17 Đường Thái Văn Lung", "junction": null, "access": null, "bridge": null, "relation_id": "19260504" }, "geometry": { "type": "LineString", "coordinates": [ [ 106.7046381, 10.7800151 ], [ 106.7047728, 10.7801835 ] ] } },
{ "type": "Feature", "properties": { "osmid": "465568230", "highway": "residential", "oneway": false, "reversed": "False", "length": 52.616543300769692, "lanes": null, "maxspeed": null, "name": "Hẻm 8A Đường Thái Văn Lung", "junction": null, "access": null, "bridge": null, "relation_id": "19260504" }, "geometry": { "type": "LineString", "coordinates": [ [ 106.7046381, 10.7800151 ], [ 106.705005, 10.7797085 ] ] } },
{ "type": "Feature", "properties": { "osmid": [ 465567858, 465568230 ], "highway": "residential", "oneway": false, "reversed": [ false, true ], "length": 92.826677312346092, "lanes": null, "maxspeed": null, "name": [ "Hẻm 8A Đường Thái Văn Lung", "Hẻm 17 Đường Thái Văn Lung" ], "junction": null, "access": null, "bridge": null, "relation_id": "19260504" }, "geometry": { "type": "LineString", "coordinates": [ [ 106.7046381, 10.7800151 ], [ 106.7043893, 10.7797497 ], [ 106.7047553, 10.7794408 ] ] } },
{ "type": "Feature", "properties": { "osmid": "211405688", "highway": "residential", "oneway": true, "reversed": "False", "length": 86.393911291816138, "lanes": null, "maxspeed": null, "name": "Đường Thái Văn Lung", "junction": null, "access": null, "bridge": null, "relation_id": "19260504" }, "geometry": { "type": "LineString", "coordinates": [ [ 106.7045988, 10.7792703 ], [ 106.7042275, 10.7795863 ], [ 106.7040024, 10.7797806 ] ] } },
{ "type": "Feature", "properties": { "osmid": "465568523", "highway": "residential", "oneway": false, "reversed": "False", "length": 25.527877536146892, "lanes": null, "maxspeed": null, "name": "Hẻm 8A Đường Thái Văn Lung", "junction": null, "access": null, "bridge": null, "relation_id": "19260504" }, "geometry": { "type": "LineString", "coordinates": [ [ 106.7045988, 10.7792703 ], [ 106.7046223, 10.7792959 ], [ 106.7047553, 10.7794408 ] ] } },
{ "type": "Feature", "properties": { "osmid": "465568230", "highway": "residential", "oneway": false, "reversed": "True", "length": 52.616543300769692, "lanes": null, "maxspeed": null, "name": "Hẻm 8A Đường Thái Văn Lung", "junction": null, "access": null, "bridge": null, "relation_id": "19260504" }, "geometry": { "type": "LineString", "coordinates": [ [ 106.705005, 10.7797085 ], [ 106.7046381, 10.7800151 ] ] } },
{ "type": "Feature", "properties": { "osmid": "465568523", "highway": "residential", "oneway": false, "reversed": "True", "length": 40.373514508439925, "lanes": null, "maxspeed": null, "name": "Hẻm 8A Đường Thái Văn Lung", "junction": null, "access": null, "bridge": null, "relation_id": "19260504" }, "geometry": { "type": "LineString", "coordinates": [ [ 106.705005, 10.7797085 ], [ 106.7047553, 10.7794408 ] ] } },
{ "type": "Feature", "properties": { "osmid": "465568230", "highway": "residential", "oneway": false, "reversed": "False", "length": 161.03780895652494, "lanes": null, "maxspeed": null, "name": "Hẻm 8A Đường Thái Văn Lung", "junction": null, "access": null, "bridge": null, "relation_id": "19260504" }, "geometry": { "type": "LineString", "coordinates": [ [ 106.705005, 10.7797085 ], [ 106.7052738, 10.7794851 ], [ 106.7054186, 10.7793643 ], [ 106.7051718, 10.7790824 ], [ 106.7050299, 10.779203 ], [ 106.7047553, 10.7794408 ] ] } },
{ "type": "Feature", "properties": { "osmid": "35113663", "highway": "residential", "oneway": false, "reversed": "True", "length": 146.80719452581346, "lanes": "2", "maxspeed": "50", "name": "Hàn Thuyên", "junction": null, "access": null, "bridge": null, "relation_id": "19260504" }, "geometry": { "type": "LineString", "coordinates": [ [ 106.6979087, 10.7786471 ], [ 106.6980921, 10.7788406 ], [ 106.698206, 10.7789608 ], [ 106.6982279, 10.7789839 ], [ 106.6988256, 10.7796124 ] ] } },
{ "type": "Feature", "properties": { "osmid": "678315474", "highway": "secondary", "oneway": true, "reversed": "False", "length": 79.650275636089518, "lanes": "3", "maxspeed": "60", "name": "Pasteur", "junction": null, "access": null, "bridge": null, "relation_id": "19260504" }, "geometry": { "type": "LineString", "coordinates": [ [ 106.6979087, 10.7786471 ], [ 106.6977984, 10.7787483 ], [ 106.6976332, 10.7788998 ], [ 106.6974154, 10.7790997 ], [ 106.6973782, 10.7791384 ] ] } },
{ "type": "Feature", "properties": { "osmid": "408188966", "highway": "residential", "oneway": false, "reversed": "True", "length": 213.95363281651012, "lanes": "2", "maxspeed": "50", "name": "Chu Mạnh Trinh", "junction": null, "access": null, "bridge": null, "relation_id": "19260504" }, "geometry": { "type": "LineString", "coordinates": [ [ 106.7026267, 10.7836107 ], [ 106.7032423, 10.7830547 ], [ 106.7035579, 10.7827695 ], [ 106.7040685, 10.7823083 ] ] } },
{ "type": "Feature", "properties": { "osmid": "1343964594", "highway": "tertiary", "oneway": true, "reversed": "False", "length": 142.79631442999744, "lanes": "2", "maxspeed": "60", "name": "Nguyễn Du", "junction": null, "access": null, "bridge": null, "relation_id": "19260504" }, "geometry": { "type": "LineString", "coordinates": [ [ 106.7026267, 10.7836107 ], [ 106.7022555, 10.7832079 ], [ 106.7018074, 10.7827252 ], [ 106.7017473, 10.7826605 ] ] } },
{ "type": "Feature", "properties": { "osmid": [ 1223106781, 231983062 ], "highway": "primary", "oneway": true, "reversed": "False", "length": 188.86162376785512, "lanes": "2", "maxspeed": "60", "name": "Nguyễn Thị Minh Khai", "junction": null, "access": null, "bridge": null, "relation_id": "19260504" }, "geometry": { "type": "LineString", "coordinates": [ [ 106.7056334, 10.7909104 ], [ 106.7055563, 10.7908314 ], [ 106.7053997, 10.7906705 ], [ 106.7052462, 10.7905044 ], [ 106.7047871, 10.7900176 ], [ 106.7047475, 10.7899773 ], [ 106.7044554, 10.7896672 ] ] } },
{ "type": "Feature", "properties": { "osmid": "1264456876", "highway": "tertiary", "oneway": false, "reversed": "True", "length": 131.96903372691307, "lanes": "2", "maxspeed": "50", "name": "Hoàng Sa", "junction": null, "access": null, "bridge": null, "relation_id": "19260504" }, "geometry": { "type": "LineString", "coordinates": [ [ 106.7056334, 10.7909104 ], [ 106.705621, 10.7909512 ], [ 106.7053854, 10.7916595 ], [ 106.7053727, 10.7916909 ], [ 106.7053531, 10.7917187 ], [ 106.7053355, 10.7917355 ], [ 106.7053154, 10.7917493 ], [ 106.7052933, 10.7917598 ], [ 106.7051736, 10.7918144 ], [ 106.7050526, 10.7918659 ] ] } },
{ "type": "Feature", "properties": { "osmid": "341504312", "highway": "tertiary", "oneway": true, "reversed": "False", "length": 63.179769557983199, "lanes": "3", "maxspeed": null, "name": "Nguyễn Huệ", "junction": null, "access": null, "bridge": null, "relation_id": "19260504" }, "geometry": { "type": "LineString", "coordinates": [ [ 106.7058503, 10.7718214 ], [ 106.7061637, 10.7715314 ], [ 106.7062713, 10.7714318 ] ] } },
{ "type": "Feature", "properties": { "osmid": "542817333", "highway": "tertiary_link", "oneway": true, "reversed": "False", "length": 42.913737464751676, "lanes": "1", "maxspeed": null, "name": "Nguyễn Huệ", "junction": null, "access": null, "bridge": null, "relation_id": "19260504" }, "geometry": { "type": "LineString", "coordinates": [ [ 106.7058503, 10.7718214 ], [ 106.7059078, 10.7718254 ], [ 106.7059507, 10.7718374 ], [ 106.7059925, 10.7718596 ], [ 106.7060257, 10.7718886 ], [ 106.7060541, 10.7719232 ], [ 106.7060723, 10.7719632 ], [ 106.7060826, 10.7720092 ], [ 106.7060825, 10.772069 ] ] } },
{ "type": "Feature", "properties": { "osmid": "377881079", "highway": "tertiary", "oneway": true, "reversed": "False", "length": 154.00965684211815, "lanes": "3", "maxspeed": null, "name": "Nguyễn Huệ", "junction": null, "access": null, "bridge": null, "relation_id": "19260504" }, "geometry": { "type": "LineString", "coordinates": [ [ 106.7060825, 10.772069 ], [ 106.7050529, 10.7730152 ] ] } },
{ "type": "Feature", "properties": { "osmid": "165367628", "highway": "primary", "oneway": true, "reversed": "False", "length": 182.62539622789791, "lanes": "2", "maxspeed": "50", "name": "Võ Văn Kiệt", "junction": null, "access": null, "bridge": null, "relation_id": "19260504" }, "geometry": { "type": "LineString", "coordinates": [ [ 106.7061991, 10.7705738 ], [ 106.7061056, 10.7704706 ], [ 106.7060645, 10.770333 ], [ 106.7060316, 10.7702045 ], [ 106.7059986, 10.7700952 ], [ 106.7059525, 10.7699845 ], [ 106.7058984, 10.7698865 ], [ 106.7058258, 10.7697922 ], [ 106.7057386, 10.7697131 ], [ 106.7056331, 10.7696527 ], [ 106.7052211, 10.7694975 ], [ 106.7051609, 10.7694232 ] ] } },
{ "type": "Feature", "properties": { "osmid": "1027254611", "highway": "primary", "oneway": true, "reversed": "False", "length": 10.95617675430546, "lanes": null, "maxspeed": "50", "name": "Tôn Ðức Thắng", "junction": null, "access": null, "bridge": null, "relation_id": "19260504" }, "geometry": { "type": "LineString", "coordinates": [ [ 106.7062095, 10.7706718 ], [ 106.7061991, 10.7705738 ] ] } },
{ "type": "Feature", "properties": { "osmid": "1265997661", "highway": "primary", "oneway": true, "reversed": "False", "length": 14.396534050981433, "lanes": null, "maxspeed": null, "name": "Tôn Ðức Thắng", "junction": null, "access": null, "bridge": null, "relation_id": "19260504" }, "geometry": { "type": "LineString", "coordinates": [ [ 106.7062229, 10.7708006 ], [ 106.7062095, 10.7706718 ] ] } },
{ "type": "Feature", "properties": { "osmid": "409294121", "highway": "primary", "oneway": true, "reversed": "False", "length": 194.38210327318296, "lanes": "3", "maxspeed": "60", "name": "Hàm Nghi", "junction": null, "access": null, "bridge": null, "relation_id": "19260504" }, "geometry": { "type": "LineString", "coordinates": [ [ 106.7062229, 10.7708006 ], [ 106.7059778, 10.770807 ], [ 106.7047844, 10.7708638 ], [ 106.7044453, 10.7708796 ] ] } },
{ "type": "Feature", "properties": { "osmid": "193085683", "highway": "primary", "oneway": true, "reversed": "False", "length": 10.52789481403911, "lanes": "3", "maxspeed": "60", "name": "Tôn Ðức Thắng", "junction": null, "access": null, "bridge": null, "relation_id": "19260504" }, "geometry": { "type": "LineString", "coordinates": [ [ 106.7062303, 10.770895 ], [ 106.7062229, 10.7708006 ] ] } },
{ "type": "Feature", "properties": { "osmid": "192680139", "highway": "primary", "oneway": true, "reversed": "False", "length": 199.17258844670133, "lanes": "2", "maxspeed": "60", "name": "Hàm Nghi", "junction": null, "access": null, "bridge": null, "relation_id": "19260504" }, "geometry": { "type": "LineString", "coordinates": [ [ 106.7062303, 10.770895 ], [ 106.7059818, 10.7709076 ], [ 106.7054807, 10.77093 ], [ 106.7047871, 10.7709603 ], [ 106.7045585, 10.7709691 ], [ 106.7044088, 10.7709748 ] ] } },
{ "type": "Feature", "properties": { "osmid": "267605893", "highway": "residential", "oneway": false, "reversed": "False", "length": 168.84365106511837, "lanes": null, "maxspeed": null, "name": "Hải Triều", "junction": null, "access": null, "bridge": null, "relation_id": "19260504" }, "geometry": { "type": "LineString", "coordinates": [ [ 106.705399, 10.7722276 ], [ 106.7049615, 10.7717626 ], [ 106.7047947, 10.7715779 ], [ 106.7045958, 10.7713618 ], [ 106.704512, 10.7712777 ], [ 106.7044835, 10.7712576 ], [ 106.7044341, 10.7712228 ], [ 106.7043092, 10.7711662 ] ] } },
{ "type": "Feature", "properties": { "osmid": "341504312", "highway": "tertiary", "oneway": true, "reversed": "False", "length": 66.861037446126431, "lanes": "3", "maxspeed": null, "name": "Nguyễn Huệ", "junction": null, "access": null, "bridge": null, "relation_id": "19260504" }, "geometry": { "type": "LineString", "coordinates": [ [ 106.705399, 10.7722276 ], [ 106.7057885, 10.7718772 ], [ 106.7058503, 10.7718214 ] ] } },
{ "type": "Feature", "properties": { "osmid": "1278461442", "highway": "primary", "oneway": true, "reversed": "False", "length": 25.900425491478376, "lanes": "4", "maxspeed": "60", "name": "Nguyễn Hữu Cảnh", "junction": null, "access": null, "bridge": null, "relation_id": "19260504" }, "geometry": { "type": "LineString", "coordinates": [ [ 106.7080446, 10.7844397 ], [ 106.7081979, 10.7846174 ] ] } },
{ "type": "Feature", "properties": { "osmid": "817117939", "highway": "primary_link", "oneway": false, "reversed": "True", "length": 15.25417671464395, "lanes": null, "maxspeed": null, "name": "Nguyễn Bỉnh Khiêm", "junction": null, "access": null, "bridge": null, "relation_id": "19260504" }, "geometry": { "type": "LineString", "coordinates": [ [ 106.7080446, 10.7844397 ], [ 106.708002, 10.7844788 ], [ 106.7079426, 10.7845334 ] ] } },
{ "type": "Feature", "properties": { "osmid": "1278461441", "highway": "residential", "oneway": false, "reversed": "False", "length": 25.821941501739303, "lanes": null, "maxspeed": null, "name": "Riverview 9", "junction": null, "access": null, "bridge": null, "relation_id": "19260504" }, "geometry": { "type": "LineString", "coordinates": [ [ 106.7080446, 10.7844397 ], [ 106.7080818, 10.784401 ], [ 106.7082135, 10.7842773 ] ] } },
{ "type": "Feature", "properties": { "osmid": "693359524", "highway": "residential", "oneway": false, "reversed": "True", "length": 31.508805803999838, "lanes": "2", "maxspeed": "50", "name": "Aqua 4", "junction": null, "access": null, "bridge": null, "relation_id": "19260504" }, "geometry": { "type": "LineString", "coordinates": [ [ 106.7126395, 10.7871845 ], [ 106.7124126, 10.7872402 ], [ 106.7123598, 10.7872538 ] ] } },
{ "type": "Feature", "properties": { "osmid": "693359524", "highway": "residential", "oneway": false, "reversed": "True", "length": 60.249146586686621, "lanes": "2", "maxspeed": "50", "name": "Aqua 4", "junction": null, "access": null, "bridge": null, "relation_id": "19260504" }, "geometry": { "type": "LineString", "coordinates": [ [ 106.7110053, 10.7872494 ], [ 106.710457, 10.7871904 ] ] } },
{ "type": "Feature", "properties": { "osmid": "700017574", "highway": "residential", "oneway": false, "reversed": "False", "length": 111.62596033719842, "lanes": null, "maxspeed": null, "name": "Aqua 3", "junction": null, "access": null, "bridge": null, "relation_id": "19260504" }, "geometry": { "type": "LineString", "coordinates": [ [ 106.7110053, 10.7872494 ], [ 106.7117435, 10.7865552 ] ] } },
{ "type": "Feature", "properties": { "osmid": "693359524", "highway": "residential", "oneway": false, "reversed": "False", "length": 73.047521751812496, "lanes": "2", "maxspeed": "50", "name": "Aqua 4", "junction": null, "access": null, "bridge": null, "relation_id": "19260504" }, "geometry": { "type": "LineString", "coordinates": [ [ 106.7110053, 10.7872494 ], [ 106.7113893, 10.7872835 ], [ 106.7116713, 10.7873089 ] ] } },
{ "type": "Feature", "properties": { "osmid": "693339050", "highway": "residential", "oneway": false, "reversed": "True", "length": 53.881387264361805, "lanes": null, "maxspeed": null, "name": "Aqua 1", "junction": null, "access": null, "bridge": null, "relation_id": "19260504" }, "geometry": { "type": "LineString", "coordinates": [ [ 106.7097856, 10.7871114 ], [ 106.7099644, 10.7869464 ], [ 106.7101451, 10.7867796 ] ] } },
{ "type": "Feature", "properties": { "osmid": "693359524", "highway": "residential", "oneway": false, "reversed": "False", "length": 73.862508767074416, "lanes": "2", "maxspeed": "50", "name": "Aqua 4", "junction": null, "access": null, "bridge": null, "relation_id": "19260504" }, "geometry": { "type": "LineString", "coordinates": [ [ 106.7097856, 10.7871114 ], [ 106.7103053, 10.7871741 ], [ 106.710457, 10.7871904 ] ] } },
{ "type": "Feature", "properties": { "osmid": "817117940", "highway": "primary", "oneway": true, "reversed": "False", "length": 12.500289610109386, "lanes": "4", "maxspeed": "60", "name": "Nguyễn Hữu Cảnh", "junction": null, "access": null, "bridge": null, "relation_id": "19260504" }, "geometry": { "type": "LineString", "coordinates": [ [ 106.7088118, 10.7856259 ], [ 106.7088516, 10.7857313 ] ] } },
{ "type": "Feature", "properties": { "osmid": [ 605161008, 1414132754 ], "highway": "residential", "oneway": true, "reversed": "False", "length": 211.00930055256961, "lanes": "2", "maxspeed": "50", "name": [ "Aqua 4", "Dạ Cầu Thị Nghè 2" ], "junction": null, "access": null, "bridge": null, "relation_id": "19260504" }, "geometry": { "type": "LineString", "coordinates": [ [ 106.7088118, 10.7856259 ], [ 106.7090086, 10.7857144 ], [ 106.709083, 10.7858963 ], [ 106.7092037, 10.7861793 ], [ 106.7092798, 10.7863862 ], [ 106.709381, 10.7866572 ], [ 106.7094809, 10.7868965 ], [ 106.7095771, 10.7870817 ], [ 106.7097856, 10.7871114 ] ] } },
{ "type": "Feature", "properties": { "osmid": "465568523", "highway": "residential", "oneway": false, "reversed": "False", "length": 40.373514508439925, "lanes": null, "maxspeed": null, "name": "Hẻm 8A Đường Thái Văn Lung", "junction": null, "access": null, "bridge": null, "relation_id": "19260504" }, "geometry": { "type": "LineString", "coordinates": [ [ 106.7047553, 10.7794408 ], [ 106.705005, 10.7797085 ] ] } },
{ "type": "Feature", "properties": { "osmid": "465568230", "highway": "residential", "oneway": false, "reversed": "True", "length": 161.03780895652494, "lanes": null, "maxspeed": null, "name": "Hẻm 8A Đường Thái Văn Lung", "junction": null, "access": null, "bridge": null, "relation_id": "19260504" }, "geometry": { "type": "LineString", "coordinates": [ [ 106.7047553, 10.7794408 ], [ 106.7050299, 10.779203 ], [ 106.7051718, 10.7790824 ], [ 106.7054186, 10.7793643 ], [ 106.7052738, 10.7794851 ], [ 106.705005, 10.7797085 ] ] } },
{ "type": "Feature", "properties": { "osmid": [ 465567858, 465568230 ], "highway": "residential", "oneway": false, "reversed": [ false, true ], "length": 92.826677312346092, "lanes": null, "maxspeed": null, "name": [ "Hẻm 8A Đường Thái Văn Lung", "Hẻm 17 Đường Thái Văn Lung" ], "junction": null, "access": null, "bridge": null, "relation_id": "19260504" }, "geometry": { "type": "LineString", "coordinates": [ [ 106.7047553, 10.7794408 ], [ 106.7043893, 10.7797497 ], [ 106.7046381, 10.7800151 ] ] } },
{ "type": "Feature", "properties": { "osmid": "465568523", "highway": "residential", "oneway": false, "reversed": "True", "length": 25.527877536146892, "lanes": null, "maxspeed": null, "name": "Hẻm 8A Đường Thái Văn Lung", "junction": null, "access": null, "bridge": null, "relation_id": "19260504" }, "geometry": { "type": "LineString", "coordinates": [ [ 106.7047553, 10.7794408 ], [ 106.7046223, 10.7792959 ], [ 106.7045988, 10.7792703 ] ] } },
{ "type": "Feature", "properties": { "osmid": "35113892", "highway": "residential", "oneway": false, "reversed": "False", "length": 144.95877293933492, "lanes": "2", "maxspeed": "50", "name": "Lê Văn Hưu", "junction": null, "access": null, "bridge": null, "relation_id": "19260504" }, "geometry": { "type": "LineString", "coordinates": [ [ 106.7014332, 10.7814769 ], [ 106.7013544, 10.7815484 ], [ 106.7004492, 10.7823516 ] ] } },
{ "type": "Feature", "properties": { "osmid": "690160065", "highway": "tertiary", "oneway": true, "reversed": "False", "length": 149.0731434392286, "lanes": "2", "maxspeed": "60", "name": "Nguyễn Du", "junction": null, "access": null, "bridge": null, "relation_id": "19260504" }, "geometry": { "type": "LineString", "coordinates": [ [ 106.7014332, 10.7814769 ], [ 106.7013876, 10.7813191 ], [ 106.701315, 10.7810684 ], [ 106.7010602, 10.7801873 ] ] } },
{ "type": "Feature", "properties": { "osmid": "1112911555", "highway": "primary_link", "oneway": false, "reversed": "False", "length": 11.039852155755831, "lanes": null, "maxspeed": null, "name": null, "junction": null, "access": null, "bridge": null, "relation_id": "19260504" }, "geometry": { "type": "LineString", "coordinates": [ [ 106.7072051, 10.7782199 ], [ 106.7073025, 10.7781934 ] ] } },
{ "type": "Feature", "properties": { "osmid": [ 1461789905, 1083439170 ], "highway": "primary", "oneway": true, "reversed": "False", "length": 256.7270936497361, "lanes": "2", "maxspeed": "50", "name": "Tôn Đức Thắng", "junction": null, "access": null, "bridge": null, "relation_id": "19260504" }, "geometry": { "type": "LineString", "coordinates": [ [ 106.7072051, 10.7782199 ], [ 106.7071452, 10.7779969 ], [ 106.707012, 10.7775009 ], [ 106.7069856, 10.7774015 ], [ 106.7069494, 10.7772642 ], [ 106.7068997, 10.7770516 ], [ 106.7068789, 10.7769615 ], [ 106.7068058, 10.7766447 ], [ 106.7067753, 10.7765108 ], [ 106.7067111, 10.7762286 ], [ 106.7066821, 10.7761007 ], [ 106.7066704, 10.7760492 ], [ 106.7066497, 10.7759769 ] ] } },
{ "type": "Feature", "properties": { "osmid": "693339050", "highway": "residential", "oneway": false, "reversed": "False", "length": 49.478636780654625, "lanes": null, "maxspeed": null, "name": "Aqua 1", "junction": null, "access": null, "bridge": null, "relation_id": "19260504" }, "geometry": { "type": "LineString", "coordinates": [ [ 106.7107626, 10.7862185 ], [ 106.710674, 10.7863057 ], [ 106.7106149, 10.7863641 ], [ 106.7104276, 10.7865173 ] ] } },
{ "type": "Feature", "properties": { "osmid": [ 693339050, 1151026870 ], "highway": "residential", "oneway": false, "reversed": "True", "length": 153.11807198442534, "lanes": null, "maxspeed": null, "name": [ "Riverview 8", "Aqua 1" ], "junction": null, "access": null, "bridge": null, "relation_id": "19260504" }, "geometry": { "type": "LineString", "coordinates": [ [ 106.7107626, 10.7862185 ], [ 106.7113866, 10.7856348 ], [ 106.7110196, 10.7852455 ] ] } },
{ "type": "Feature", "properties": { "osmid": "695754766", "highway": "residential", "oneway": false, "reversed": "False", "length": 60.017034591540124, "lanes": null, "maxspeed": null, "name": "Riverview 3", "junction": null, "access": null, "bridge": null, "relation_id": "19260504" }, "geometry": { "type": "LineString", "coordinates": [ [ 106.7107626, 10.7862185 ], [ 106.7104328, 10.7858788 ], [ 106.7103834, 10.7858279 ] ] } },
{ "type": "Feature", "properties": { "osmid": "695754766", "highway": "residential", "oneway": false, "reversed": "True", "length": 97.622698236548985, "lanes": null, "maxspeed": null, "name": "Riverview 3", "junction": null, "access": null, "bridge": null, "relation_id": "19260504" }, "geometry": { "type": "LineString", "coordinates": [ [ 106.7085827, 10.7839413 ], [ 106.7092041, 10.7845723 ] ] } },
{ "type": "Feature", "properties": { "osmid": [ 693339049, 1151026870 ], "highway": "residential", "oneway": false, "reversed": "False", "length": 191.87108659587324, "lanes": null, "maxspeed": null, "name": [ "Riverview 8", "Riverview 9" ], "junction": null, "access": null, "bridge": null, "relation_id": "19260504" }, "geometry": { "type": "LineString", "coordinates": [ [ 106.7085827, 10.7839413 ], [ 106.7086655, 10.7838652 ], [ 106.708802, 10.78374 ], [ 106.7089984, 10.7835597 ], [ 106.7091496, 10.7834208 ], [ 106.7092103, 10.7833652 ], [ 106.7092297, 10.7833608 ], [ 106.709248, 10.7833667 ], [ 106.7098315, 10.7839852 ] ] } },
{ "type": "Feature", "properties": { "osmid": "1353292075", "highway": "residential", "oneway": false, "reversed": "True", "length": 54.974979228654988, "lanes": null, "maxspeed": null, "name": "Riverview 9", "junction": null, "access": null, "bridge": null, "relation_id": "19260504" }, "geometry": { "type": "LineString", "coordinates": [ [ 106.7085827, 10.7839413 ], [ 106.7084041, 10.7841038 ], [ 106.7082135, 10.7842773 ] ] } },
{ "type": "Feature", "properties": { "osmid": "700017574", "highway": "residential", "oneway": false, "reversed": "True", "length": 111.62596033719842, "lanes": null, "maxspeed": null, "name": "Aqua 3", "junction": null, "access": null, "bridge": null, "relation_id": "19260504" }, "geometry": { "type": "LineString", "coordinates": [ [ 106.7117435, 10.7865552 ], [ 106.7110053, 10.7872494 ] ] } },
{ "type": "Feature", "properties": { "osmid": "1278461432", "highway": "primary", "oneway": true, "reversed": "False", "length": 20.818567498355261, "lanes": "3", "maxspeed": "50", "name": "Tôn Đức Thắng", "junction": null, "access": null, "bridge": null, "relation_id": "19260504" }, "geometry": { "type": "LineString", "coordinates": [ [ 106.7061973, 10.7825132 ], [ 106.7060567, 10.7826396 ] ] } },
{ "type": "Feature", "properties": { "osmid": "874533294", "highway": "primary_link", "oneway": true, "reversed": "False", "length": 63.532041082601708, "lanes": null, "maxspeed": null, "name": "Tôn Đức Thắng", "junction": null, "access": null, "bridge": null, "relation_id": "19260504" }, "geometry": { "type": "LineString", "coordinates": [ [ 106.7061973, 10.7825132 ], [ 106.7061647, 10.7824627 ], [ 106.7061468, 10.7824144 ], [ 106.7061388, 10.7823712 ], [ 106.7061432, 10.7823221 ], [ 106.7061571, 10.782274 ], [ 106.7061802, 10.7822243 ], [ 106.7062177, 10.7821737 ], [ 106.7063642, 10.7820352 ] ] } },
{ "type": "Feature", "properties": { "osmid": "817277696", "highway": "primary", "oneway": true, "reversed": "False", "length": 272.78517267619384, "lanes": "3", "maxspeed": "60", "name": "Nguyễn Hữu Cảnh", "junction": null, "access": null, "bridge": null, "relation_id": "19260504" }, "geometry": { "type": "LineString", "coordinates": [ [ 106.7064213, 10.7823493 ], [ 106.7063914, 10.7824063 ], [ 106.7063804, 10.7824559 ], [ 106.7063841, 10.782505 ], [ 106.7064104, 10.7825532 ], [ 106.7067358, 10.7829246 ], [ 106.7078854, 10.7842541 ] ] } },
{ "type": "Feature", "properties": { "osmid": "874533293", "highway": "primary", "oneway": true, "reversed": "False", "length": 30.50944796241378, "lanes": "3", "maxspeed": "50", "name": "Tôn Đức Thắng", "junction": null, "access": null, "bridge": null, "relation_id": "19260504" }, "geometry": { "type": "LineString", "coordinates": [ [ 106.7064213, 10.7823493 ], [ 106.7062895, 10.7824457 ], [ 106.7061973, 10.7825132 ] ] } },
{ "type": "Feature", "properties": { "osmid": "706613105", "highway": "primary_link", "oneway": false, "reversed": "True", "length": 9.2997008580836606, "lanes": null, "maxspeed": null, "name": null, "junction": null, "access": null, "bridge": null, "relation_id": "19260504" }, "geometry": { "type": "LineString", "coordinates": [ [ 106.7081312, 10.7847647 ], [ 106.7080646, 10.7848168 ] ] } },
{ "type": "Feature", "properties": { "osmid": "1218661462", "highway": "primary", "oneway": true, "reversed": "False", "length": 32.953578257503537, "lanes": "4", "maxspeed": "60", "name": "Nguyễn Hữu Cảnh", "junction": null, "access": null, "bridge": null, "relation_id": "19260504" }, "geometry": { "type": "LineString", "coordinates": [ [ 106.7081312, 10.7847647 ], [ 106.7080209, 10.784631 ], [ 106.7079426, 10.7845334 ] ] } },
{ "type": "Feature", "properties": { "osmid": "706613105", "highway": "primary_link", "oneway": false, "reversed": "False", "length": 9.2997008580836606, "lanes": null, "maxspeed": null, "name": null, "junction": null, "access": null, "bridge": null, "relation_id": "19260504" }, "geometry": { "type": "LineString", "coordinates": [ [ 106.7080646, 10.7848168 ], [ 106.7081312, 10.7847647 ] ] } },
{ "type": "Feature", "properties": { "osmid": "1177488208", "highway": "primary_link", "oneway": false, "reversed": "True", "length": 11.311749072083336, "lanes": null, "maxspeed": null, "name": null, "junction": null, "access": null, "bridge": null, "relation_id": "19260504" }, "geometry": { "type": "LineString", "coordinates": [ [ 106.7044088, 10.7709748 ], [ 106.7044453, 10.7708796 ] ] } },
{ "type": "Feature", "properties": { "osmid": "718493842", "highway": "residential", "oneway": true, "reversed": "False", "length": 25.544590769800607, "lanes": "1", "maxspeed": null, "name": "Hồ Tùng Mậu", "junction": null, "access": null, "bridge": null, "relation_id": "19260504" }, "geometry": { "type": "LineString", "coordinates": [ [ 106.7044088, 10.7709748 ], [ 106.7044108, 10.7710312 ], [ 106.7043551, 10.7711383 ], [ 106.7043092, 10.7711662 ] ] } },
{ "type": "Feature", "properties": { "osmid": "1177488211", "highway": "primary", "oneway": true, "reversed": "False", "length": 19.335690302091091, "lanes": "2", "maxspeed": "60", "name": "Hàm Nghi", "junction": null, "access": null, "bridge": null, "relation_id": "19260504" }, "geometry": { "type": "LineString", "coordinates": [ [ 106.7044088, 10.7709748 ], [ 106.7043083, 10.7709792 ], [ 106.704232, 10.7709832 ] ] } },
{ "type": "Feature", "properties": { "osmid": "1207320851", "highway": "residential", "oneway": false, "reversed": "False", "length": 11.90594077015801, "lanes": "2", "maxspeed": "50", "name": "Phan Văn Ðạt", "junction": null, "access": null, "bridge": null, "relation_id": "19260504" }, "geometry": { "type": "LineString", "coordinates": [ [ 106.7058247, 10.7753411 ], [ 106.7059333, 10.775332 ] ] } },
{ "type": "Feature", "properties": { "osmid": "846835883", "highway": "residential", "oneway": true, "reversed": "False", "length": 49.846279209977524, "lanes": null, "maxspeed": "40", "name": "Công trường Mê Linh", "junction": null, "access": null, "bridge": null, "relation_id": "19260504" }, "geometry": { "type": "LineString", "coordinates": [ [ 106.7058247, 10.7753411 ], [ 106.7058226, 10.7752347 ], [ 106.7058378, 10.7751494 ], [ 106.7058612, 10.775072 ], [ 106.7058924, 10.7749924 ], [ 106.7059388, 10.7749157 ] ] } },
{ "type": "Feature", "properties": { "osmid": "1207320851", "highway": "residential", "oneway": false, "reversed": "True", "length": 107.97555144552899, "lanes": "2", "maxspeed": "50", "name": "Phan Văn Ðạt", "junction": null, "access": null, "bridge": null, "relation_id": "19260504" }, "geometry": { "type": "LineString", "coordinates": [ [ 106.7058247, 10.7753411 ], [ 106.7057335, 10.7753491 ], [ 106.7055256, 10.7753672 ], [ 106.7048401, 10.775427 ] ] } },
{ "type": "Feature", "properties": { "osmid": "35114854", "highway": "primary", "oneway": false, "reversed": "True", "length": 11.682852793585999, "lanes": "2", "maxspeed": null, "name": "Hai Bà Trưng", "junction": null, "access": null, "bridge": null, "relation_id": "19260504" }, "geometry": { "type": "LineString", "coordinates": [ [ 106.7060029, 10.7757236 ], [ 106.7060822, 10.7756531 ] ] } },
{ "type": "Feature", "properties": { "osmid": "35114854", "highway": "primary", "oneway": false, "reversed": "False", "length": 70.483762932261243, "lanes": "2", "maxspeed": null, "name": "Hai Bà Trưng", "junction": null, "access": null, "bridge": null, "relation_id": "19260504" }, "geometry": { "type": "LineString", "coordinates": [ [ 106.7060029, 10.7757236 ], [ 106.7059198, 10.7757982 ], [ 106.7057121, 10.7759815 ], [ 106.7055219, 10.7761461 ] ] } },
{ "type": "Feature", "properties": { "osmid": "718488145", "highway": "residential", "oneway": true, "reversed": "False", "length": 47.569032797401228, "lanes": "2", "maxspeed": "40", "name": "Công trường Mê Linh", "junction": null, "access": null, "bridge": null, "relation_id": "19260504" }, "geometry": { "type": "LineString", "coordinates": [ [ 106.7060029, 10.7757236 ], [ 106.7059512, 10.7756565 ], [ 106.7059435, 10.7756448 ], [ 106.7058993, 10.7755782 ], [ 106.7058482, 10.7754684 ], [ 106.7058383, 10.7754281 ], [ 106.7058247, 10.7753411 ] ] } },
{ "type": "Feature", "properties": { "osmid": "1201603875", "highway": "residential", "oneway": false, "reversed": "False", "length": 12.680175039770337, "lanes": "2", "maxspeed": "50", "name": "Hồ Huấn Nghiệp", "junction": null, "access": null, "bridge": null, "relation_id": "19260504" }, "geometry": { "type": "LineString", "coordinates": [ [ 106.7059388, 10.7749157 ], [ 106.7060302, 10.774986 ] ] } },
{ "type": "Feature", "properties": { "osmid": "718491626", "highway": "residential", "oneway": true, "reversed": "False", "length": 34.835213131885979, "lanes": "2", "maxspeed": "40", "name": "Công trường Mê Linh", "junction": null, "access": null, "bridge": null, "relation_id": "19260504" }, "geometry": { "type": "LineString", "coordinates": [ [ 106.7059388, 10.7749157 ], [ 106.7060209, 10.7748279 ], [ 106.7061052, 10.7747629 ], [ 106.7061681, 10.7747245 ], [ 106.706182, 10.7747161 ] ] } },
{ "type": "Feature", "properties": { "osmid": "1201603875", "highway": "residential", "oneway": false, "reversed": "True", "length": 122.19782757055096, "lanes": "2", "maxspeed": "50", "name": "Hồ Huấn Nghiệp", "junction": null, "access": null, "bridge": null, "relation_id": "19260504" }, "geometry": { "type": "LineString", "coordinates": [ [ 106.7059388, 10.7749157 ], [ 106.7058636, 10.7748598 ], [ 106.7055238, 10.7746071 ], [ 106.705512, 10.7745983 ], [ 106.7053963, 10.7745123 ], [ 106.7050468, 10.7742525 ] ] } },
{ "type": "Feature", "properties": { "osmid": "695754766", "highway": "residential", "oneway": false, "reversed": "False", "length": 97.622698236548985, "lanes": null, "maxspeed": null, "name": "Riverview 3", "junction": null, "access": null, "bridge": null, "relation_id": "19260504" }, "geometry": { "type": "LineString", "coordinates": [ [ 106.7092041, 10.7845723 ], [ 106.7085827, 10.7839413 ] ] } },
{ "type": "Feature", "properties": { "osmid": "695754766", "highway": "residential", "oneway": false, "reversed": "True", "length": 56.882571859529023, "lanes": null, "maxspeed": null, "name": "Riverview 3", "junction": null, "access": null, "bridge": null, "relation_id": "19260504" }, "geometry": { "type": "LineString", "coordinates": [ [ 106.7092041, 10.7845723 ], [ 106.7095572, 10.7849483 ] ] } },
{ "type": "Feature", "properties": { "osmid": "732349715", "highway": "residential", "oneway": false, "reversed": "False", "length": 94.648889166557197, "lanes": null, "maxspeed": null, "name": "Riverview 7", "junction": null, "access": null, "bridge": null, "relation_id": "19260504" }, "geometry": { "type": "LineString", "coordinates": [ [ 106.7092041, 10.7845723 ], [ 106.7098315, 10.7839852 ] ] } },
{ "type": "Feature", "properties": { "osmid": "732349715", "highway": "residential", "oneway": false, "reversed": "True", "length": 94.648889166557197, "lanes": null, "maxspeed": null, "name": "Riverview 7", "junction": null, "access": null, "bridge": null, "relation_id": "19260504" }, "geometry": { "type": "LineString", "coordinates": [ [ 106.7098315, 10.7839852 ], [ 106.7092041, 10.7845723 ] ] } },
{ "type": "Feature", "properties": { "osmid": "1151026870", "highway": "residential", "oneway": false, "reversed": "False", "length": 57.25944892848554, "lanes": null, "maxspeed": null, "name": "Riverview 8", "junction": null, "access": null, "bridge": null, "relation_id": "19260504" }, "geometry": { "type": "LineString", "coordinates": [ [ 106.7098315, 10.7839852 ], [ 106.7101877, 10.784363 ] ] } },
{ "type": "Feature", "properties": { "osmid": [ 693339049, 1151026870 ], "highway": "residential", "oneway": false, "reversed": "True", "length": 191.87108659587321, "lanes": null, "maxspeed": null, "name": [ "Riverview 8", "Riverview 9" ], "junction": null, "access": null, "bridge": null, "relation_id": "19260504" }, "geometry": { "type": "LineString", "coordinates": [ [ 106.7098315, 10.7839852 ], [ 106.709248, 10.7833667 ], [ 106.7092297, 10.7833608 ], [ 106.7092103, 10.7833652 ], [ 106.7091496, 10.7834208 ], [ 106.7089984, 10.7835597 ], [ 106.708802, 10.78374 ], [ 106.7086655, 10.7838652 ], [ 106.7085827, 10.7839413 ] ] } },
{ "type": "Feature", "properties": { "osmid": "695754766", "highway": "residential", "oneway": false, "reversed": "False", "length": 56.882571859529023, "lanes": null, "maxspeed": null, "name": "Riverview 3", "junction": null, "access": null, "bridge": null, "relation_id": "19260504" }, "geometry": { "type": "LineString", "coordinates": [ [ 106.7095572, 10.7849483 ], [ 106.7092041, 10.7845723 ] ] } },
{ "type": "Feature", "properties": { "osmid": "695754766", "highway": "residential", "oneway": false, "reversed": "True", "length": 54.885307987184923, "lanes": null, "maxspeed": null, "name": "Riverview 3", "junction": null, "access": null, "bridge": null, "relation_id": "19260504" }, "geometry": { "type": "LineString", "coordinates": [ [ 106.7095572, 10.7849483 ], [ 106.7098979, 10.7853111 ] ] } },
{ "type": "Feature", "properties": { "osmid": "732349716", "highway": "residential", "oneway": false, "reversed": "False", "length": 94.756710674359951, "lanes": null, "maxspeed": null, "name": "Riverview 6", "junction": null, "access": null, "bridge": null, "relation_id": "19260504" }, "geometry": { "type": "LineString", "coordinates": [ [ 106.7095572, 10.7849483 ], [ 106.7101877, 10.784363 ] ] } },
{ "type": "Feature", "properties": { "osmid": "732349716", "highway": "residential", "oneway": false, "reversed": "True", "length": 94.756710674359951, "lanes": null, "maxspeed": null, "name": "Riverview 6", "junction": null, "access": null, "bridge": null, "relation_id": "19260504" }, "geometry": { "type": "LineString", "coordinates": [ [ 106.7101877, 10.784363 ], [ 106.7095572, 10.7849483 ] ] } },
{ "type": "Feature", "properties": { "osmid": "1151026870", "highway": "residential", "oneway": false, "reversed": "False", "length": 56.518982228371215, "lanes": null, "maxspeed": null, "name": "Riverview 8", "junction": null, "access": null, "bridge": null, "relation_id": "19260504" }, "geometry": { "type": "LineString", "coordinates": [ [ 106.7101877, 10.784363 ], [ 106.7105392, 10.784736 ] ] } },
{ "type": "Feature", "properties": { "osmid": "1151026870", "highway": "residential", "oneway": false, "reversed": "True", "length": 57.25944892848554, "lanes": null, "maxspeed": null, "name": "Riverview 8", "junction": null, "access": null, "bridge": null, "relation_id": "19260504" }, "geometry": { "type": "LineString", "coordinates": [ [ 106.7101877, 10.784363 ], [ 106.7098315, 10.7839852 ] ] } },
{ "type": "Feature", "properties": { "osmid": "695754766", "highway": "residential", "oneway": false, "reversed": "False", "length": 20.986505147119249, "lanes": null, "maxspeed": null, "name": "Riverview 3", "junction": null, "access": null, "bridge": null, "relation_id": "19260504" }, "geometry": { "type": "LineString", "coordinates": [ [ 106.7100282, 10.7854498 ], [ 106.7098979, 10.7853111 ] ] } },
{ "type": "Feature", "properties": { "osmid": "732349717", "highway": "residential", "oneway": false, "reversed": "False", "length": 94.890169734941168, "lanes": null, "maxspeed": null, "name": "Riverview 5", "junction": null, "access": null, "bridge": null, "relation_id": "19260504" }, "geometry": { "type": "LineString", "coordinates": [ [ 106.7100282, 10.7854498 ], [ 106.7106658, 10.7848702 ] ] } },
{ "type": "Feature", "properties": { "osmid": "695754766", "highway": "residential", "oneway": false, "reversed": "True", "length": 57.209664580222551, "lanes": null, "maxspeed": null, "name": "Riverview 3", "junction": null, "access": null, "bridge": null, "relation_id": "19260504" }, "geometry": { "type": "LineString", "coordinates": [ [ 106.7100282, 10.7854498 ], [ 106.7101904, 10.7856224 ], [ 106.7103834, 10.7858279 ] ] } },
{ "type": "Feature", "properties": { "osmid": "732349717", "highway": "residential", "oneway": false, "reversed": "True", "length": 94.890169734941168, "lanes": null, "maxspeed": null, "name": "Riverview 5", "junction": null, "access": null, "bridge": null, "relation_id": "19260504" }, "geometry": { "type": "LineString", "coordinates": [ [ 106.7106658, 10.7848702 ], [ 106.7100282, 10.7854498 ] ] } },
{ "type": "Feature", "properties": { "osmid": "1151026870", "highway": "residential", "oneway": false, "reversed": "False", "length": 56.877284733358643, "lanes": null, "maxspeed": null, "name": "Riverview 8", "junction": null, "access": null, "bridge": null, "relation_id": "19260504" }, "geometry": { "type": "LineString", "coordinates": [ [ 106.7106658, 10.7848702 ], [ 106.7110196, 10.7852455 ] ] } },
{ "type": "Feature", "properties": { "osmid": "1151026870", "highway": "residential", "oneway": false, "reversed": "True", "length": 20.344752843597121, "lanes": null, "maxspeed": null, "name": "Riverview 8", "junction": null, "access": null, "bridge": null, "relation_id": "19260504" }, "geometry": { "type": "LineString", "coordinates": [ [ 106.7106658, 10.7848702 ], [ 106.7105392, 10.784736 ] ] } },
{ "type": "Feature", "properties": { "osmid": "695754766", "highway": "residential", "oneway": false, "reversed": "False", "length": 54.885307987184923, "lanes": null, "maxspeed": null, "name": "Riverview 3", "junction": null, "access": null, "bridge": null, "relation_id": "19260504" }, "geometry": { "type": "LineString", "coordinates": [ [ 106.7098979, 10.7853111 ], [ 106.7095572, 10.7849483 ] ] } },
{ "type": "Feature", "properties": { "osmid": "695754766", "highway": "residential", "oneway": false, "reversed": "True", "length": 20.986505147119249, "lanes": null, "maxspeed": null, "name": "Riverview 3", "junction": null, "access": null, "bridge": null, "relation_id": "19260504" }, "geometry": { "type": "LineString", "coordinates": [ [ 106.7098979, 10.7853111 ], [ 106.7100282, 10.7854498 ] ] } },
{ "type": "Feature", "properties": { "osmid": "732349718", "highway": "residential", "oneway": false, "reversed": "False", "length": 94.849144807017467, "lanes": null, "maxspeed": null, "name": "Riverview 5", "junction": null, "access": null, "bridge": null, "relation_id": "19260504" }, "geometry": { "type": "LineString", "coordinates": [ [ 106.7098979, 10.7853111 ], [ 106.7105392, 10.784736 ] ] } },
{ "type": "Feature", "properties": { "osmid": "732349718", "highway": "residential", "oneway": false, "reversed": "True", "length": 94.849144807017467, "lanes": null, "maxspeed": null, "name": "Riverview 5", "junction": null, "access": null, "bridge": null, "relation_id": "19260504" }, "geometry": { "type": "LineString", "coordinates": [ [ 106.7105392, 10.784736 ], [ 106.7098979, 10.7853111 ] ] } },
{ "type": "Feature", "properties": { "osmid": "1151026870", "highway": "residential", "oneway": false, "reversed": "False", "length": 20.344752843597121, "lanes": null, "maxspeed": null, "name": "Riverview 8", "junction": null, "access": null, "bridge": null, "relation_id": "19260504" }, "geometry": { "type": "LineString", "coordinates": [ [ 106.7105392, 10.784736 ], [ 106.7106658, 10.7848702 ] ] } },
{ "type": "Feature", "properties": { "osmid": "1151026870", "highway": "residential", "oneway": false, "reversed": "True", "length": 56.518982228371215, "lanes": null, "maxspeed": null, "name": "Riverview 8", "junction": null, "access": null, "bridge": null, "relation_id": "19260504" }, "geometry": { "type": "LineString", "coordinates": [ [ 106.7105392, 10.784736 ], [ 106.7101877, 10.784363 ] ] } },
{ "type": "Feature", "properties": { "osmid": "732349719", "highway": "residential", "oneway": false, "reversed": "False", "length": 94.989911916215192, "lanes": null, "maxspeed": null, "name": "Riverview 4", "junction": null, "access": null, "bridge": null, "relation_id": "19260504" }, "geometry": { "type": "LineString", "coordinates": [ [ 106.7103834, 10.7858279 ], [ 106.7110196, 10.7852455 ] ] } },
{ "type": "Feature", "properties": { "osmid": "695754766", "highway": "residential", "oneway": false, "reversed": "False", "length": 57.209664580222551, "lanes": null, "maxspeed": null, "name": "Riverview 3", "junction": null, "access": null, "bridge": null, "relation_id": "19260504" }, "geometry": { "type": "LineString", "coordinates": [ [ 106.7103834, 10.7858279 ], [ 106.7101904, 10.7856224 ], [ 106.7100282, 10.7854498 ] ] } },
{ "type": "Feature", "properties": { "osmid": "695754766", "highway": "residential", "oneway": false, "reversed": "True", "length": 60.017034591540124, "lanes": null, "maxspeed": null, "name": "Riverview 3", "junction": null, "access": null, "bridge": null, "relation_id": "19260504" }, "geometry": { "type": "LineString", "coordinates": [ [ 106.7103834, 10.7858279 ], [ 106.7104328, 10.7858788 ], [ 106.7107626, 10.7862185 ] ] } },
{ "type": "Feature", "properties": { "osmid": "732349719", "highway": "residential", "oneway": false, "reversed": "True", "length": 94.989911916215192, "lanes": null, "maxspeed": null, "name": "Riverview 4", "junction": null, "access": null, "bridge": null, "relation_id": "19260504" }, "geometry": { "type": "LineString", "coordinates": [ [ 106.7110196, 10.7852455 ], [ 106.7103834, 10.7858279 ] ] } },
{ "type": "Feature", "properties": { "osmid": "1151026870", "highway": "residential", "oneway": false, "reversed": "True", "length": 56.877284733358643, "lanes": null, "maxspeed": null, "name": "Riverview 8", "junction": null, "access": null, "bridge": null, "relation_id": "19260504" }, "geometry": { "type": "LineString", "coordinates": [ [ 106.7110196, 10.7852455 ], [ 106.7106658, 10.7848702 ] ] } },
{ "type": "Feature", "properties": { "osmid": [ 693339050, 1151026870 ], "highway": "residential", "oneway": false, "reversed": "False", "length": 153.11807198442534, "lanes": null, "maxspeed": null, "name": [ "Riverview 8", "Aqua 1" ], "junction": null, "access": null, "bridge": null, "relation_id": "19260504" }, "geometry": { "type": "LineString", "coordinates": [ [ 106.7110196, 10.7852455 ], [ 106.7113866, 10.7856348 ], [ 106.7107626, 10.7862185 ] ] } },
{ "type": "Feature", "properties": { "osmid": "1185264624", "highway": "tertiary", "oneway": false, "reversed": "True", "length": 8.0610311567735682, "lanes": "2", "maxspeed": "50", "name": "Mạc Đĩnh Chi", "junction": null, "access": null, "bridge": null, "relation_id": "19260504" }, "geometry": { "type": "LineString", "coordinates": [ [ 106.7012045, 10.7831604 ], [ 106.7011503, 10.7832096 ] ] } },
{ "type": "Feature", "properties": { "osmid": "1185264622", "highway": "tertiary", "oneway": false, "reversed": "False", "length": 81.272860346359522, "lanes": "2", "maxspeed": "50", "name": "Mạc Đĩnh Chi", "junction": null, "access": null, "bridge": null, "relation_id": "19260504" }, "geometry": { "type": "LineString", "coordinates": [ [ 106.7012045, 10.7831604 ], [ 106.7012493, 10.783119 ], [ 106.7013685, 10.7830096 ], [ 106.7016911, 10.7827124 ], [ 106.7017473, 10.7826605 ] ] } },
{ "type": "Feature", "properties": { "osmid": [ 1178233764, 1185264623 ], "highway": "secondary", "oneway": true, "reversed": "False", "length": 299.10793311478341, "lanes": "3", "maxspeed": "50", "name": "Lê Duẩn", "junction": null, "access": null, "bridge": null, "relation_id": "19260504" }, "geometry": { "type": "LineString", "coordinates": [ [ 106.7012045, 10.7831604 ], [ 106.7012624, 10.7832217 ], [ 106.7017011, 10.7836858 ], [ 106.7019405, 10.7839392 ], [ 106.702019, 10.7840222 ], [ 106.702541, 10.7845722 ], [ 106.7025731, 10.7846059 ], [ 106.7027619, 10.7848055 ], [ 106.7028608, 10.78491 ], [ 106.7029681, 10.7850234 ], [ 106.7030012, 10.7850581 ], [ 106.7030685, 10.7851309 ] ] } },
{ "type": "Feature", "properties": { "osmid": "686500792", "highway": "secondary", "oneway": true, "reversed": "False", "length": 83.060968216043477, "lanes": "1", "maxspeed": "60", "name": "Pasteur", "junction": null, "access": null, "bridge": null, "relation_id": "19260504" }, "geometry": { "type": "LineString", "coordinates": [ [ 106.6973782, 10.7791384 ], [ 106.6972447, 10.7792544 ], [ 106.6968156, 10.7796409 ] ] } },
{ "type": "Feature", "properties": { "osmid": "803279638", "highway": "secondary", "oneway": false, "reversed": "True", "length": 132.81698491345324, "lanes": "6", "maxspeed": null, "name": "Lê Duẩn", "junction": null, "access": null, "bridge": null, "relation_id": "19260504" }, "geometry": { "type": "LineString", "coordinates": [ [ 106.6973782, 10.7791384 ], [ 106.6981862, 10.7799943 ], [ 106.698205, 10.7800142 ] ] } },
{ "type": "Feature", "properties": { "osmid": "1182181723", "highway": "secondary", "oneway": false, "reversed": "True", "length": 9.6929142711931124, "lanes": null, "maxspeed": null, "name": "Đường Lê Duẩn", "junction": null, "access": null, "bridge": null, "relation_id": "19260504" }, "geometry": { "type": "LineString", "coordinates": [ [ 106.7001223, 10.7820025 ], [ 106.7000549, 10.7820592 ] ] } },
{ "type": "Feature", "properties": { "osmid": "749983355", "highway": "secondary", "oneway": true, "reversed": "False", "length": 52.74381223278553, "lanes": "3", "maxspeed": "50", "name": "Lê Duẩn", "junction": null, "access": null, "bridge": null, "relation_id": "19260504" }, "geometry": { "type": "LineString", "coordinates": [ [ 106.7001223, 10.7820025 ], [ 106.7001665, 10.7820497 ], [ 106.7003489, 10.7822445 ], [ 106.7004492, 10.7823516 ] ] } },
{ "type": "Feature", "properties": { "osmid": "1221450946", "highway": "primary", "oneway": true, "reversed": "False", "length": 9.9757890370757245, "lanes": "5", "maxspeed": null, "name": null, "junction": null, "access": null, "bridge": null, "relation_id": "19260504" }, "geometry": { "type": "LineString", "coordinates": [ [ 106.703163, 10.7852326 ], [ 106.7030967, 10.7852943 ] ] } },
{ "type": "Feature", "properties": { "osmid": [ 1222434840, 732424306 ], "highway": "primary", "oneway": true, "reversed": "False", "length": 143.09229444986707, "lanes": "3", "maxspeed": null, "name": "Lê Duẩn", "junction": null, "access": null, "bridge": null, "relation_id": "19260504" }, "geometry": { "type": "LineString", "coordinates": [ [ 106.703163, 10.7852326 ], [ 106.7032311, 10.785306 ], [ 106.7036153, 10.7857148 ], [ 106.7037284, 10.7858351 ], [ 106.7040512, 10.7861785 ] ] } },
{ "type": "Feature", "properties": { "osmid": "761150515", "highway": "tertiary", "oneway": false, "reversed": "False", "length": 28.488242113583507, "lanes": "2", "maxspeed": null, "name": "Nguyễn Du", "junction": null, "access": null, "bridge": null, "relation_id": "19260504" }, "geometry": { "type": "LineString", "coordinates": [ [ 106.6999459, 10.7789593 ], [ 106.6997738, 10.7787668 ] ] } },
{ "type": "Feature", "properties": { "osmid": "1278461433", "highway": "tertiary", "oneway": false, "reversed": "True", "length": 34.130985744128303, "lanes": "2", "maxspeed": null, "name": "Nguyễn Du", "junction": null, "access": null, "bridge": null, "relation_id": "19260504" }, "geometry": { "type": "LineString", "coordinates": [ [ 106.6999459, 10.7789593 ], [ 106.7001527, 10.7791894 ] ] } },
{ "type": "Feature", "properties": { "osmid": "1278461434", "highway": "tertiary", "oneway": true, "reversed": "False", "length": 163.37338120622755, "lanes": "2", "maxspeed": "60", "name": "Ðồng Khởi", "junction": null, "access": null, "bridge": null, "relation_id": "19260504" }, "geometry": { "type": "LineString", "coordinates": [ [ 106.6999459, 10.7789593 ], [ 106.7000485, 10.7788644 ], [ 106.7001974, 10.7787267 ], [ 106.7009481, 10.7780324 ], [ 106.7010349, 10.7779522 ] ] } },
{ "type": "Feature", "properties": { "osmid": "801495632", "highway": "residential", "oneway": false, "reversed": "False", "length": 9.0646352897899174, "lanes": null, "maxspeed": null, "name": null, "junction": null, "access": null, "bridge": null, "relation_id": "19260504" }, "geometry": { "type": "LineString", "coordinates": [ [ 106.7100817, 10.786727 ], [ 106.7101451, 10.7867796 ] ] } },
{ "type": "Feature", "properties": { "osmid": "693339050", "highway": "residential", "oneway": false, "reversed": "True", "length": 24.049310423847935, "lanes": null, "maxspeed": null, "name": "Aqua 1", "junction": null, "access": null, "bridge": null, "relation_id": "19260504" }, "geometry": { "type": "LineString", "coordinates": [ [ 106.7101451, 10.7867796 ], [ 106.710308, 10.7866341 ] ] } },
{ "type": "Feature", "properties": { "osmid": "801495632", "highway": "residential", "oneway": false, "reversed": "True", "length": 9.0646352897899174, "lanes": null, "maxspeed": null, "name": null, "junction": null, "access": null, "bridge": null, "relation_id": "19260504" }, "geometry": { "type": "LineString", "coordinates": [ [ 106.7101451, 10.7867796 ], [ 106.7100817, 10.786727 ] ] } },
{ "type": "Feature", "properties": { "osmid": "693339050", "highway": "residential", "oneway": false, "reversed": "False", "length": 53.881387264361805, "lanes": null, "maxspeed": null, "name": "Aqua 1", "junction": null, "access": null, "bridge": null, "relation_id": "19260504" }, "geometry": { "type": "LineString", "coordinates": [ [ 106.7101451, 10.7867796 ], [ 106.7099644, 10.7869464 ], [ 106.7097856, 10.7871114 ] ] } },
{ "type": "Feature", "properties": { "osmid": "801826898", "highway": "residential", "oneway": false, "reversed": "False", "length": 7.56225020956383, "lanes": null, "maxspeed": null, "name": null, "junction": null, "access": null, "bridge": null, "relation_id": "19260504" }, "geometry": { "type": "LineString", "coordinates": [ [ 106.7104852, 10.7871284 ], [ 106.7104706, 10.787165 ], [ 106.710457, 10.7871904 ] ] } },
{ "type": "Feature", "properties": { "osmid": "693359524", "highway": "residential", "oneway": false, "reversed": "False", "length": 60.249146586686621, "lanes": "2", "maxspeed": "50", "name": "Aqua 4", "junction": null, "access": null, "bridge": null, "relation_id": "19260504" }, "geometry": { "type": "LineString", "coordinates": [ [ 106.710457, 10.7871904 ], [ 106.7110053, 10.7872494 ] ] } },
{ "type": "Feature", "properties": { "osmid": "693359524", "highway": "residential", "oneway": false, "reversed": "True", "length": 73.862508767074416, "lanes": "2", "maxspeed": "50", "name": "Aqua 4", "junction": null, "access": null, "bridge": null, "relation_id": "19260504" }, "geometry": { "type": "LineString", "coordinates": [ [ 106.710457, 10.7871904 ], [ 106.7103053, 10.7871741 ], [ 106.7097856, 10.7871114 ] ] } },
{ "type": "Feature", "properties": { "osmid": "801826898", "highway": "residential", "oneway": false, "reversed": "True", "length": 7.56225020956383, "lanes": null, "maxspeed": null, "name": null, "junction": null, "access": null, "bridge": null, "relation_id": "19260504" }, "geometry": { "type": "LineString", "coordinates": [ [ 106.710457, 10.7871904 ], [ 106.7104706, 10.787165 ], [ 106.7104852, 10.7871284 ] ] } },
{ "type": "Feature", "properties": { "osmid": "801827263", "highway": "residential", "oneway": false, "reversed": "True", "length": 9.2540415272504397, "lanes": "2", "maxspeed": null, "name": null, "junction": null, "access": "permissive", "bridge": null, "relation_id": "19260504" }, "geometry": { "type": "LineString", "coordinates": [ [ 106.7116845, 10.7872267 ], [ 106.7116731, 10.7872951 ], [ 106.7116713, 10.7873089 ] ] } },
{ "type": "Feature", "properties": { "osmid": "693359524", "highway": "residential", "oneway": false, "reversed": "False", "length": 63.976337545665039, "lanes": "2", "maxspeed": "50", "name": "Aqua 4", "junction": null, "access": null, "bridge": null, "relation_id": "19260504" }, "geometry": { "type": "LineString", "coordinates": [ [ 106.7116713, 10.7873089 ], [ 106.7119143, 10.7873307 ], [ 106.7121207, 10.7873152 ], [ 106.712251, 10.7872817 ] ] } },
{ "type": "Feature", "properties": { "osmid": "693359524", "highway": "residential", "oneway": false, "reversed": "True", "length": 73.047521751812496, "lanes": "2", "maxspeed": "50", "name": "Aqua 4", "junction": null, "access": null, "bridge": null, "relation_id": "19260504" }, "geometry": { "type": "LineString", "coordinates": [ [ 106.7116713, 10.7873089 ], [ 106.7113893, 10.7872835 ], [ 106.7110053, 10.7872494 ] ] } },
{ "type": "Feature", "properties": { "osmid": "801827263", "highway": "residential", "oneway": false, "reversed": "False", "length": 9.2540415272504397, "lanes": "2", "maxspeed": null, "name": null, "junction": null, "access": "permissive", "bridge": null, "relation_id": "19260504" }, "geometry": { "type": "LineString", "coordinates": [ [ 106.7116713, 10.7873089 ], [ 106.7116731, 10.7872951 ], [ 106.7116845, 10.7872267 ] ] } },
{ "type": "Feature", "properties": { "osmid": "693359524", "highway": "residential", "oneway": false, "reversed": "True", "length": 12.282494639835646, "lanes": "2", "maxspeed": "50", "name": "Aqua 4", "junction": null, "access": null, "bridge": null, "relation_id": "19260504" }, "geometry": { "type": "LineString", "coordinates": [ [ 106.7123598, 10.7872538 ], [ 106.712251, 10.7872817 ] ] } },
{ "type": "Feature", "properties": { "osmid": "693359524", "highway": "residential", "oneway": false, "reversed": "False", "length": 31.508805803999838, "lanes": "2", "maxspeed": "50", "name": "Aqua 4", "junction": null, "access": null, "bridge": null, "relation_id": "19260504" }, "geometry": { "type": "LineString", "coordinates": [ [ 106.7123598, 10.7872538 ], [ 106.7124126, 10.7872402 ], [ 106.7126395, 10.7871845 ] ] } },
{ "type": "Feature", "properties": { "osmid": "693359524", "highway": "residential", "oneway": false, "reversed": "False", "length": 12.282494639835646, "lanes": "2", "maxspeed": "50", "name": "Aqua 4", "junction": null, "access": null, "bridge": null, "relation_id": "19260504" }, "geometry": { "type": "LineString", "coordinates": [ [ 106.712251, 10.7872817 ], [ 106.7123598, 10.7872538 ] ] } },
{ "type": "Feature", "properties": { "osmid": "801828222", "highway": "residential", "oneway": true, "reversed": "False", "length": 56.232165318992074, "lanes": "1", "maxspeed": "20", "name": null, "junction": null, "access": "permissive", "bridge": null, "relation_id": "19260504" }, "geometry": { "type": "LineString", "coordinates": [ [ 106.712251, 10.7872817 ], [ 106.7122482, 10.787267 ], [ 106.7122456, 10.7872536 ], [ 106.7122419, 10.7871864 ], [ 106.7122419, 10.7871301 ], [ 106.7122604, 10.7870957 ], [ 106.7122992, 10.7870612 ], [ 106.7123435, 10.7870557 ], [ 106.7123712, 10.7870739 ], [ 106.712386, 10.7871029 ], [ 106.7123841, 10.7871356 ], [ 106.7123694, 10.7871755 ], [ 106.7123638, 10.7872046 ], [ 106.712361, 10.7872384 ], [ 106.7123598, 10.7872538 ] ] } },
{ "type": "Feature", "properties": { "osmid": "693359524", "highway": "residential", "oneway": false, "reversed": "True", "length": 63.976337545665032, "lanes": "2", "maxspeed": "50", "name": "Aqua 4", "junction": null, "access": null, "bridge": null, "relation_id": "19260504" }, "geometry": { "type": "LineString", "coordinates": [ [ 106.712251, 10.7872817 ], [ 106.7121207, 10.7873152 ], [ 106.7119143, 10.7873307 ], [ 106.7116713, 10.7873089 ] ] } },
{ "type": "Feature", "properties": { "osmid": "693339050", "highway": "residential", "oneway": false, "reversed": "False", "length": 24.049310423847935, "lanes": null, "maxspeed": null, "name": "Aqua 1", "junction": null, "access": null, "bridge": null, "relation_id": "19260504" }, "geometry": { "type": "LineString", "coordinates": [ [ 106.710308, 10.7866341 ], [ 106.7101451, 10.7867796 ] ] } },
{ "type": "Feature", "properties": { "osmid": "693339050", "highway": "residential", "oneway": false, "reversed": "True", "length": 18.421300204923757, "lanes": null, "maxspeed": null, "name": "Aqua 1", "junction": null, "access": null, "bridge": null, "relation_id": "19260504" }, "geometry": { "type": "LineString", "coordinates": [ [ 106.710308, 10.7866341 ], [ 106.7104276, 10.7865173 ] ] } },
{ "type": "Feature", "properties": { "osmid": "801848393", "highway": "residential", "oneway": true, "reversed": "False", "length": 29.06974938264883, "lanes": null, "maxspeed": null, "name": null, "junction": null, "access": "permissive", "bridge": null, "relation_id": "19260504" }, "geometry": { "type": "LineString", "coordinates": [ [ 106.710308, 10.7866341 ], [ 106.7102694, 10.7866052 ], [ 106.7102789, 10.7865605 ], [ 106.7103159, 10.7865265 ], [ 106.7103476, 10.7865061 ], [ 106.7103833, 10.7865028 ], [ 106.7104276, 10.7865173 ] ] } },
{ "type": "Feature", "properties": { "osmid": "693339050", "highway": "residential", "oneway": false, "reversed": "False", "length": 18.421300204923757, "lanes": null, "maxspeed": null, "name": "Aqua 1", "junction": null, "access": null, "bridge": null, "relation_id": "19260504" }, "geometry": { "type": "LineString", "coordinates": [ [ 106.7104276, 10.7865173 ], [ 106.710308, 10.7866341 ] ] } },
{ "type": "Feature", "properties": { "osmid": "1227067435", "highway": "residential", "oneway": true, "reversed": "False", "length": 32.589804752633306, "lanes": null, "maxspeed": null, "name": null, "junction": null, "access": "permissive", "bridge": null, "relation_id": "19260504" }, "geometry": { "type": "LineString", "coordinates": [ [ 106.7104276, 10.7865173 ], [ 106.710458, 10.7865441 ], [ 106.7104741, 10.7865582 ], [ 106.7104661, 10.7866042 ], [ 106.7104295, 10.7866442 ], [ 106.7104014, 10.7866554 ], [ 106.7103609, 10.7866652 ], [ 106.7103382, 10.7866518 ], [ 106.710308, 10.7866341 ] ] } },
{ "type": "Feature", "properties": { "osmid": "693339050", "highway": "residential", "oneway": false, "reversed": "True", "length": 49.478636780654625, "lanes": null, "maxspeed": null, "name": "Aqua 1", "junction": null, "access": null, "bridge": null, "relation_id": "19260504" }, "geometry": { "type": "LineString", "coordinates": [ [ 106.7104276, 10.7865173 ], [ 106.7106149, 10.7863641 ], [ 106.710674, 10.7863057 ], [ 106.7107626, 10.7862185 ] ] } },
{ "type": "Feature", "properties": { "osmid": "803279640", "highway": "secondary", "oneway": true, "reversed": "False", "length": 25.364964404766717, "lanes": null, "maxspeed": null, "name": null, "junction": "roundabout", "access": null, "bridge": null, "relation_id": "19260504" }, "geometry": { "type": "LineString", "coordinates": [ [ 106.6984437, 10.7802601 ], [ 106.6984593, 10.7802361 ], [ 106.6984832, 10.7802199 ], [ 106.6985117, 10.7802142 ], [ 106.6985401, 10.7802199 ], [ 106.6985641, 10.780236 ], [ 106.6985798, 10.7802599 ], [ 106.6985848, 10.780288 ], [ 106.6985782, 10.7803158 ] ] } },
{ "type": "Feature", "properties": { "osmid": [ 1391882256, 803279638 ], "highway": "secondary", "oneway": false, "reversed": [ false, true ], "length": 37.782649157069514, "lanes": "6", "maxspeed": null, "name": "Lê Duẩn", "junction": null, "access": null, "bridge": null, "relation_id": "19260504" }, "geometry": { "type": "LineString", "coordinates": [ [ 106.6984437, 10.7802601 ], [ 106.6982604, 10.7800719 ], [ 106.6982362, 10.7800473 ], [ 106.698205, 10.7800142 ] ] } },
{ "type": "Feature", "properties": { "osmid": "1391882257", "highway": "tertiary", "oneway": true, "reversed": "False", "length": 31.879076932018201, "lanes": null, "maxspeed": "50", "name": "Công trường Công xã Paris", "junction": null, "access": null, "bridge": null, "relation_id": "19260504" }, "geometry": { "type": "LineString", "coordinates": [ [ 106.6984437, 10.7802601 ], [ 106.698426, 10.7802266 ], [ 106.6984129, 10.7801912 ], [ 106.698405, 10.7801556 ], [ 106.6984017, 10.7801193 ], [ 106.6984031, 10.780084 ], [ 106.6984089, 10.7800492 ], [ 106.6984256, 10.7799834 ] ] } },
{ "type": "Feature", "properties": { "osmid": "1414094279", "highway": "secondary", "oneway": true, "reversed": "False", "length": 6.3398683982428867, "lanes": null, "maxspeed": null, "name": null, "junction": "roundabout", "access": null, "bridge": null, "relation_id": "19260504" }, "geometry": { "type": "LineString", "coordinates": [ [ 106.6985782, 10.7803158 ], [ 106.6985611, 10.7803389 ], [ 106.6985363, 10.7803536 ] ] } },
{ "type": "Feature", "properties": { "osmid": "1157160322", "highway": "tertiary", "oneway": false, "reversed": "False", "length": 79.332051946601794, "lanes": "2", "maxspeed": null, "name": "Phạm Ngọc Thạch", "junction": null, "access": null, "bridge": null, "relation_id": "19260504" }, "geometry": { "type": "LineString", "coordinates": [ [ 106.6984619, 10.7803384 ], [ 106.6983343, 10.780455 ], [ 106.6979302, 10.7808244 ] ] } },
{ "type": "Feature", "properties": { "osmid": "1265822554", "highway": "secondary", "oneway": true, "reversed": "False", "length": 9.4462833541894593, "lanes": null, "maxspeed": null, "name": null, "junction": "roundabout", "access": null, "bridge": null, "relation_id": "19260504" }, "geometry": { "type": "LineString", "coordinates": [ [ 106.6984619, 10.7803384 ], [ 106.6984484, 10.7803217 ], [ 106.6984406, 10.7803019 ], [ 106.6984389, 10.7802808 ], [ 106.6984437, 10.7802601 ] ] } },
{ "type": "Feature", "properties": { "osmid": "1374006569", "highway": "secondary", "oneway": false, "reversed": "True", "length": 3.2320954758524465, "lanes": null, "maxspeed": null, "name": "Lê Duẩn", "junction": null, "access": null, "bridge": null, "relation_id": "19260504" }, "geometry": { "type": "LineString", "coordinates": [ [ 106.6985363, 10.7803536 ], [ 106.6985561, 10.7803752 ] ] } },
{ "type": "Feature", "properties": { "osmid": "1265822570", "highway": "secondary", "oneway": true, "reversed": "False", "length": 8.7026234921214858, "lanes": null, "maxspeed": null, "name": null, "junction": "roundabout", "access": null, "bridge": null, "relation_id": "19260504" }, "geometry": { "type": "LineString", "coordinates": [ [ 106.6985363, 10.7803536 ], [ 106.6985168, 10.7803576 ], [ 106.6984969, 10.7803562 ], [ 106.6984781, 10.7803497 ], [ 106.6984619, 10.7803384 ] ] } },
{ "type": "Feature", "properties": { "osmid": "846835884", "highway": "residential", "oneway": true, "reversed": "False", "length": 42.421792619001387, "lanes": "2", "maxspeed": "40", "name": "Công trường Mê Linh", "junction": null, "access": null, "bridge": null, "relation_id": "19260504" }, "geometry": { "type": "LineString", "coordinates": [ [ 106.7066497, 10.7759769 ], [ 106.7065942, 10.7759446 ], [ 106.7065514, 10.7759321 ], [ 106.7064898, 10.7759236 ], [ 106.7064391, 10.7759201 ], [ 106.7063281, 10.7759114 ], [ 106.7062744, 10.7759006 ] ] } },
{ "type": "Feature", "properties": { "osmid": "1461789905", "highway": "primary", "oneway": true, "reversed": "False", "length": 22.370928519189086, "lanes": "2", "maxspeed": "50", "name": "Tôn Đức Thắng", "junction": null, "access": null, "bridge": null, "relation_id": "19260504" }, "geometry": { "type": "LineString", "coordinates": [ [ 106.7066497, 10.7759769 ], [ 106.7066084, 10.7758543 ], [ 106.7065554, 10.7758045 ] ] } },
{ "type": "Feature", "properties": { "osmid": [ 1054544120, 321564423 ], "highway": "secondary", "oneway": true, "reversed": "False", "length": 531.27038394872557, "lanes": [ "3", "2" ], "maxspeed": "60", "name": "Cầu Ba Son", "junction": null, "access": null, "bridge": "yes", "relation_id": "19260504" }, "geometry": { "type": "LineString", "coordinates": [ [ 106.7048197, 10.7834972 ], [ 106.7050105, 10.7833838 ], [ 106.7074777, 10.7811024 ], [ 106.7076321, 10.7809711 ], [ 106.7077846, 10.7808497 ], [ 106.7079408, 10.780737 ], [ 106.7081324, 10.7806154 ], [ 106.7083184, 10.7805078 ], [ 106.7085053, 10.7804052 ] ] } },
{ "type": "Feature", "properties": { "osmid": "1267913081", "highway": "primary", "oneway": true, "reversed": "False", "length": 28.004042152452847, "lanes": "2", "maxspeed": null, "name": "Tôn Đức Thắng", "junction": null, "access": null, "bridge": null, "relation_id": "19260504" }, "geometry": { "type": "LineString", "coordinates": [ [ 106.7048197, 10.7834972 ], [ 106.7049149, 10.7833539 ], [ 106.7049734, 10.7832972 ] ] } },
{ "type": "Feature", "properties": { "osmid": "459597457", "highway": "primary", "oneway": true, "reversed": "False", "length": 143.3185801161336, "lanes": "4", "maxspeed": "60", "name": "Tôn Đức Thắng", "junction": null, "access": null, "bridge": null, "relation_id": "19260504" }, "geometry": { "type": "LineString", "coordinates": [ [ 106.7048865, 10.7836176 ], [ 106.7039333, 10.7845033 ] ] } },
{ "type": "Feature", "properties": { "osmid": [ 198123904, 1419685137 ], "highway": "residential", "oneway": false, "reversed": "False", "length": 108.00593298746972, "lanes": null, "maxspeed": null, "name": [ "Nguyễn Trung Ngạn", "Hẻm 5 Nguyễn Trung Ngạn" ], "junction": null, "access": null, "bridge": null, "relation_id": "19260504" }, "geometry": { "type": "LineString", "coordinates": [ [ 106.7058055, 10.7842074 ], [ 106.7052121, 10.783593 ], [ 106.7051249, 10.7835028 ] ] } },
{ "type": "Feature", "properties": { "osmid": [ 321564421, 1054544119 ], "highway": "secondary", "oneway": true, "reversed": "False", "length": 532.71912794073808, "lanes": "3", "maxspeed": "60", "name": "Cầu Ba Son", "junction": null, "access": null, "bridge": "yes", "relation_id": "19260504" }, "geometry": { "type": "LineString", "coordinates": [ [ 106.7085388, 10.7804644 ], [ 106.7083506, 10.7805704 ], [ 106.7081498, 10.7806875 ], [ 106.7079831, 10.7807962 ], [ 106.7078207, 10.780911 ], [ 106.7076758, 10.7810263 ], [ 106.7075261, 10.7811571 ], [ 106.7050573, 10.7834342 ], [ 106.7048865, 10.7836176 ] ] } },
{ "type": "Feature", "properties": { "osmid": [ 1049177953, 945317490 ], "highway": "secondary_link", "oneway": true, "reversed": "False", "length": 322.44654652949663, "lanes": "2", "maxspeed": null, "name": "Nhánh N2", "junction": null, "access": null, "bridge": "yes", "relation_id": "19260504" }, "geometry": { "type": "LineString", "coordinates": [ [ 106.7085388, 10.7804644 ], [ 106.7085013, 10.7805187 ], [ 106.7084335, 10.7805883 ], [ 106.7083417, 10.780659 ], [ 106.7081174, 10.7807999 ], [ 106.7079337, 10.7809248 ], [ 106.7077568, 10.7810619 ], [ 106.7075739, 10.7812174 ], [ 106.7066567, 10.7820694 ], [ 106.7065437, 10.7821746 ], [ 106.7065284, 10.7821854 ], [ 106.7065109, 10.7821924 ], [ 106.7064923, 10.782195 ], [ 106.7064739, 10.7821934 ], [ 106.7064562, 10.782188 ], [ 106.7064402, 10.7821777 ], [ 106.7063652, 10.7820991 ], [ 106.7063595, 10.7820929 ], [ 106.7063545, 10.7820853 ], [ 106.7063513, 10.7820778 ], [ 106.7063499, 10.7820705 ], [ 106.7063501, 10.7820632 ], [ 106.7063518, 10.782056 ], [ 106.7063545, 10.7820492 ], [ 106.7063585, 10.7820424 ], [ 106.7063642, 10.7820352 ] ] } },
{ "type": "Feature", "properties": { "osmid": "1019650997", "highway": "primary_link", "oneway": false, "reversed": "False", "length": 15.533327925031164, "lanes": null, "maxspeed": null, "name": null, "junction": null, "access": null, "bridge": null, "relation_id": "19260504" }, "geometry": { "type": "LineString", "coordinates": [ [ 106.7044955, 10.7707489 ], [ 106.7044453, 10.7708796 ] ] } },
{ "type": "Feature", "properties": { "osmid": "1027351472", "highway": "primary_link", "oneway": false, "reversed": "True", "length": 12.073984412037154, "lanes": null, "maxspeed": null, "name": null, "junction": null, "access": null, "bridge": null, "relation_id": "19260504" }, "geometry": { "type": "LineString", "coordinates": [ [ 106.7044955, 10.7707489 ], [ 106.7045345, 10.7706473 ] ] } },
{ "type": "Feature", "properties": { "osmid": "1027351471", "highway": "primary", "oneway": true, "reversed": "False", "length": 187.42802246596943, "lanes": "3", "maxspeed": "60", "name": "Hàm Nghi", "junction": null, "access": null, "bridge": null, "relation_id": "19260504" }, "geometry": { "type": "LineString", "coordinates": [ [ 106.7044955, 10.7707489 ], [ 106.7047816, 10.7707339 ], [ 106.7059748, 10.7706822 ], [ 106.7062095, 10.7706718 ] ] } },
{ "type": "Feature", "properties": { "osmid": "1019650997", "highway": "primary_link", "oneway": false, "reversed": "True", "length": 15.533327925031164, "lanes": null, "maxspeed": null, "name": null, "junction": null, "access": null, "bridge": null, "relation_id": "19260504" }, "geometry": { "type": "LineString", "coordinates": [ [ 106.7044453, 10.7708796 ], [ 106.7044955, 10.7707489 ] ] } },
{ "type": "Feature", "properties": { "osmid": "1177488208", "highway": "primary_link", "oneway": false, "reversed": "False", "length": 11.311749072083336, "lanes": null, "maxspeed": null, "name": null, "junction": null, "access": null, "bridge": null, "relation_id": "19260504" }, "geometry": { "type": "LineString", "coordinates": [ [ 106.7044453, 10.7708796 ], [ 106.7044088, 10.7709748 ] ] } },
{ "type": "Feature", "properties": { "osmid": "1177488209", "highway": "primary", "oneway": true, "reversed": "False", "length": 112.31408939148561, "lanes": "3", "maxspeed": "60", "name": "Hàm Nghi", "junction": null, "access": null, "bridge": null, "relation_id": "19260504" }, "geometry": { "type": "LineString", "coordinates": [ [ 106.7044453, 10.7708796 ], [ 106.7043323, 10.7708849 ], [ 106.7036722, 10.7709151 ], [ 106.7034182, 10.7709258 ] ] } },
{ "type": "Feature", "properties": { "osmid": "1146950655", "highway": "tertiary", "oneway": true, "reversed": "False", "length": 68.803851164185431, "lanes": null, "maxspeed": null, "name": "Lê Thánh Tôn", "junction": null, "access": null, "bridge": null, "relation_id": "19260504" }, "geometry": { "type": "LineString", "coordinates": [ [ 106.7061161, 10.7822366 ], [ 106.7059898, 10.7820899 ], [ 106.7058851, 10.7819683 ], [ 106.7057437, 10.7818039 ], [ 106.7057094, 10.7817641 ] ] } },
{ "type": "Feature", "properties": { "osmid": "1267913089", "highway": "primary", "oneway": true, "reversed": "False", "length": 67.452428117279695, "lanes": "2", "maxspeed": null, "name": "Tôn Đức Thắng", "junction": null, "access": null, "bridge": null, "relation_id": "19260504" }, "geometry": { "type": "LineString", "coordinates": [ [ 106.7061161, 10.7822366 ], [ 106.7061741, 10.782159 ], [ 106.7064155, 10.781934 ], [ 106.706475, 10.7818786 ], [ 106.706558, 10.7818158 ] ] } },
{ "type": "Feature", "properties": { "osmid": "1040198356", "highway": "residential", "oneway": true, "reversed": "False", "length": 37.855818910883592, "lanes": null, "maxspeed": null, "name": null, "junction": null, "access": null, "bridge": null, "relation_id": "19260504" }, "geometry": { "type": "LineString", "coordinates": [ [ 106.7082135, 10.7842773 ], [ 106.708205, 10.7844622 ], [ 106.7081979, 10.7846174 ] ] } },
{ "type": "Feature", "properties": { "osmid": "1278461441", "highway": "residential", "oneway": false, "reversed": "True", "length": 25.821941501739303, "lanes": null, "maxspeed": null, "name": "Riverview 9", "junction": null, "access": null, "bridge": null, "relation_id": "19260504" }, "geometry": { "type": "LineString", "coordinates": [ [ 106.7082135, 10.7842773 ], [ 106.7080818, 10.784401 ], [ 106.7080446, 10.7844397 ] ] } },
{ "type": "Feature", "properties": { "osmid": "1353292075", "highway": "residential", "oneway": false, "reversed": "False", "length": 54.974979228654988, "lanes": null, "maxspeed": null, "name": "Riverview 9", "junction": null, "access": null, "bridge": null, "relation_id": "19260504" }, "geometry": { "type": "LineString", "coordinates": [ [ 106.7082135, 10.7842773 ], [ 106.7084041, 10.7841038 ], [ 106.7085827, 10.7839413 ] ] } },
{ "type": "Feature", "properties": { "osmid": "1040378572", "highway": "primary", "oneway": true, "reversed": "False", "length": 49.860187730371379, "lanes": "4", "maxspeed": "60", "name": "Tôn Đức Thắng", "junction": null, "access": null, "bridge": null, "relation_id": "19260504" }, "geometry": { "type": "LineString", "coordinates": [ [ 106.7077438, 10.7811845 ], [ 106.7074862, 10.7814222 ], [ 106.7074612, 10.7814453 ], [ 106.7074346, 10.7814698 ], [ 106.7074111, 10.7814915 ] ] } },
{ "type": "Feature", "properties": { "osmid": "1428265591", "highway": "secondary", "oneway": false, "reversed": "True", "length": 11.445979741248344, "lanes": "3", "maxspeed": "50", "name": "Pasteur", "junction": null, "access": null, "bridge": null, "relation_id": "19260504" }, "geometry": { "type": "LineString", "coordinates": [ [ 106.7009856, 10.7743715 ], [ 106.7010257, 10.7742764 ] ] } },
{ "type": "Feature", "properties": { "osmid": "1428265592", "highway": "secondary", "oneway": false, "reversed": "False", "length": 13.639488767649169, "lanes": "3", "maxspeed": "50", "name": "Pasteur", "junction": null, "access": null, "bridge": null, "relation_id": "19260504" }, "geometry": { "type": "LineString", "coordinates": [ [ 106.7009856, 10.7743715 ], [ 106.700938, 10.7744849 ] ] } },
{ "type": "Feature", "properties": { "osmid": "1112911555", "highway": "primary_link", "oneway": false, "reversed": "True", "length": 11.039852155755831, "lanes": null, "maxspeed": null, "name": null, "junction": null, "access": null, "bridge": null, "relation_id": "19260504" }, "geometry": { "type": "LineString", "coordinates": [ [ 106.7073025, 10.7781934 ], [ 106.7072051, 10.7782199 ] ] } },
{ "type": "Feature", "properties": { "osmid": [ 1144581243, 1049175314, 1083439171, 1083439166 ], "highway": "primary", "oneway": true, "reversed": "False", "length": 348.69816632056933, "lanes": [ "3", "1" ], "maxspeed": [ "60", "50" ], "name": "Tôn Đức Thắng", "junction": null, "access": null, "bridge": null, "relation_id": "19260504" }, "geometry": { "type": "LineString", "coordinates": [ [ 106.7073025, 10.7781934 ], [ 106.7072852, 10.7782908 ], [ 106.7072934, 10.7783552 ], [ 106.7073223, 10.7784912 ], [ 106.7074185, 10.7788348 ], [ 106.707559, 10.7793436 ], [ 106.7076497, 10.7796532 ], [ 106.7077382, 10.7799688 ], [ 106.7077479, 10.7800032 ], [ 106.7077782, 10.78011 ], [ 106.7077946, 10.7801692 ], [ 106.7079248, 10.7806397 ], [ 106.7079389, 10.7807134 ], [ 106.7079392, 10.7807825 ], [ 106.7079324, 10.7808621 ], [ 106.7079182, 10.780923 ], [ 106.7078856, 10.7810037 ], [ 106.7078332, 10.7811016 ], [ 106.7077869, 10.7811446 ], [ 106.7077438, 10.7811845 ] ] } },
{ "type": "Feature", "properties": { "osmid": [ 1054544121, 945317489 ], "highway": "secondary_link", "oneway": true, "reversed": "False", "length": 312.91178872590075, "lanes": "2", "maxspeed": "50", "name": "Nhánh N1", "junction": null, "access": null, "bridge": "yes", "relation_id": "19260504" }, "geometry": { "type": "LineString", "coordinates": [ [ 106.7073025, 10.7781934 ], [ 106.707349, 10.7783586 ], [ 106.7078642, 10.780168 ], [ 106.7078883, 10.7802314 ], [ 106.7079184, 10.780286 ], [ 106.70796, 10.7803386 ], [ 106.708008, 10.78038 ], [ 106.7080562, 10.7804079 ], [ 106.7081061, 10.7804279 ], [ 106.7081596, 10.780439 ], [ 106.7082172, 10.780443 ], [ 106.7082782, 10.7804399 ], [ 106.7083371, 10.7804297 ], [ 106.7084493, 10.7804068 ], [ 106.7085053, 10.7804052 ] ] } },
{ "type": "Feature", "properties": { "osmid": "1125220757", "highway": "primary", "oneway": true, "reversed": "False", "length": 139.90153507157709, "lanes": "2", "maxspeed": "60", "name": "Tôn Đức Thắng", "junction": null, "access": null, "bridge": null, "relation_id": "19260504" }, "geometry": { "type": "LineString", "coordinates": [ [ 106.7060567, 10.7826396 ], [ 106.7051249, 10.7835028 ] ] } },
{ "type": "Feature", "properties": { "osmid": "1178233815", "highway": "residential", "oneway": false, "reversed": "True", "length": 92.147799517038919, "lanes": "2", "maxspeed": "50", "name": "Ngô Văn Năm", "junction": null, "access": null, "bridge": null, "relation_id": "19260504" }, "geometry": { "type": "LineString", "coordinates": [ [ 106.70774, 10.7801286 ], [ 106.7069926, 10.7805129 ] ] } },
{ "type": "Feature", "properties": { "osmid": [ 1083439168, 1461789904, 1151133823 ], "highway": "primary", "oneway": true, "reversed": "False", "length": 220.14177365959907, "lanes": "2", "maxspeed": "50", "name": [ "Tôn Đức Thắng", "Đường Tôn Ðức Thắng" ], "junction": null, "access": null, "bridge": null, "relation_id": "19260504" }, "geometry": { "type": "LineString", "coordinates": [ [ 106.70774, 10.7801286 ], [ 106.7077014, 10.7799899 ], [ 106.7076146, 10.7796802 ], [ 106.7075376, 10.7794209 ], [ 106.7075188, 10.7793576 ], [ 106.7075056, 10.7793109 ], [ 106.7074277, 10.7790361 ], [ 106.7073766, 10.7788556 ], [ 106.7073455, 10.7787404 ], [ 106.7072051, 10.7782199 ] ] } },
{ "type": "Feature", "properties": { "osmid": "817117938", "highway": "primary", "oneway": true, "reversed": "False", "length": 97.033127581568678, "lanes": "3", "maxspeed": "60", "name": "Nguyễn Hữu Cảnh", "junction": null, "access": null, "bridge": null, "relation_id": "19260504" }, "geometry": { "type": "LineString", "coordinates": [ [ 106.7074212, 10.7839328 ], [ 106.7068472, 10.7832668 ] ] } },
{ "type": "Feature", "properties": { "osmid": "1056107917", "highway": "primary_link", "oneway": true, "reversed": "False", "length": 122.11414507932824, "lanes": null, "maxspeed": null, "name": "Nguyễn Hữu Cảnh", "junction": null, "access": null, "bridge": null, "relation_id": "19260504" }, "geometry": { "type": "LineString", "coordinates": [ [ 106.7074212, 10.7839328 ], [ 106.7072755, 10.7838745 ], [ 106.7072462, 10.7838567 ], [ 106.7072168, 10.7838347 ], [ 106.7067036, 10.7832465 ], [ 106.7066557, 10.7831596 ] ] } },
{ "type": "Feature", "properties": { "osmid": "1428265592", "highway": "secondary", "oneway": false, "reversed": "True", "length": 13.639488767649169, "lanes": "3", "maxspeed": "50", "name": "Pasteur", "junction": null, "access": null, "bridge": null, "relation_id": "19260504" }, "geometry": { "type": "LineString", "coordinates": [ [ 106.700938, 10.7744849 ], [ 106.7009856, 10.7743715 ] ] } },
{ "type": "Feature", "properties": { "osmid": "35113743", "highway": "secondary", "oneway": true, "reversed": "False", "length": 142.3908148124992, "lanes": "3", "maxspeed": "60", "name": "Pasteur", "junction": null, "access": null, "bridge": null, "relation_id": "19260504" }, "geometry": { "type": "LineString", "coordinates": [ [ 106.700938, 10.7744849 ], [ 106.7008805, 10.7746195 ], [ 106.7007549, 10.7749136 ], [ 106.7006681, 10.7751104 ], [ 106.7005478, 10.7753828 ], [ 106.7004881, 10.7755241 ], [ 106.7004291, 10.7756638 ] ] } },
{ "type": "Feature", "properties": { "osmid": "1232849516", "highway": "secondary", "oneway": false, "reversed": "True", "length": 13.994916572722998, "lanes": "3", "maxspeed": "50", "name": "Pasteur", "junction": null, "access": null, "bridge": null, "relation_id": "19260504" }, "geometry": { "type": "LineString", "coordinates": [ [ 106.7010257, 10.7742764 ], [ 106.7010766, 10.7741609 ] ] } },
{ "type": "Feature", "properties": { "osmid": "1428265591", "highway": "secondary", "oneway": false, "reversed": "False", "length": 11.445979741248344, "lanes": "3", "maxspeed": "50", "name": "Pasteur", "junction": null, "access": null, "bridge": null, "relation_id": "19260504" }, "geometry": { "type": "LineString", "coordinates": [ [ 106.7010257, 10.7742764 ], [ 106.7009856, 10.7743715 ] ] } },
{ "type": "Feature", "properties": { "osmid": "1230624193", "highway": "tertiary", "oneway": true, "reversed": "False", "length": 165.5459854141387, "lanes": "2", "maxspeed": "60", "name": "Lê Lợi", "junction": null, "access": null, "bridge": null, "relation_id": "19260504" }, "geometry": { "type": "LineString", "coordinates": [ [ 106.7010257, 10.7742764 ], [ 106.7011613, 10.7744201 ], [ 106.701933, 10.775233 ], [ 106.702115, 10.7752631 ] ] } },
{ "type": "Feature", "properties": { "osmid": "986725618", "highway": "primary", "oneway": true, "reversed": "False", "length": 135.7025390387272, "lanes": null, "maxspeed": null, "name": "Tôn Đức Thắng", "junction": null, "access": null, "bridge": null, "relation_id": "19260504" }, "geometry": { "type": "LineString", "coordinates": [ [ 106.706558, 10.7818158 ], [ 106.7074623, 10.780979 ] ] } },
{ "type": "Feature", "properties": { "osmid": "308848875", "highway": "residential", "oneway": false, "reversed": "False", "length": 187.50008369746485, "lanes": null, "maxspeed": null, "name": "Hẻm 18A Nguyễn Thị Minh Khai", "junction": null, "access": null, "bridge": null, "relation_id": "19260504" }, "geometry": { "type": "LineString", "coordinates": [ [ 106.6996763, 10.7870071 ], [ 106.699843, 10.7868444 ], [ 106.6998263, 10.7868182 ], [ 106.6999068, 10.7867442 ], [ 106.700575, 10.7861099 ], [ 106.7008135, 10.7858835 ], [ 106.7008703, 10.7858296 ] ] } },
{ "type": "Feature", "properties": { "osmid": "233001268", "highway": "primary", "oneway": true, "reversed": "False", "length": 104.69041074033127, "lanes": "3", "maxspeed": "60", "name": "Tôn Đức Thắng", "junction": null, "access": null, "bridge": null, "relation_id": "19260504" }, "geometry": { "type": "LineString", "coordinates": [ [ 106.7075111, 10.7809356 ], [ 106.707752, 10.7807151 ], [ 106.7077893, 10.780668 ], [ 106.7078163, 10.7806128 ], [ 106.7078296, 10.7805516 ], [ 106.7078324, 10.7804881 ], [ 106.7078216, 10.780427 ], [ 106.70776, 10.7802017 ], [ 106.7077542, 10.7801805 ], [ 106.70774, 10.7801286 ] ] } },
{ "type": "Feature", "properties": { "osmid": "1040761417", "highway": "primary_link", "oneway": true, "reversed": "False", "length": 43.112086316526941, "lanes": "2", "maxspeed": "50", "name": null, "junction": null, "access": null, "bridge": null, "relation_id": "19260504" }, "geometry": { "type": "LineString", "coordinates": [ [ 106.7075111, 10.7809356 ], [ 106.7075459, 10.780934 ], [ 106.7075814, 10.7809383 ], [ 106.7076218, 10.7809549 ], [ 106.7076628, 10.7809834 ], [ 106.7077, 10.7810221 ], [ 106.7077267, 10.7810651 ], [ 106.7077421, 10.7811098 ], [ 106.7077473, 10.7811462 ], [ 106.7077438, 10.7811845 ] ] } },
{ "type": "Feature", "properties": { "osmid": "1091647253", "highway": "residential", "oneway": true, "reversed": "False", "length": 72.928063480692785, "lanes": "2", "maxspeed": "50", "name": "Nguyễn Siêu", "junction": null, "access": null, "bridge": null, "relation_id": "19260504" }, "geometry": { "type": "LineString", "coordinates": [ [ 106.7074623, 10.780979 ], [ 106.7069926, 10.7805129 ] ] } },
{ "type": "Feature", "properties": { "osmid": "1485632375", "highway": "primary", "oneway": true, "reversed": "False", "length": 7.1905266890659147, "lanes": null, "maxspeed": null, "name": "Tôn Đức Thắng", "junction": null, "access": null, "bridge": null, "relation_id": "19260504" }, "geometry": { "type": "LineString", "coordinates": [ [ 106.7074623, 10.780979 ], [ 106.7075111, 10.7809356 ] ] } },
{ "type": "Feature", "properties": { "osmid": "1132560842", "highway": "tertiary", "oneway": true, "reversed": "False", "length": 38.25604915613112, "lanes": null, "maxspeed": null, "name": "Lê Lợi", "junction": null, "access": null, "bridge": null, "relation_id": "19260504" }, "geometry": { "type": "LineString", "coordinates": [ [ 106.702115, 10.7752631 ], [ 106.702352, 10.7755164 ] ] } },
{ "type": "Feature", "properties": { "osmid": "341504312", "highway": "tertiary", "oneway": true, "reversed": "False", "length": 181.5405427768242, "lanes": "3", "maxspeed": null, "name": "Nguyễn Huệ", "junction": null, "access": null, "bridge": null, "relation_id": "19260504" }, "geometry": { "type": "LineString", "coordinates": [ [ 106.702115, 10.7752631 ], [ 106.7021702, 10.7752183 ], [ 106.7023681, 10.7750341 ], [ 106.7027218, 10.7747048 ], [ 106.7032823, 10.7741971 ], [ 106.7033318, 10.7741513 ] ] } },
{ "type": "Feature", "properties": { "osmid": "377881079", "highway": "tertiary", "oneway": true, "reversed": "False", "length": 35.525734071135986, "lanes": "3", "maxspeed": null, "name": "Nguyễn Huệ", "junction": null, "access": null, "bridge": null, "relation_id": "19260504" }, "geometry": { "type": "LineString", "coordinates": [ [ 106.702352, 10.7755164 ], [ 106.7021203, 10.7757406 ] ] } },
{ "type": "Feature", "properties": { "osmid": "175542687", "highway": "tertiary", "oneway": true, "reversed": "False", "length": 98.941465316621702, "lanes": null, "maxspeed": null, "name": "Lê Lợi", "junction": null, "access": null, "bridge": null, "relation_id": "19260504" }, "geometry": { "type": "LineString", "coordinates": [ [ 106.702352, 10.7755164 ], [ 106.7024532, 10.7756229 ], [ 106.7025038, 10.7756762 ], [ 106.7025607, 10.7757361 ], [ 106.7025673, 10.7757431 ], [ 106.7027592, 10.7759452 ], [ 106.7028944, 10.7760877 ], [ 106.7029698, 10.7761671 ] ] } },
{ "type": "Feature", "properties": { "osmid": "341504312", "highway": "tertiary", "oneway": true, "reversed": "False", "length": 35.556114292989058, "lanes": "3", "maxspeed": null, "name": "Nguyễn Huệ", "junction": null, "access": null, "bridge": null, "relation_id": "19260504" }, "geometry": { "type": "LineString", "coordinates": [ [ 106.7018715, 10.7754753 ], [ 106.7019405, 10.7754152 ], [ 106.702115, 10.7752631 ] ] } },
{ "type": "Feature", "properties": { "osmid": "1056576715", "highway": "tertiary", "oneway": true, "reversed": "False", "length": 160.28071511549226, "lanes": "2", "maxspeed": "60", "name": "Lê Lợi", "junction": null, "access": null, "bridge": null, "relation_id": "19260504" }, "geometry": { "type": "LineString", "coordinates": [ [ 106.7018715, 10.7754753 ], [ 106.701861, 10.775299 ], [ 106.701178, 10.7745738 ], [ 106.7011041, 10.7744954 ], [ 106.7009856, 10.7743715 ] ] } },
{ "type": "Feature", "properties": { "osmid": "1056576716", "highway": "tertiary", "oneway": true, "reversed": "False", "length": 150.08729256022815, "lanes": "2", "maxspeed": "60", "name": "Lê Lợi", "junction": null, "access": null, "bridge": null, "relation_id": "19260504" }, "geometry": { "type": "LineString", "coordinates": [ [ 106.7018715, 10.7754753 ], [ 106.7017772, 10.7753759 ], [ 106.7010323, 10.7745838 ], [ 106.700938, 10.7744849 ] ] } },
{ "type": "Feature", "properties": { "osmid": [ 1372004230, 1122280206 ], "highway": "tertiary", "oneway": true, "reversed": "False", "length": 134.90807444638455, "lanes": "3", "maxspeed": null, "name": "Nguyễn Huệ", "junction": null, "access": null, "bridge": null, "relation_id": "19260504" }, "geometry": { "type": "LineString", "coordinates": [ [ 106.7021203, 10.7757406 ], [ 106.7020232, 10.7758363 ], [ 106.7015828, 10.776239 ], [ 106.7014039, 10.7764025 ], [ 106.7013027, 10.776495 ], [ 106.7012198, 10.7765708 ] ] } },
{ "type": "Feature", "properties": { "osmid": "1132560843", "highway": "tertiary", "oneway": true, "reversed": "False", "length": 40.110844736422841, "lanes": null, "maxspeed": null, "name": "Lê Lợi", "junction": null, "access": null, "bridge": null, "relation_id": "19260504" }, "geometry": { "type": "LineString", "coordinates": [ [ 106.7021203, 10.7757406 ], [ 106.7019975, 10.7756103 ], [ 106.7018715, 10.7754753 ] ] } },
{ "type": "Feature", "properties": { "osmid": "465567858", "highway": "residential", "oneway": false, "reversed": "False", "length": 23.814419552171621, "lanes": null, "maxspeed": null, "name": "Hẻm 17 Đường Thái Văn Lung", "junction": null, "access": null, "bridge": null, "relation_id": "19260504" }, "geometry": { "type": "LineString", "coordinates": [ [ 106.7047728, 10.7801835 ], [ 106.7046381, 10.7800151 ] ] } },
{ "type": "Feature", "properties": { "osmid": "874533294", "highway": "primary_link", "oneway": true, "reversed": "False", "length": 32.525422397318124, "lanes": null, "maxspeed": null, "name": "Tôn Đức Thắng", "junction": null, "access": null, "bridge": null, "relation_id": "19260504" }, "geometry": { "type": "LineString", "coordinates": [ [ 106.7063642, 10.7820352 ], [ 106.7065033, 10.7819027 ], [ 106.706558, 10.7818158 ] ] } },
{ "type": "Feature", "properties": { "osmid": "193256699", "highway": "secondary", "oneway": true, "reversed": "False", "length": 139.40985798316501, "lanes": "2", "maxspeed": "60", "name": "Phùng Khắc Khoan", "junction": null, "access": null, "bridge": null, "relation_id": "19260504" }, "geometry": { "type": "LineString", "coordinates": [ [ 106.6987827, 10.783793 ], [ 106.6985076, 10.7840494 ], [ 106.6983963, 10.7841532 ], [ 106.698224, 10.7843138 ], [ 106.6980801, 10.784448 ], [ 106.6978569, 10.784656 ] ] } },
{ "type": "Feature", "properties": { "osmid": "747226801", "highway": "primary", "oneway": true, "reversed": "False", "length": 50.157863227323155, "lanes": "2", "maxspeed": "60", "name": "Nguyễn Thị Minh Khai", "junction": null, "access": null, "bridge": null, "relation_id": "19260504" }, "geometry": { "type": "LineString", "coordinates": [ [ 106.6987886, 10.7836123 ], [ 106.699084, 10.7839095 ], [ 106.6990912, 10.7839445 ] ] } },
{ "type": "Feature", "properties": { "osmid": "1162411175", "highway": "secondary", "oneway": true, "reversed": "False", "length": 20.494055160472548, "lanes": "2", "maxspeed": "50", "name": "Phùng Khắc Khoan", "junction": null, "access": null, "bridge": null, "relation_id": "19260504" }, "geometry": { "type": "LineString", "coordinates": [ [ 106.6987886, 10.7836123 ], [ 106.6988011, 10.783673 ], [ 106.6988025, 10.7837006 ], [ 106.6987989, 10.7837356 ], [ 106.6987827, 10.783793 ] ] } },
{ "type": "Feature", "properties": { "osmid": "1146950652", "highway": "residential", "oneway": false, "reversed": "True", "length": 49.375219080941363, "lanes": "1", "maxspeed": null, "name": "Ngô Văn Năm", "junction": null, "access": null, "bridge": null, "relation_id": "19260504" }, "geometry": { "type": "LineString", "coordinates": [ [ 106.7059614, 10.7813708 ], [ 106.7055963, 10.7816326 ] ] } },
{ "type": "Feature", "properties": { "osmid": "1178240384", "highway": "residential", "oneway": true, "reversed": "False", "length": 63.539746778662618, "lanes": "1", "maxspeed": "50", "name": "Ngô Văn Năm", "junction": null, "access": null, "bridge": null, "relation_id": "19260504" }, "geometry": { "type": "LineString", "coordinates": [ [ 106.7059614, 10.7813708 ], [ 106.7063518, 10.7810659 ], [ 106.7064292, 10.7810366 ] ] } },
{ "type": "Feature", "properties": { "osmid": "1179935043", "highway": "primary_link", "oneway": false, "reversed": "True", "length": 7.3568502486809688, "lanes": null, "maxspeed": null, "name": null, "junction": null, "access": null, "bridge": null, "relation_id": "19260504" }, "geometry": { "type": "LineString", "coordinates": [ [ 106.7031283, 10.788173 ], [ 106.7030795, 10.7882186 ] ] } },
{ "type": "Feature", "properties": { "osmid": "1184432371", "highway": "primary", "oneway": true, "reversed": "False", "length": 66.126399252507468, "lanes": "2", "maxspeed": null, "name": "Nguyễn Thị Minh Khai", "junction": null, "access": null, "bridge": null, "relation_id": "19260504" }, "geometry": { "type": "LineString", "coordinates": [ [ 106.7031283, 10.788173 ], [ 106.703193, 10.7882404 ], [ 106.7035437, 10.7886056 ] ] } },
{ "type": "Feature", "properties": { "osmid": "1180549326", "highway": "primary_link", "oneway": false, "reversed": "False", "length": 9.1661600222559834, "lanes": null, "maxspeed": null, "name": null, "junction": null, "access": null, "bridge": null, "relation_id": "19260504" }, "geometry": { "type": "LineString", "coordinates": [ [ 106.70399, 10.7862349 ], [ 106.7040512, 10.7861785 ] ] } },
{ "type": "Feature", "properties": { "osmid": [ 1180549323, 1221450947 ], "highway": "primary", "oneway": true, "reversed": "False", "length": 143.04081783102748, "lanes": "3", "maxspeed": null, "name": "Lê Duẩn", "junction": null, "access": null, "bridge": null, "relation_id": "19260504" }, "geometry": { "type": "LineString", "coordinates": [ [ 106.70399, 10.7862349 ], [ 106.7035551, 10.7857756 ], [ 106.7032085, 10.7854096 ], [ 106.703167, 10.7853657 ], [ 106.7030967, 10.7852943 ] ] } },
{ "type": "Feature", "properties": { "osmid": "1180549326", "highway": "primary_link", "oneway": false, "reversed": "True", "length": 9.1661600222559834, "lanes": null, "maxspeed": null, "name": null, "junction": null, "access": null, "bridge": null, "relation_id": "19260504" }, "geometry": { "type": "LineString", "coordinates": [ [ 106.7040512, 10.7861785 ], [ 106.70399, 10.7862349 ] ] } },
{ "type": "Feature", "properties": { "osmid": "732424306", "highway": "primary", "oneway": true, "reversed": "False", "length": 136.52238656873087, "lanes": "3", "maxspeed": null, "name": "Lê Duẩn", "junction": null, "access": null, "bridge": null, "relation_id": "19260504" }, "geometry": { "type": "LineString", "coordinates": [ [ 106.7040512, 10.7861785 ], [ 106.7048316, 10.7870088 ], [ 106.7048471, 10.7870572 ], [ 106.7048614, 10.787102 ] ] } },
{ "type": "Feature", "properties": { "osmid": "1182181717", "highway": "secondary", "oneway": true, "reversed": "False", "length": 54.220337282814604, "lanes": null, "maxspeed": null, "name": "Lê Duẩn", "junction": null, "access": null, "bridge": null, "relation_id": "19260504" }, "geometry": { "type": "LineString", "coordinates": [ [ 106.6995731, 10.7815337 ], [ 106.6992435, 10.7811691 ] ] } },
{ "type": "Feature", "properties": { "osmid": "1265997659", "highway": "primary", "oneway": false, "reversed": "True", "length": 9.3534886066561267, "lanes": "2", "maxspeed": null, "name": "Đường Hai Bà Trưng", "junction": null, "access": null, "bridge": null, "relation_id": "19260504" }, "geometry": { "type": "LineString", "coordinates": [ [ 106.6995731, 10.7815337 ], [ 106.6996356, 10.7814762 ] ] } },
{ "type": "Feature", "properties": { "osmid": "1265822569", "highway": "primary", "oneway": false, "reversed": "False", "length": 97.395530353055861, "lanes": "2", "maxspeed": null, "name": "Hai Bà Trưng", "junction": null, "access": null, "bridge": null, "relation_id": "19260504" }, "geometry": { "type": "LineString", "coordinates": [ [ 106.6995731, 10.7815337 ], [ 106.6994651, 10.7816335 ], [ 106.6989238, 10.782134 ] ] } },
{ "type": "Feature", "properties": { "osmid": "1182181719", "highway": "secondary", "oneway": false, "reversed": "False", "length": 9.0162018346097632, "lanes": null, "maxspeed": null, "name": null, "junction": null, "access": null, "bridge": null, "relation_id": "19260504" }, "geometry": { "type": "LineString", "coordinates": [ [ 106.6990055, 10.7809094 ], [ 106.6990668, 10.7808551 ] ] } },
{ "type": "Feature", "properties": { "osmid": "1182181717", "highway": "secondary", "oneway": true, "reversed": "False", "length": 78.950892613998718, "lanes": null, "maxspeed": null, "name": "Lê Duẩn", "junction": null, "access": null, "bridge": null, "relation_id": "19260504" }, "geometry": { "type": "LineString", "coordinates": [ [ 106.6990055, 10.7809094 ], [ 106.6988944, 10.7807906 ], [ 106.6985557, 10.780442 ], [ 106.6985561, 10.7803752 ] ] } },
{ "type": "Feature", "properties": { "osmid": "1182181719", "highway": "secondary", "oneway": false, "reversed": "True", "length": 9.0162018346097632, "lanes": null, "maxspeed": null, "name": null, "junction": null, "access": null, "bridge": null, "relation_id": "19260504" }, "geometry": { "type": "LineString", "coordinates": [ [ 106.6990668, 10.7808551 ], [ 106.6990055, 10.7809094 ] ] } },
{ "type": "Feature", "properties": { "osmid": "747226799", "highway": "secondary", "oneway": true, "reversed": "False", "length": 38.740434366263095, "lanes": "3", "maxspeed": null, "name": "Lê Duẩn", "junction": null, "access": null, "bridge": null, "relation_id": "19260504" }, "geometry": { "type": "LineString", "coordinates": [ [ 106.6990668, 10.7808551 ], [ 106.6991333, 10.7809221 ], [ 106.6993049, 10.7811132 ] ] } },
{ "type": "Feature", "properties": { "osmid": "1184390306", "highway": "primary", "oneway": true, "reversed": "False", "length": 15.311216963476092, "lanes": "3", "maxspeed": null, "name": "Lê Duẩn", "junction": null, "access": null, "bridge": null, "relation_id": "19260504" }, "geometry": { "type": "LineString", "coordinates": [ [ 106.7030685, 10.7851309 ], [ 106.703163, 10.7852326 ] ] } },
{ "type": "Feature", "properties": { "osmid": "1177493335", "highway": "primary", "oneway": true, "reversed": "False", "length": 79.730541128075572, "lanes": "3", "maxspeed": null, "name": "Tôn Đức Thắng", "junction": null, "access": null, "bridge": null, "relation_id": "19260504" }, "geometry": { "type": "LineString", "coordinates": [ [ 106.7030685, 10.7851309 ], [ 106.7031572, 10.7850433 ], [ 106.7035969, 10.7846363 ] ] } },
{ "type": "Feature", "properties": { "osmid": "1221450945", "highway": "primary", "oneway": true, "reversed": "False", "length": 10.434727073052908, "lanes": null, "maxspeed": null, "name": null, "junction": null, "access": null, "bridge": null, "relation_id": "19260504" }, "geometry": { "type": "LineString", "coordinates": [ [ 106.7030012, 10.7851975 ], [ 106.7030685, 10.7851309 ] ] } },
{ "type": "Feature", "properties": { "osmid": "1182181720", "highway": "secondary", "oneway": true, "reversed": "False", "length": 299.56415936696345, "lanes": "3", "maxspeed": "50", "name": "Lê Duẩn", "junction": null, "access": null, "bridge": null, "relation_id": "19260504" }, "geometry": { "type": "LineString", "coordinates": [ [ 106.7030012, 10.7851975 ], [ 106.7029298, 10.785125 ], [ 106.7012086, 10.7832723 ], [ 106.7011503, 10.7832096 ] ] } },
{ "type": "Feature", "properties": { "osmid": "1182181721", "highway": "secondary", "oneway": true, "reversed": "False", "length": 55.075376001172224, "lanes": "3", "maxspeed": "50", "name": "Lê Duẩn", "junction": null, "access": null, "bridge": null, "relation_id": "19260504" }, "geometry": { "type": "LineString", "coordinates": [ [ 106.7011503, 10.7832096 ], [ 106.7008098, 10.7828443 ] ] } },
{ "type": "Feature", "properties": { "osmid": "1185264624", "highway": "tertiary", "oneway": false, "reversed": "False", "length": 8.0610311567735682, "lanes": "2", "maxspeed": "50", "name": "Mạc Đĩnh Chi", "junction": null, "access": null, "bridge": null, "relation_id": "19260504" }, "geometry": { "type": "LineString", "coordinates": [ [ 106.7011503, 10.7832096 ], [ 106.7012045, 10.7831604 ] ] } },
{ "type": "Feature", "properties": { "osmid": "1182181717", "highway": "secondary", "oneway": true, "reversed": "False", "length": 38.855660148901542, "lanes": null, "maxspeed": null, "name": "Lê Duẩn", "junction": null, "access": null, "bridge": null, "relation_id": "19260504" }, "geometry": { "type": "LineString", "coordinates": [ [ 106.6992435, 10.7811691 ], [ 106.6990055, 10.7809094 ] ] } },
{ "type": "Feature", "properties": { "osmid": "1182181722", "highway": "secondary", "oneway": false, "reversed": "False", "length": 9.1443043506972526, "lanes": null, "maxspeed": null, "name": null, "junction": null, "access": null, "bridge": null, "relation_id": "19260504" }, "geometry": { "type": "LineString", "coordinates": [ [ 106.6992435, 10.7811691 ], [ 106.6993049, 10.7811132 ] ] } },
{ "type": "Feature", "properties": { "osmid": "1182181722", "highway": "secondary", "oneway": false, "reversed": "True", "length": 9.1443043506972526, "lanes": null, "maxspeed": null, "name": null, "junction": null, "access": null, "bridge": null, "relation_id": "19260504" }, "geometry": { "type": "LineString", "coordinates": [ [ 106.6993049, 10.7811132 ], [ 106.6992435, 10.7811691 ] ] } },
{ "type": "Feature", "properties": { "osmid": "747226799", "highway": "secondary", "oneway": true, "reversed": "False", "length": 54.167497279646476, "lanes": "3", "maxspeed": null, "name": "Lê Duẩn", "junction": null, "access": null, "bridge": null, "relation_id": "19260504" }, "geometry": { "type": "LineString", "coordinates": [ [ 106.6993049, 10.7811132 ], [ 106.6995744, 10.781409 ], [ 106.6996061, 10.7814438 ], [ 106.6996356, 10.7814762 ] ] } },
{ "type": "Feature", "properties": { "osmid": "1182181723", "highway": "secondary", "oneway": false, "reversed": "False", "length": 9.6929142711931124, "lanes": null, "maxspeed": null, "name": "Đường Lê Duẩn", "junction": null, "access": null, "bridge": null, "relation_id": "19260504" }, "geometry": { "type": "LineString", "coordinates": [ [ 106.7000549, 10.7820592 ], [ 106.7001223, 10.7820025 ] ] } },
{ "type": "Feature", "properties": { "osmid": "1182181721", "highway": "secondary", "oneway": true, "reversed": "False", "length": 78.639226414670517, "lanes": "3", "maxspeed": "50", "name": "Lê Duẩn", "junction": null, "access": null, "bridge": null, "relation_id": "19260504" }, "geometry": { "type": "LineString", "coordinates": [ [ 106.7000549, 10.7820592 ], [ 106.6996654, 10.7816344 ], [ 106.6995731, 10.7815337 ] ] } },
{ "type": "Feature", "properties": { "osmid": "1182181721", "highway": "secondary", "oneway": true, "reversed": "False", "length": 52.719936487306832, "lanes": "3", "maxspeed": "50", "name": "Lê Duẩn", "junction": null, "access": null, "bridge": null, "relation_id": "19260504" }, "geometry": { "type": "LineString", "coordinates": [ [ 106.7003807, 10.782409 ], [ 106.7000549, 10.7820592 ] ] } },
{ "type": "Feature", "properties": { "osmid": "1182181724", "highway": "secondary", "oneway": false, "reversed": "False", "length": 9.8348186593196907, "lanes": "2", "maxspeed": null, "name": "Lê Văn Hưu", "junction": null, "access": null, "bridge": null, "relation_id": "19260504" }, "geometry": { "type": "LineString", "coordinates": [ [ 106.7003807, 10.782409 ], [ 106.7004492, 10.7823516 ] ] } },
{ "type": "Feature", "properties": { "osmid": "1182181725", "highway": "secondary", "oneway": false, "reversed": "False", "length": 8.2453786925821841, "lanes": null, "maxspeed": null, "name": "Đường Lê Duẩn", "junction": null, "access": null, "bridge": null, "relation_id": "19260504" }, "geometry": { "type": "LineString", "coordinates": [ [ 106.7007563, 10.7827885 ], [ 106.700811, 10.7827374 ] ] } },
{ "type": "Feature", "properties": { "osmid": "1182181721", "highway": "secondary", "oneway": true, "reversed": "False", "length": 58.905124981118924, "lanes": "3", "maxspeed": "50", "name": "Lê Duẩn", "junction": null, "access": null, "bridge": null, "relation_id": "19260504" }, "geometry": { "type": "LineString", "coordinates": [ [ 106.7007563, 10.7827885 ], [ 106.7004473, 10.7824648 ], [ 106.7003807, 10.782409 ] ] } },
{ "type": "Feature", "properties": { "osmid": "749983355", "highway": "secondary", "oneway": true, "reversed": "False", "length": 8.2709461880816466, "lanes": "3", "maxspeed": "50", "name": "Lê Duẩn", "junction": null, "access": null, "bridge": null, "relation_id": "19260504" }, "geometry": { "type": "LineString", "coordinates": [ [ 106.700811, 10.7827374 ], [ 106.7008622, 10.7827922 ] ] } },
{ "type": "Feature", "properties": { "osmid": "1182181725", "highway": "secondary", "oneway": false, "reversed": "True", "length": 8.2453786925821841, "lanes": null, "maxspeed": null, "name": "Đường Lê Duẩn", "junction": null, "access": null, "bridge": null, "relation_id": "19260504" }, "geometry": { "type": "LineString", "coordinates": [ [ 106.700811, 10.7827374 ], [ 106.7007563, 10.7827885 ] ] } },
{ "type": "Feature", "properties": { "osmid": "1221450944", "highway": "primary", "oneway": true, "reversed": "False", "length": 14.989132751098412, "lanes": null, "maxspeed": null, "name": "Lê Duẩn", "junction": null, "access": null, "bridge": null, "relation_id": "19260504" }, "geometry": { "type": "LineString", "coordinates": [ [ 106.7030967, 10.7852943 ], [ 106.7030012, 10.7851975 ] ] } },
{ "type": "Feature", "properties": { "osmid": "1216671170", "highway": "primary", "oneway": true, "reversed": "False", "length": 35.020767837452063, "lanes": "3", "maxspeed": "60", "name": "Đinh Tiên Hoàng", "junction": null, "access": null, "bridge": null, "relation_id": "19260504" }, "geometry": { "type": "LineString", "coordinates": [ [ 106.7030967, 10.7852943 ], [ 106.7030214, 10.7853342 ], [ 106.7029238, 10.7854187 ], [ 106.7028245, 10.7854521 ] ] } },
{ "type": "Feature", "properties": { "osmid": "666609822", "highway": "tertiary", "oneway": true, "reversed": "False", "length": 91.737212240690923, "lanes": "2", "maxspeed": "60", "name": "Ðồng Khởi", "junction": null, "access": null, "bridge": null, "relation_id": "19260504" }, "geometry": { "type": "LineString", "coordinates": [ [ 106.7050468, 10.7742525 ], [ 106.7050605, 10.7742396 ], [ 106.7052535, 10.7740567 ], [ 106.7055781, 10.7737492 ], [ 106.7056516, 10.7736801 ] ] } },
{ "type": "Feature", "properties": { "osmid": "1201603875", "highway": "residential", "oneway": false, "reversed": "False", "length": 122.19782757055096, "lanes": "2", "maxspeed": "50", "name": "Hồ Huấn Nghiệp", "junction": null, "access": null, "bridge": null, "relation_id": "19260504" }, "geometry": { "type": "LineString", "coordinates": [ [ 106.7050468, 10.7742525 ], [ 106.7053963, 10.7745123 ], [ 106.705512, 10.7745983 ], [ 106.7055238, 10.7746071 ], [ 106.7058636, 10.7748598 ], [ 106.7059388, 10.7749157 ] ] } },
{ "type": "Feature", "properties": { "osmid": "1056107917", "highway": "primary_link", "oneway": true, "reversed": "False", "length": 92.196469467023306, "lanes": null, "maxspeed": null, "name": "Nguyễn Hữu Cảnh", "junction": null, "access": null, "bridge": null, "relation_id": "19260504" }, "geometry": { "type": "LineString", "coordinates": [ [ 106.7066557, 10.7831596 ], [ 106.7062378, 10.7826786 ], [ 106.7062, 10.7826477 ], [ 106.7061504, 10.7826245 ], [ 106.7061021, 10.7826246 ], [ 106.7060567, 10.7826396 ] ] } },
{ "type": "Feature", "properties": { "osmid": "1219331093", "highway": "primary_link", "oneway": true, "reversed": "False", "length": 24.07583237677423, "lanes": null, "maxspeed": null, "name": "Nguyễn Hữu Cảnh", "junction": null, "access": null, "bridge": null, "relation_id": "19260504" }, "geometry": { "type": "LineString", "coordinates": [ [ 106.7068472, 10.7832668 ], [ 106.7066557, 10.7831596 ] ] } },
{ "type": "Feature", "properties": { "osmid": "817117938", "highway": "primary", "oneway": true, "reversed": "False", "length": 109.82446139871078, "lanes": "3", "maxspeed": "60", "name": "Nguyễn Hữu Cảnh", "junction": null, "access": null, "bridge": null, "relation_id": "19260504" }, "geometry": { "type": "LineString", "coordinates": [ [ 106.7068472, 10.7832668 ], [ 106.706704, 10.7831005 ], [ 106.7061973, 10.7825132 ] ] } },
{ "type": "Feature", "properties": { "osmid": "1219331095", "highway": "residential", "oneway": true, "reversed": "False", "length": 35.931493067413371, "lanes": null, "maxspeed": null, "name": null, "junction": null, "access": null, "bridge": null, "relation_id": "19260504" }, "geometry": { "type": "LineString", "coordinates": [ [ 106.7078854, 10.7842541 ], [ 106.7082135, 10.7842773 ] ] } },
{ "type": "Feature", "properties": { "osmid": "1278461440", "highway": "primary", "oneway": true, "reversed": "False", "length": 26.987479625627742, "lanes": "3", "maxspeed": "60", "name": "Nguyễn Hữu Cảnh", "junction": null, "access": null, "bridge": null, "relation_id": "19260504" }, "geometry": { "type": "LineString", "coordinates": [ [ 106.7078854, 10.7842541 ], [ 106.7079411, 10.7843185 ], [ 106.7080446, 10.7844397 ] ] } },
{ "type": "Feature", "properties": { "osmid": "817117940", "highway": "primary", "oneway": true, "reversed": "False", "length": 131.46469308169154, "lanes": "4", "maxspeed": "60", "name": "Nguyễn Hữu Cảnh", "junction": null, "access": null, "bridge": null, "relation_id": "19260504" }, "geometry": { "type": "LineString", "coordinates": [ [ 106.7081979, 10.7846174 ], [ 106.7084062, 10.7848627 ], [ 106.7084988, 10.7849997 ], [ 106.7085908, 10.7851525 ], [ 106.7086652, 10.7853051 ], [ 106.7087844, 10.7855612 ], [ 106.7088118, 10.7856259 ] ] } },
{ "type": "Feature", "properties": { "osmid": "1221589525", "highway": "primary_link", "oneway": false, "reversed": "True", "length": 7.2937918458399409, "lanes": null, "maxspeed": null, "name": null, "junction": null, "access": null, "bridge": null, "relation_id": "19260504" }, "geometry": { "type": "LineString", "coordinates": [ [ 106.7025516, 10.7876598 ], [ 106.7025996, 10.7876142 ] ] } },
{ "type": "Feature", "properties": { "osmid": "1173862241", "highway": "primary", "oneway": true, "reversed": "False", "length": 57.286698876211602, "lanes": "2", "maxspeed": "60", "name": "Nguyễn Thị Minh Khai", "junction": null, "access": null, "bridge": null, "relation_id": "19260504" }, "geometry": { "type": "LineString", "coordinates": [ [ 106.7025516, 10.7876598 ], [ 106.7025154, 10.7876216 ], [ 106.7021947, 10.7872823 ] ] } },
{ "type": "Feature", "properties": { "osmid": "1221589526", "highway": "primary_link", "oneway": false, "reversed": "True", "length": 7.5897665082416754, "lanes": null, "maxspeed": null, "name": null, "junction": null, "access": null, "bridge": null, "relation_id": "19260504" }, "geometry": { "type": "LineString", "coordinates": [ [ 106.7021947, 10.7872823 ], [ 106.7022445, 10.7872347 ] ] } },
{ "type": "Feature", "properties": { "osmid": "1173862241", "highway": "primary", "oneway": true, "reversed": "False", "length": 100.08278119493517, "lanes": "2", "maxspeed": "60", "name": "Nguyễn Thị Minh Khai", "junction": null, "access": null, "bridge": null, "relation_id": "19260504" }, "geometry": { "type": "LineString", "coordinates": [ [ 106.7021947, 10.7872823 ], [ 106.7021505, 10.7872355 ], [ 106.7017348, 10.786801 ], [ 106.7016602, 10.786723 ], [ 106.7016177, 10.7865968 ] ] } },
{ "type": "Feature", "properties": { "osmid": "1239025530", "highway": "primary_link", "oneway": false, "reversed": "False", "length": 13.784926357135737, "lanes": null, "maxspeed": null, "name": null, "junction": null, "access": null, "bridge": null, "relation_id": "19260504" }, "geometry": { "type": "LineString", "coordinates": [ [ 106.7039333, 10.7845033 ], [ 106.7038502, 10.78441 ] ] } },
{ "type": "Feature", "properties": { "osmid": "1242685478", "highway": "primary", "oneway": true, "reversed": "False", "length": 36.819786655430661, "lanes": "4", "maxspeed": null, "name": "Tôn Đức Thắng", "junction": null, "access": null, "bridge": null, "relation_id": "19260504" }, "geometry": { "type": "LineString", "coordinates": [ [ 106.7039333, 10.7845033 ], [ 106.7036877, 10.7847301 ] ] } },
{ "type": "Feature", "properties": { "osmid": "1239025530", "highway": "primary_link", "oneway": false, "reversed": "True", "length": 13.784926357135737, "lanes": null, "maxspeed": null, "name": null, "junction": null, "access": null, "bridge": null, "relation_id": "19260504" }, "geometry": { "type": "LineString", "coordinates": [ [ 106.7038502, 10.78441 ], [ 106.7039333, 10.7845033 ] ] } },
{ "type": "Feature", "properties": { "osmid": "690160067", "highway": "primary", "oneway": true, "reversed": "False", "length": 146.69394084659274, "lanes": "4", "maxspeed": null, "name": "Tôn Đức Thắng", "junction": null, "access": null, "bridge": null, "relation_id": "19260504" }, "geometry": { "type": "LineString", "coordinates": [ [ 106.7038502, 10.78441 ], [ 106.7039523, 10.7843168 ], [ 106.7041749, 10.7841087 ], [ 106.7044974, 10.7838092 ], [ 106.7048197, 10.7834972 ] ] } },
{ "type": "Feature", "properties": { "osmid": "1180549323", "highway": "primary", "oneway": true, "reversed": "False", "length": 136.16949127263601, "lanes": "3", "maxspeed": null, "name": "Lê Duẩn", "junction": null, "access": null, "bridge": null, "relation_id": "19260504" }, "geometry": { "type": "LineString", "coordinates": [ [ 106.7048614, 10.787102 ], [ 106.7047724, 10.78706 ], [ 106.70399, 10.7862349 ] ] } },
{ "type": "Feature", "properties": { "osmid": "1525707689", "highway": "primary", "oneway": false, "reversed": "True", "length": 22.96737469613695, "lanes": "3", "maxspeed": null, "name": "Lê Duẩn", "junction": null, "access": null, "bridge": null, "relation_id": "19260504" }, "geometry": { "type": "LineString", "coordinates": [ [ 106.7048614, 10.787102 ], [ 106.7048776, 10.7871193 ], [ 106.7049362, 10.7871818 ], [ 106.7050041, 10.7872537 ] ] } },
{ "type": "Feature", "properties": { "osmid": "1333423009", "highway": "residential", "oneway": false, "reversed": "False", "length": 18.381653259656606, "lanes": null, "maxspeed": null, "name": null, "junction": null, "access": null, "bridge": null, "relation_id": "19260504" }, "geometry": { "type": "LineString", "coordinates": [ [ 106.7037452, 10.7917894 ], [ 106.7037025, 10.7916295 ] ] } },
{ "type": "Feature", "properties": { "osmid": "35113888", "highway": "residential", "oneway": false, "reversed": "False", "length": 31.100787922525392, "lanes": null, "maxspeed": null, "name": "Hẻm D Chung Cư Nguyễn Ðình Chiểu", "junction": null, "access": null, "bridge": null, "relation_id": "19260504" }, "geometry": { "type": "LineString", "coordinates": [ [ 106.7037452, 10.7917894 ], [ 106.703808, 10.7917756 ], [ 106.7039185, 10.7917514 ], [ 106.7040231, 10.7917285 ] ] } },
{ "type": "Feature", "properties": { "osmid": "35113888", "highway": "residential", "oneway": false, "reversed": "True", "length": 45.596515850111636, "lanes": null, "maxspeed": null, "name": "Hẻm D Chung Cư Nguyễn Ðình Chiểu", "junction": null, "access": null, "bridge": null, "relation_id": "19260504" }, "geometry": { "type": "LineString", "coordinates": [ [ 106.7037452, 10.7917894 ], [ 106.7036433, 10.7918118 ], [ 106.7035771, 10.7918263 ], [ 106.7033378, 10.7918788 ] ] } },
{ "type": "Feature", "properties": { "osmid": "35114316", "highway": "residential", "oneway": false, "reversed": "False", "length": 48.807790728061924, "lanes": null, "maxspeed": null, "name": "Hẻm B Chung Cư Nguyễn Ðình Chiểu", "junction": null, "access": null, "bridge": null, "relation_id": "19260504" }, "geometry": { "type": "LineString", "coordinates": [ [ 106.7037025, 10.7916295 ], [ 106.7032629, 10.7917082 ] ] } },
{ "type": "Feature", "properties": { "osmid": "35114316", "highway": "residential", "oneway": false, "reversed": "True", "length": 30.999264730740578, "lanes": null, "maxspeed": null, "name": "Hẻm B Chung Cư Nguyễn Ðình Chiểu", "junction": null, "access": null, "bridge": null, "relation_id": "19260504" }, "geometry": { "type": "LineString", "coordinates": [ [ 106.7037025, 10.7916295 ], [ 106.7039817, 10.7915795 ] ] } },
{ "type": "Feature", "properties": { "osmid": "1333423009", "highway": "residential", "oneway": false, "reversed": "True", "length": 18.381653259656606, "lanes": null, "maxspeed": null, "name": null, "junction": null, "access": null, "bridge": null, "relation_id": "19260504" }, "geometry": { "type": "LineString", "coordinates": [ [ 106.7037025, 10.7916295 ], [ 106.7037452, 10.7917894 ] ] } },
{ "type": "Feature", "properties": { "osmid": "1333423010", "highway": "residential", "oneway": false, "reversed": "False", "length": 17.174105600871133, "lanes": null, "maxspeed": null, "name": null, "junction": null, "access": null, "bridge": null, "relation_id": "19260504" }, "geometry": { "type": "LineString", "coordinates": [ [ 106.7040231, 10.7917285 ], [ 106.7039817, 10.7915795 ] ] } },
{ "type": "Feature", "properties": { "osmid": "35113888", "highway": "residential", "oneway": false, "reversed": "False", "length": 46.605918687442475, "lanes": null, "maxspeed": null, "name": "Hẻm D Chung Cư Nguyễn Ðình Chiểu", "junction": null, "access": null, "bridge": null, "relation_id": "19260504" }, "geometry": { "type": "LineString", "coordinates": [ [ 106.7040231, 10.7917285 ], [ 106.7040771, 10.7917166 ], [ 106.7041641, 10.7916975 ], [ 106.7044385, 10.7916328 ] ] } },
{ "type": "Feature", "properties": { "osmid": "35113888", "highway": "residential", "oneway": false, "reversed": "True", "length": 31.100787922525395, "lanes": null, "maxspeed": null, "name": "Hẻm D Chung Cư Nguyễn Ðình Chiểu", "junction": null, "access": null, "bridge": null, "relation_id": "19260504" }, "geometry": { "type": "LineString", "coordinates": [ [ 106.7040231, 10.7917285 ], [ 106.7039185, 10.7917514 ], [ 106.703808, 10.7917756 ], [ 106.7037452, 10.7917894 ] ] } },
{ "type": "Feature", "properties": { "osmid": "35114316", "highway": "residential", "oneway": false, "reversed": "False", "length": 30.999264730740578, "lanes": null, "maxspeed": null, "name": "Hẻm B Chung Cư Nguyễn Ðình Chiểu", "junction": null, "access": null, "bridge": null, "relation_id": "19260504" }, "geometry": { "type": "LineString", "coordinates": [ [ 106.7039817, 10.7915795 ], [ 106.7037025, 10.7916295 ] ] } },
{ "type": "Feature", "properties": { "osmid": "35114316", "highway": "residential", "oneway": false, "reversed": "True", "length": 37.006165403212322, "lanes": null, "maxspeed": null, "name": "Hẻm B Chung Cư Nguyễn Ðình Chiểu", "junction": null, "access": null, "bridge": null, "relation_id": "19260504" }, "geometry": { "type": "LineString", "coordinates": [ [ 106.7039817, 10.7915795 ], [ 106.704315, 10.7915198 ] ] } },
{ "type": "Feature", "properties": { "osmid": "1333423010", "highway": "residential", "oneway": false, "reversed": "True", "length": 17.174105600871133, "lanes": null, "maxspeed": null, "name": null, "junction": null, "access": null, "bridge": null, "relation_id": "19260504" }, "geometry": { "type": "LineString", "coordinates": [ [ 106.7039817, 10.7915795 ], [ 106.7040231, 10.7917285 ] ] } },
{ "type": "Feature", "properties": { "osmid": "1344951679", "highway": "secondary", "oneway": false, "reversed": "True", "length": 8.1439027478636721, "lanes": null, "maxspeed": null, "name": "Đường Lê Duẩn", "junction": null, "access": null, "bridge": null, "relation_id": "19260504" }, "geometry": { "type": "LineString", "coordinates": [ [ 106.7008622, 10.7827922 ], [ 106.7008098, 10.7828443 ] ] } },
{ "type": "Feature", "properties": { "osmid": "749983355", "highway": "secondary", "oneway": true, "reversed": "False", "length": 55.446034205767873, "lanes": "3", "maxspeed": "50", "name": "Lê Duẩn", "junction": null, "access": null, "bridge": null, "relation_id": "19260504" }, "geometry": { "type": "LineString", "coordinates": [ [ 106.7008622, 10.7827922 ], [ 106.7009584, 10.7828957 ], [ 106.7012045, 10.7831604 ] ] } },
{ "type": "Feature", "properties": { "osmid": "1182181721", "highway": "secondary", "oneway": true, "reversed": "False", "length": 8.5234546902521267, "lanes": "3", "maxspeed": "50", "name": "Lê Duẩn", "junction": null, "access": null, "bridge": null, "relation_id": "19260504" }, "geometry": { "type": "LineString", "coordinates": [ [ 106.7008098, 10.7828443 ], [ 106.7007563, 10.7827885 ] ] } },
{ "type": "Feature", "properties": { "osmid": "1344951679", "highway": "secondary", "oneway": false, "reversed": "False", "length": 8.1439027478636721, "lanes": null, "maxspeed": null, "name": "Đường Lê Duẩn", "junction": null, "access": null, "bridge": null, "relation_id": "19260504" }, "geometry": { "type": "LineString", "coordinates": [ [ 106.7008098, 10.7828443 ], [ 106.7008622, 10.7827922 ] ] } },
{ "type": "Feature", "properties": { "osmid": "1374006569", "highway": "secondary", "oneway": false, "reversed": "False", "length": 3.2320954758524465, "lanes": null, "maxspeed": null, "name": "Lê Duẩn", "junction": null, "access": null, "bridge": null, "relation_id": "19260504" }, "geometry": { "type": "LineString", "coordinates": [ [ 106.6985561, 10.7803752 ], [ 106.6985363, 10.7803536 ] ] } },
{ "type": "Feature", "properties": { "osmid": "747226799", "highway": "secondary", "oneway": true, "reversed": "False", "length": 45.386951841657279, "lanes": "3", "maxspeed": null, "name": "Lê Duẩn", "junction": null, "access": null, "bridge": null, "relation_id": "19260504" }, "geometry": { "type": "LineString", "coordinates": [ [ 106.6985561, 10.7803752 ], [ 106.6986189, 10.7803886 ], [ 106.6988612, 10.7806384 ] ] } },
{ "type": "Feature", "properties": { "osmid": "747226799", "highway": "secondary", "oneway": true, "reversed": "False", "length": 32.944146916606933, "lanes": "3", "maxspeed": null, "name": "Lê Duẩn", "junction": null, "access": null, "bridge": null, "relation_id": "19260504" }, "geometry": { "type": "LineString", "coordinates": [ [ 106.6988612, 10.7806384 ], [ 106.6989702, 10.7807495 ], [ 106.6990668, 10.7808551 ] ] } },
{ "type": "Feature", "properties": { "osmid": [ 1391781905, 1268643579 ], "highway": "primary", "oneway": false, "reversed": "False", "length": 94.538785524690439, "lanes": "4", "maxspeed": "50", "name": "Nguyễn Thị Minh Khai", "junction": null, "access": null, "bridge": null, "relation_id": "19260504" }, "geometry": { "type": "LineString", "coordinates": [ [ 106.6990912, 10.7839445 ], [ 106.6991203, 10.7839759 ], [ 106.6996774, 10.78457 ] ] } },
{ "type": "Feature", "properties": { "osmid": "1390471276", "highway": "primary", "oneway": true, "reversed": "False", "length": 42.282599013019109, "lanes": "2", "maxspeed": null, "name": "Nguyễn Thị Minh Khai", "junction": null, "access": null, "bridge": null, "relation_id": "19260504" }, "geometry": { "type": "LineString", "coordinates": [ [ 106.6990912, 10.7839445 ], [ 106.6990499, 10.7839415 ], [ 106.6989483, 10.7838376 ], [ 106.6988858, 10.783776 ], [ 106.6988477, 10.7837667 ], [ 106.6988124, 10.7837749 ], [ 106.6987827, 10.783793 ] ] } },
{ "type": "Feature", "properties": { "osmid": [ 1391882258, 35114262 ], "highway": "tertiary", "oneway": true, "reversed": "False", "length": 60.091032267999097, "lanes": "3", "maxspeed": "50", "name": "Công trường Công xã Paris", "junction": null, "access": null, "bridge": null, "relation_id": "19260504" }, "geometry": { "type": "LineString", "coordinates": [ [ 106.6984256, 10.7799834 ], [ 106.6984861, 10.7799273 ], [ 106.6985119, 10.7799033 ], [ 106.6988256, 10.7796124 ] ] } },
{ "type": "Feature", "properties": { "osmid": "803279638", "highway": "secondary", "oneway": false, "reversed": "False", "length": 132.81698491345324, "lanes": "6", "maxspeed": null, "name": "Lê Duẩn", "junction": null, "access": null, "bridge": null, "relation_id": "19260504" }, "geometry": { "type": "LineString", "coordinates": [ [ 106.698205, 10.7800142 ], [ 106.6981862, 10.7799943 ], [ 106.6973782, 10.7791384 ] ] } },
{ "type": "Feature", "properties": { "osmid": [ 1391882256, 803279638 ], "highway": "secondary", "oneway": false, "reversed": [ false, true ], "length": 37.782649157069514, "lanes": "6", "maxspeed": null, "name": "Lê Duẩn", "junction": null, "access": null, "bridge": null, "relation_id": "19260504" }, "geometry": { "type": "LineString", "coordinates": [ [ 106.698205, 10.7800142 ], [ 106.6982362, 10.7800473 ], [ 106.6982604, 10.7800719 ], [ 106.6984437, 10.7802601 ] ] } },
{ "type": "Feature", "properties": { "osmid": [ 1395935224, 1395935222 ], "highway": "tertiary", "oneway": true, "reversed": "False", "length": 25.972126453793514, "lanes": null, "maxspeed": "50", "name": [ "Công trường Công xã Paris", "Lê Duẩn" ], "junction": null, "access": null, "bridge": null, "relation_id": "19260504" }, "geometry": { "type": "LineString", "coordinates": [ [ 106.698205, 10.7800142 ], [ 106.6982345, 10.7800265 ], [ 106.6982657, 10.7800337 ], [ 106.6982976, 10.7800357 ], [ 106.6983295, 10.7800324 ], [ 106.6983646, 10.7800223 ], [ 106.698397, 10.7800057 ], [ 106.6984256, 10.7799834 ] ] } },
{ "type": "Feature", "properties": { "osmid": "293089873", "highway": "residential", "oneway": true, "reversed": "False", "length": 16.414428563782799, "lanes": "1", "maxspeed": null, "name": "Hồ Tùng Mậu", "junction": null, "access": null, "bridge": null, "relation_id": "19260504" }, "geometry": { "type": "LineString", "coordinates": [ [ 106.7043045, 10.7711125 ], [ 106.704267, 10.7710456 ], [ 106.704232, 10.7709832 ] ] } },
{ "type": "Feature", "properties": { "osmid": "1177488210", "highway": "residential", "oneway": true, "reversed": "False", "length": 19.489905219807397, "lanes": "2", "maxspeed": null, "name": "Hồ Tùng Mậu", "junction": null, "access": null, "bridge": null, "relation_id": "19260504" }, "geometry": { "type": "LineString", "coordinates": [ [ 106.7043045, 10.7711125 ], [ 106.7043535, 10.7710187 ], [ 106.7044088, 10.7709748 ] ] } },
{ "type": "Feature", "properties": { "osmid": "1526026018", "highway": "primary", "oneway": false, "reversed": "False", "length": 3.3142412668434109, "lanes": "4", "maxspeed": "50", "name": "Nguyễn Thị Minh Khai", "junction": null, "access": null, "bridge": null, "relation_id": "19260504" }, "geometry": { "type": "LineString", "coordinates": [ [ 106.7015969, 10.7865751 ], [ 106.7016177, 10.7865968 ] ] } },
{ "type": "Feature", "properties": { "osmid": "58800527", "highway": "primary", "oneway": false, "reversed": "True", "length": 114.77196040458554, "lanes": "4", "maxspeed": "50", "name": "Nguyễn Thị Minh Khai", "junction": null, "access": null, "bridge": null, "relation_id": "19260504" }, "geometry": { "type": "LineString", "coordinates": [ [ 106.7015969, 10.7865751 ], [ 106.7015027, 10.7864767 ], [ 106.7014831, 10.786457 ], [ 106.7010988, 10.7860708 ], [ 106.7008703, 10.7858296 ] ] } },
{ "type": "Feature", "properties": { "osmid": "1472910300", "highway": "primary", "oneway": true, "reversed": "False", "length": 51.398419440979723, "lanes": null, "maxspeed": null, "name": "Đinh Tiên Hoàng", "junction": null, "access": null, "bridge": null, "relation_id": "19260504" }, "geometry": { "type": "LineString", "coordinates": [ [ 106.7015969, 10.7865751 ], [ 106.7017145, 10.7864609 ], [ 106.7018885, 10.7862937 ], [ 106.701946, 10.7862715 ] ] } },
{ "type": "Feature", "properties": { "osmid": [ 1472910298, 1496844438 ], "highway": "primary", "oneway": true, "reversed": "False", "length": 51.17836071858234, "lanes": "4", "maxspeed": "50", "name": "Đinh Tiên Hoàng", "junction": null, "access": null, "bridge": null, "relation_id": "19260504" }, "geometry": { "type": "LineString", "coordinates": [ [ 106.701946, 10.7862715 ], [ 106.7019122, 10.7863265 ], [ 106.7017853, 10.7864485 ], [ 106.7017401, 10.7864878 ], [ 106.701715, 10.7865096 ], [ 106.7016177, 10.7865968 ] ] } },
{ "type": "Feature", "properties": { "osmid": "1040378572", "highway": "primary", "oneway": true, "reversed": "False", "length": 39.228870298054836, "lanes": "4", "maxspeed": "60", "name": "Tôn Đức Thắng", "junction": null, "access": null, "bridge": null, "relation_id": "19260504" }, "geometry": { "type": "LineString", "coordinates": [ [ 106.7074111, 10.7814915 ], [ 106.7071493, 10.781733 ] ] } },
{ "type": "Feature", "properties": { "osmid": "1473793601", "highway": "residential", "oneway": true, "reversed": "False", "length": 140.23166681281288, "lanes": null, "maxspeed": null, "name": null, "junction": null, "access": null, "bridge": null, "relation_id": "19260504" }, "geometry": { "type": "LineString", "coordinates": [ [ 106.7074111, 10.7814915 ], [ 106.7077299, 10.7818377 ], [ 106.7074742, 10.7820614 ], [ 106.7071493, 10.781733 ] ] } },
{ "type": "Feature", "properties": { "osmid": "1040378572", "highway": "primary", "oneway": true, "reversed": "False", "length": 105.12281902383627, "lanes": "4", "maxspeed": "60", "name": "Tôn Đức Thắng", "junction": null, "access": null, "bridge": null, "relation_id": "19260504" }, "geometry": { "type": "LineString", "coordinates": [ [ 106.7071493, 10.781733 ], [ 106.7067234, 10.7821258 ], [ 106.7064213, 10.7823493 ] ] } },
{ "type": "Feature", "properties": { "osmid": "221915358", "highway": "secondary", "oneway": true, "reversed": "False", "length": 108.98814167118401, "lanes": "2", "maxspeed": "60", "name": "Trần Quốc Toản", "junction": null, "access": null, "bridge": null, "relation_id": "19260546" }, "geometry": { "type": "LineString", "coordinates": [ [ 106.6883239, 10.7874184 ], [ 106.6877914, 10.7865895 ] ] } },
{ "type": "Feature", "properties": { "osmid": "1178029460", "highway": "residential", "oneway": false, "reversed": "False", "length": 123.72677623008822, "lanes": null, "maxspeed": null, "name": "Hẻm 72 Trần Quốc Toản", "junction": null, "access": null, "bridge": null, "relation_id": "19260546" }, "geometry": { "type": "LineString", "coordinates": [ [ 106.6883239, 10.7874184 ], [ 106.6872178, 10.7876582 ] ] } },
{ "type": "Feature", "properties": { "osmid": "818455176", "highway": "tertiary", "oneway": false, "reversed": "True", "length": 100.38648099348504, "lanes": "2", "maxspeed": "50", "name": "Trần Quốc Toản", "junction": null, "access": null, "bridge": null, "relation_id": "19260546" }, "geometry": { "type": "LineString", "coordinates": [ [ 106.6883239, 10.7874184 ], [ 106.688561, 10.7878437 ], [ 106.6887654, 10.7882102 ] ] } },
{ "type": "Feature", "properties": { "osmid": "35113362", "highway": "residential", "oneway": false, "reversed": "False", "length": 176.94213682021802, "lanes": "2", "maxspeed": null, "name": "Sư Thiện Chiếu", "junction": null, "access": null, "bridge": null, "relation_id": "19260546" }, "geometry": { "type": "LineString", "coordinates": [ [ 106.6865528, 10.778537 ], [ 106.6853982, 10.7774209 ] ] } },
{ "type": "Feature", "properties": { "osmid": "327048054", "highway": "tertiary", "oneway": true, "reversed": "False", "length": 103.54679537911446, "lanes": "2", "maxspeed": "60", "name": "Bà Huyện Thanh Quan", "junction": null, "access": null, "bridge": null, "relation_id": "19260546" }, "geometry": { "type": "LineString", "coordinates": [ [ 106.6865528, 10.778537 ], [ 106.686923, 10.7781952 ], [ 106.6869755, 10.7781468 ], [ 106.6872434, 10.7778991 ] ] } },
{ "type": "Feature", "properties": { "osmid": "408246393", "highway": "primary", "oneway": true, "reversed": "False", "length": 83.94239365401873, "lanes": "3", "maxspeed": "60", "name": "Điện Biên Phủ", "junction": null, "access": null, "bridge": null, "relation_id": "19260546" }, "geometry": { "type": "LineString", "coordinates": [ [ 106.6860728, 10.7789815 ], [ 106.6866254, 10.7795061 ] ] } },
{ "type": "Feature", "properties": { "osmid": "327048054", "highway": "tertiary", "oneway": true, "reversed": "False", "length": 72.056079356061318, "lanes": "2", "maxspeed": "60", "name": "Bà Huyện Thanh Quan", "junction": null, "access": null, "bridge": null, "relation_id": "19260546" }, "geometry": { "type": "LineString", "coordinates": [ [ 106.6860728, 10.7789815 ], [ 106.6862869, 10.7787824 ], [ 106.6865528, 10.778537 ] ] } },
{ "type": "Feature", "properties": { "osmid": "225372720", "highway": "primary", "oneway": false, "reversed": "False", "length": 9.9721962926573173, "lanes": "2", "maxspeed": null, "name": "Hai Bà Trưng", "junction": null, "access": null, "bridge": null, "relation_id": "19260546" }, "geometry": { "type": "LineString", "coordinates": [ [ 106.6884139, 10.7907006 ], [ 106.688343, 10.7907571 ] ] } },
{ "type": "Feature", "properties": { "osmid": "225372720", "highway": "primary", "oneway": false, "reversed": "True", "length": 95.405508883858758, "lanes": "2", "maxspeed": null, "name": "Hai Bà Trưng", "junction": null, "access": null, "bridge": null, "relation_id": "19260546" }, "geometry": { "type": "LineString", "coordinates": [ [ 106.6884139, 10.7907006 ], [ 106.688612, 10.7905401 ], [ 106.6887356, 10.7904368 ], [ 106.6887827, 10.7904003 ], [ 106.6888955, 10.7903128 ], [ 106.6890874, 10.7901544 ] ] } },
{ "type": "Feature", "properties": { "osmid": "928038825", "highway": "secondary", "oneway": true, "reversed": "False", "length": 133.6974570420843, "lanes": "3", "maxspeed": null, "name": "Võ Văn Tần", "junction": null, "access": null, "bridge": null, "relation_id": "19260546" }, "geometry": { "type": "LineString", "coordinates": [ [ 106.695672, 10.7823428 ], [ 106.6956008, 10.7822664 ], [ 106.6952534, 10.7819045 ], [ 106.6948334, 10.781467 ] ] } },
{ "type": "Feature", "properties": { "osmid": "1267462155", "highway": "secondary", "oneway": true, "reversed": "False", "length": 69.32889638082915, "lanes": "3", "maxspeed": null, "name": "Công trường Quốc tế", "junction": "roundabout", "access": null, "bridge": null, "relation_id": "19260546" }, "geometry": { "type": "LineString", "coordinates": [ [ 106.695672, 10.7823428 ], [ 106.6957221, 10.7823044 ], [ 106.6957775, 10.7822742 ], [ 106.6958372, 10.7822528 ], [ 106.6958994, 10.7822407 ], [ 106.6959623, 10.7822384 ], [ 106.6960259, 10.7822458 ], [ 106.696087, 10.7822627 ], [ 106.6961446, 10.7822888 ], [ 106.6961974, 10.7823233 ], [ 106.6962441, 10.7823656 ] ] } },
{ "type": "Feature", "properties": { "osmid": "1163556238", "highway": "primary", "oneway": false, "reversed": "False", "length": 49.191786343708443, "lanes": "2", "maxspeed": null, "name": "Hai Bà Trưng", "junction": null, "access": null, "bridge": null, "relation_id": "19260546" }, "geometry": { "type": "LineString", "coordinates": [ [ 106.6911219, 10.7885505 ], [ 106.6910611, 10.788596 ], [ 106.6907681, 10.7888242 ] ] } },
{ "type": "Feature", "properties": { "osmid": "1464602838", "highway": "primary", "oneway": true, "reversed": "False", "length": 116.78148928855542, "lanes": "2", "maxspeed": null, "name": "Hai Bà Trưng", "junction": null, "access": null, "bridge": null, "relation_id": "19260546" }, "geometry": { "type": "LineString", "coordinates": [ [ 106.6911219, 10.7885505 ], [ 106.691143, 10.7885105 ], [ 106.6916153, 10.7881161 ], [ 106.6917986, 10.7879696 ], [ 106.691878, 10.787906 ], [ 106.6918985, 10.7878896 ], [ 106.6919281, 10.7878659 ] ] } },
{ "type": "Feature", "properties": { "osmid": "35113201", "highway": "residential", "oneway": false, "reversed": "False", "length": 81.072614824780459, "lanes": null, "maxspeed": null, "name": "Hẻm 46 Võ Văn Tần", "junction": null, "access": null, "bridge": null, "relation_id": "19260546" }, "geometry": { "type": "LineString", "coordinates": [ [ 106.690781, 10.778205 ], [ 106.6913317, 10.7777162 ] ] } },
{ "type": "Feature", "properties": { "osmid": "35113201", "highway": "residential", "oneway": false, "reversed": "True", "length": 81.072614824780459, "lanes": null, "maxspeed": null, "name": "Hẻm 46 Võ Văn Tần", "junction": null, "access": null, "bridge": null, "relation_id": "19260546" }, "geometry": { "type": "LineString", "coordinates": [ [ 106.6913317, 10.7777162 ], [ 106.690781, 10.778205 ] ] } },
{ "type": "Feature", "properties": { "osmid": "35114207", "highway": "secondary", "oneway": true, "reversed": "False", "length": 116.37249034567785, "lanes": "3", "maxspeed": null, "name": "Võ Văn Tần", "junction": null, "access": null, "bridge": null, "relation_id": "19260546" }, "geometry": { "type": "LineString", "coordinates": [ [ 106.6913317, 10.7777162 ], [ 106.6907499, 10.7770814 ], [ 106.6906189, 10.7769384 ] ] } },
{ "type": "Feature", "properties": { "osmid": "747226804", "highway": "tertiary", "oneway": false, "reversed": "True", "length": 27.763692348703572, "lanes": "2", "maxspeed": null, "name": "Phạm Ngọc Thạch", "junction": null, "access": null, "bridge": null, "relation_id": "19260546" }, "geometry": { "type": "LineString", "coordinates": [ [ 106.6940453, 10.7843752 ], [ 106.6942307, 10.7842044 ] ] } },
{ "type": "Feature", "properties": { "osmid": [ 35113594, 1087393245 ], "highway": "residential", "oneway": false, "reversed": [ false, true ], "length": 111.85150491837936, "lanes": null, "maxspeed": null, "name": "Hẻm 24 Phạm Ngọc Thạch", "junction": null, "access": null, "bridge": null, "relation_id": "19260546" }, "geometry": { "type": "LineString", "coordinates": [ [ 106.6940453, 10.7843752 ], [ 106.6943163, 10.7846503 ], [ 106.694495, 10.7844743 ], [ 106.6942307, 10.7842044 ] ] } },
{ "type": "Feature", "properties": { "osmid": "747226804", "highway": "tertiary", "oneway": false, "reversed": "False", "length": 188.141753659036, "lanes": "2", "maxspeed": null, "name": "Phạm Ngọc Thạch", "junction": null, "access": null, "bridge": null, "relation_id": "19260546" }, "geometry": { "type": "LineString", "coordinates": [ [ 106.6940453, 10.7843752 ], [ 106.6938649, 10.7845414 ], [ 106.693721, 10.7846739 ], [ 106.6935643, 10.7848182 ], [ 106.6934757, 10.7848999 ], [ 106.6933047, 10.7850573 ], [ 106.6927888, 10.7855325 ] ] } },
{ "type": "Feature", "properties": { "osmid": "35112983", "highway": "residential", "oneway": false, "reversed": "False", "length": 46.533177319599844, "lanes": null, "maxspeed": null, "name": "Hẻm 206 Nam Kỳ Khởi Nghĩa", "junction": null, "access": null, "bridge": null, "relation_id": "19260546" }, "geometry": { "type": "LineString", "coordinates": [ [ 106.6919092, 10.782993 ], [ 106.6916277, 10.7826789 ] ] } },
{ "type": "Feature", "properties": { "osmid": "35113249", "highway": "residential", "oneway": false, "reversed": "True", "length": 62.109294043459755, "lanes": null, "maxspeed": null, "name": null, "junction": null, "access": null, "bridge": null, "relation_id": "19260546" }, "geometry": { "type": "LineString", "coordinates": [ [ 106.6923323, 10.783741 ], [ 106.6919548, 10.7833233 ] ] } },
{ "type": "Feature", "properties": { "osmid": "747226805", "highway": "secondary", "oneway": true, "reversed": "False", "length": 100.85734900938073, "lanes": "2", "maxspeed": "60", "name": "Pasteur", "junction": null, "access": null, "bridge": null, "relation_id": "19260546" }, "geometry": { "type": "LineString", "coordinates": [ [ 106.6923323, 10.783741 ], [ 106.6916574, 10.78436 ] ] } },
{ "type": "Feature", "properties": { "osmid": "35113249", "highway": "residential", "oneway": false, "reversed": "False", "length": 62.109294043459755, "lanes": null, "maxspeed": null, "name": null, "junction": null, "access": null, "bridge": null, "relation_id": "19260546" }, "geometry": { "type": "LineString", "coordinates": [ [ 106.6919548, 10.7833233 ], [ 106.6923323, 10.783741 ] ] } },
{ "type": "Feature", "properties": { "osmid": "35115376", "highway": "residential", "oneway": false, "reversed": "True", "length": 54.162712988453215, "lanes": null, "maxspeed": null, "name": null, "junction": null, "access": null, "bridge": null, "relation_id": "19260546" }, "geometry": { "type": "LineString", "coordinates": [ [ 106.691294, 10.7829847 ], [ 106.6916398, 10.7833338 ] ] } },
{ "type": "Feature", "properties": { "osmid": "193616433", "highway": "secondary", "oneway": true, "reversed": "False", "length": 49.848609679077306, "lanes": "3", "maxspeed": null, "name": "Nam Kỳ Khởi Nghĩa", "junction": null, "access": null, "bridge": null, "relation_id": "19260546" }, "geometry": { "type": "LineString", "coordinates": [ [ 106.691294, 10.7829847 ], [ 106.6916277, 10.7826789 ] ] } },
{ "type": "Feature", "properties": { "osmid": "35115376", "highway": "residential", "oneway": false, "reversed": "False", "length": 54.162712988453215, "lanes": null, "maxspeed": null, "name": null, "junction": null, "access": null, "bridge": null, "relation_id": "19260546" }, "geometry": { "type": "LineString", "coordinates": [ [ 106.6916398, 10.7833338 ], [ 106.691294, 10.7829847 ] ] } },
{ "type": "Feature", "properties": { "osmid": "694973742", "highway": "tertiary", "oneway": false, "reversed": "True", "length": 76.311538770815162, "lanes": "2", "maxspeed": null, "name": "Trần Quốc Thảo", "junction": null, "access": null, "bridge": null, "relation_id": "19260546" }, "geometry": { "type": "LineString", "coordinates": [ [ 106.6895501, 10.7802238 ], [ 106.6890494, 10.7807024 ] ] } },
{ "type": "Feature", "properties": { "osmid": "35113721", "highway": "tertiary", "oneway": false, "reversed": "False", "length": 91.722304526246347, "lanes": "2", "maxspeed": null, "name": "Ngô Thời Nhiệm", "junction": null, "access": null, "bridge": null, "relation_id": "19260546" }, "geometry": { "type": "LineString", "coordinates": [ [ 106.6895501, 10.7802238 ], [ 106.6891132, 10.7797834 ], [ 106.688964, 10.7796331 ] ] } },
{ "type": "Feature", "properties": { "osmid": "35113721", "highway": "tertiary", "oneway": false, "reversed": "True", "length": 185.05743775448246, "lanes": "2", "maxspeed": null, "name": "Ngô Thời Nhiệm", "junction": null, "access": null, "bridge": null, "relation_id": "19260546" }, "geometry": { "type": "LineString", "coordinates": [ [ 106.6895501, 10.7802238 ], [ 106.6901282, 10.7808064 ], [ 106.690321, 10.7810007 ], [ 106.6904208, 10.7811013 ], [ 106.6907327, 10.7814155 ] ] } },
{ "type": "Feature", "properties": { "osmid": "694973742", "highway": "tertiary", "oneway": false, "reversed": "False", "length": 176.15697795640438, "lanes": "2", "maxspeed": null, "name": "Trần Quốc Thảo", "junction": null, "access": null, "bridge": null, "relation_id": "19260546" }, "geometry": { "type": "LineString", "coordinates": [ [ 106.6895501, 10.7802238 ], [ 106.6899848, 10.7798282 ], [ 106.6907264, 10.7791401 ] ] } },
{ "type": "Feature", "properties": { "osmid": "1056903938", "highway": "residential", "oneway": false, "reversed": "False", "length": 56.809414736301342, "lanes": null, "maxspeed": null, "name": "Hẻm 206 Đường Pasteur", "junction": null, "access": null, "bridge": null, "relation_id": "19260546" }, "geometry": { "type": "LineString", "coordinates": [ [ 106.693367, 10.783497 ], [ 106.693016, 10.78312 ] ] } },
{ "type": "Feature", "properties": { "osmid": "1056903938", "highway": "residential", "oneway": false, "reversed": "True", "length": 56.809414736301342, "lanes": null, "maxspeed": null, "name": "Hẻm 206 Đường Pasteur", "junction": null, "access": null, "bridge": null, "relation_id": "19260546" }, "geometry": { "type": "LineString", "coordinates": [ [ 106.693016, 10.78312 ], [ 106.693367, 10.783497 ] ] } },
{ "type": "Feature", "properties": { "osmid": "747226805", "highway": "secondary", "oneway": true, "reversed": "False", "length": 101.71944580717189, "lanes": "2", "maxspeed": "60", "name": "Pasteur", "junction": null, "access": null, "bridge": null, "relation_id": "19260546" }, "geometry": { "type": "LineString", "coordinates": [ [ 106.693016, 10.78312 ], [ 106.6926717, 10.7834385 ], [ 106.6925834, 10.7835148 ], [ 106.6923323, 10.783741 ] ] } },
{ "type": "Feature", "properties": { "osmid": "1207356589", "highway": "residential", "oneway": false, "reversed": "False", "length": 49.741232926866822, "lanes": null, "maxspeed": null, "name": null, "junction": null, "access": null, "bridge": null, "relation_id": "19260546" }, "geometry": { "type": "LineString", "coordinates": [ [ 106.687907, 10.7761492 ], [ 106.6882419, 10.7758461 ] ] } },
{ "type": "Feature", "properties": { "osmid": "327048052", "highway": "secondary", "oneway": true, "reversed": "False", "length": 168.69376013605432, "lanes": "3", "maxspeed": "50", "name": "Nguyễn Đình Chiểu", "junction": null, "access": null, "bridge": null, "relation_id": "19260546" }, "geometry": { "type": "LineString", "coordinates": [ [ 106.687907, 10.7761492 ], [ 106.6869472, 10.775145 ], [ 106.6868508, 10.7750424 ] ] } },
{ "type": "Feature", "properties": { "osmid": "35113886", "highway": "residential", "oneway": false, "reversed": "False", "length": 48.090928106793001, "lanes": null, "maxspeed": null, "name": "Hẻm 61 Đường Tú Xương", "junction": null, "access": null, "bridge": null, "relation_id": "19260546" }, "geometry": { "type": "LineString", "coordinates": [ [ 106.6831766, 10.7776034 ], [ 106.683537, 10.777355 ] ] } },
{ "type": "Feature", "properties": { "osmid": "1180975824", "highway": "tertiary", "oneway": false, "reversed": "True", "length": 32.627613129110529, "lanes": "2", "maxspeed": null, "name": "Tú Xương", "junction": null, "access": null, "bridge": null, "relation_id": "19260546" }, "geometry": { "type": "LineString", "coordinates": [ [ 106.6831766, 10.7776034 ], [ 106.6833882, 10.7778105 ] ] } },
{ "type": "Feature", "properties": { "osmid": "1180975824", "highway": "tertiary", "oneway": false, "reversed": "False", "length": 62.660291959229269, "lanes": "2", "maxspeed": null, "name": "Tú Xương", "junction": null, "access": null, "bridge": null, "relation_id": "19260546" }, "geometry": { "type": "LineString", "coordinates": [ [ 106.6831766, 10.7776034 ], [ 106.6828574, 10.7772911 ], [ 106.6827702, 10.7772057 ] ] } },
{ "type": "Feature", "properties": { "osmid": "408246393", "highway": "primary", "oneway": true, "reversed": "False", "length": 48.486050096558948, "lanes": "3", "maxspeed": "60", "name": "Điện Biên Phủ", "junction": null, "access": null, "bridge": null, "relation_id": "19260546" }, "geometry": { "type": "LineString", "coordinates": [ [ 106.6838744, 10.7768944 ], [ 106.6841936, 10.7771974 ] ] } },
{ "type": "Feature", "properties": { "osmid": "214527211", "highway": "secondary", "oneway": false, "reversed": "False", "length": 48.966720898303841, "lanes": "2", "maxspeed": null, "name": "Trần Quốc Thảo", "junction": null, "access": null, "bridge": null, "relation_id": "19260546" }, "geometry": { "type": "LineString", "coordinates": [ [ 106.6863082, 10.7831971 ], [ 106.685973, 10.7834895 ] ] } },
{ "type": "Feature", "properties": { "osmid": "1177457984", "highway": "secondary", "oneway": false, "reversed": "True", "length": 46.574852868458997, "lanes": "2", "maxspeed": null, "name": "Trần Quốc Thảo", "junction": null, "access": null, "bridge": null, "relation_id": "19260546" }, "geometry": { "type": "LineString", "coordinates": [ [ 106.6863082, 10.7831971 ], [ 106.6866217, 10.7829132 ] ] } },
{ "type": "Feature", "properties": { "osmid": "35112848", "highway": "residential", "oneway": false, "reversed": "True", "length": 247.79877370314537, "lanes": "2", "maxspeed": null, "name": "Trương Quyền", "junction": null, "access": null, "bridge": null, "relation_id": "19260546" }, "geometry": { "type": "LineString", "coordinates": [ [ 106.6915611, 10.7874943 ], [ 106.6918243, 10.7872652 ], [ 106.6922393, 10.7869314 ], [ 106.6924381, 10.7867721 ], [ 106.6927701, 10.7865001 ], [ 106.6930823, 10.7862411 ], [ 106.6933006, 10.7860641 ] ] } },
{ "type": "Feature", "properties": { "osmid": "1529514889", "highway": "primary", "oneway": true, "reversed": "False", "length": 67.414767646428601, "lanes": "3", "maxspeed": null, "name": "Võ Thị Sáu", "junction": null, "access": null, "bridge": null, "relation_id": "19260546" }, "geometry": { "type": "LineString", "coordinates": [ [ 106.6915611, 10.7874943 ], [ 106.6912152, 10.7871442 ], [ 106.6911313, 10.7870592 ] ] } },
{ "type": "Feature", "properties": { "osmid": "554450141", "highway": "tertiary", "oneway": true, "reversed": "False", "length": 36.238876126309457, "lanes": null, "maxspeed": null, "name": "Trần Quốc Toản", "junction": null, "access": null, "bridge": null, "relation_id": "19260546" }, "geometry": { "type": "LineString", "coordinates": [ [ 106.6866075, 10.7833377 ], [ 106.6863082, 10.7831971 ] ] } },
{ "type": "Feature", "properties": { "osmid": "220216411", "highway": "tertiary", "oneway": false, "reversed": "False", "length": 359.40921969336716, "lanes": "2", "maxspeed": null, "name": "Trần Quốc Toản", "junction": null, "access": null, "bridge": null, "relation_id": "19260546" }, "geometry": { "type": "LineString", "coordinates": [ [ 106.6866075, 10.7833377 ], [ 106.6866019, 10.7835047 ], [ 106.6865869, 10.7839532 ], [ 106.6865661, 10.784578 ], [ 106.6866855, 10.7847744 ], [ 106.6867827, 10.7849342 ], [ 106.6868287, 10.7850098 ], [ 106.6869538, 10.7852155 ], [ 106.6872444, 10.7856932 ], [ 106.6876058, 10.7862874 ] ] } },
{ "type": "Feature", "properties": { "osmid": "225372720", "highway": "primary", "oneway": false, "reversed": "False", "length": 31.81944855367631, "lanes": "2", "maxspeed": null, "name": "Hai Bà Trưng", "junction": null, "access": null, "bridge": null, "relation_id": "19260546" }, "geometry": { "type": "LineString", "coordinates": [ [ 106.6893182, 10.7899798 ], [ 106.6890874, 10.7901544 ] ] } },
{ "type": "Feature", "properties": { "osmid": [ 225372720, 1431332946 ], "highway": "primary", "oneway": false, "reversed": "True", "length": 34.50346662746373, "lanes": "2", "maxspeed": null, "name": "Hai Bà Trưng", "junction": null, "access": null, "bridge": null, "relation_id": "19260546" }, "geometry": { "type": "LineString", "coordinates": [ [ 106.6893182, 10.7899798 ], [ 106.6894744, 10.7898551 ], [ 106.6895131, 10.7898241 ], [ 106.6895635, 10.7897843 ] ] } },
{ "type": "Feature", "properties": { "osmid": "971692799", "highway": "secondary", "oneway": true, "reversed": "False", "length": 69.331177157785845, "lanes": "3", "maxspeed": null, "name": "Công trường Quốc tế", "junction": "roundabout", "access": null, "bridge": null, "relation_id": "19260546" }, "geometry": { "type": "LineString", "coordinates": [ [ 106.6962441, 10.7823656 ], [ 106.6962836, 10.7824144 ], [ 106.6963148, 10.7824687 ], [ 106.696337, 10.7825271 ], [ 106.6963497, 10.7825882 ], [ 106.6963525, 10.7826505 ], [ 106.6963454, 10.7827125 ], [ 106.6963286, 10.7827726 ], [ 106.6963025, 10.7828294 ], [ 106.6962677, 10.7828815 ], [ 106.696225, 10.7829277 ] ] } },
{ "type": "Feature", "properties": { "osmid": "1162554504", "highway": "tertiary", "oneway": false, "reversed": "True", "length": 108.56379993960542, "lanes": "2", "maxspeed": null, "name": "Phạm Ngọc Thạch", "junction": null, "access": null, "bridge": null, "relation_id": "19260546" }, "geometry": { "type": "LineString", "coordinates": [ [ 106.6962441, 10.7823656 ], [ 106.6963214, 10.782295 ], [ 106.6964637, 10.7821649 ], [ 106.6969717, 10.7817005 ] ] } },
{ "type": "Feature", "properties": { "osmid": "1184372244", "highway": "tertiary", "oneway": false, "reversed": "False", "length": 156.67073750597908, "lanes": "2", "maxspeed": null, "name": "Lê Quý Đôn", "junction": null, "access": null, "bridge": null, "relation_id": "19260546" }, "geometry": { "type": "LineString", "coordinates": [ [ 106.6929296, 10.7793943 ], [ 106.6918829, 10.7803576 ] ] } },
{ "type": "Feature", "properties": { "osmid": "35114207", "highway": "secondary", "oneway": true, "reversed": "False", "length": 184.96541297467056, "lanes": "3", "maxspeed": null, "name": "Võ Văn Tần", "junction": null, "access": null, "bridge": null, "relation_id": "19260546" }, "geometry": { "type": "LineString", "coordinates": [ [ 106.6929296, 10.7793943 ], [ 106.6926671, 10.7791297 ], [ 106.6919514, 10.7783782 ], [ 106.6917672, 10.7781848 ] ] } },
{ "type": "Feature", "properties": { "osmid": "192035998", "highway": "tertiary", "oneway": false, "reversed": "True", "length": 177.48092454009955, "lanes": "2", "maxspeed": null, "name": "Hồ Xuân Hương", "junction": null, "access": null, "bridge": null, "relation_id": "19260546" }, "geometry": { "type": "LineString", "coordinates": [ [ 106.6869866, 10.7759463 ], [ 106.6880944, 10.7771139 ] ] } },
{ "type": "Feature", "properties": { "osmid": "1185423294", "highway": "tertiary", "oneway": false, "reversed": "False", "length": 97.806108597437955, "lanes": "2", "maxspeed": null, "name": "Hồ Xuân Hương", "junction": null, "access": null, "bridge": null, "relation_id": "19260546" }, "geometry": { "type": "LineString", "coordinates": [ [ 106.6869866, 10.7759463 ], [ 106.6863923, 10.7752884 ] ] } },
{ "type": "Feature", "properties": { "osmid": "700026885", "highway": "tertiary", "oneway": false, "reversed": "True", "length": 84.651349985353676, "lanes": null, "maxspeed": null, "name": "Nguyễn Thông", "junction": null, "access": null, "bridge": null, "relation_id": "19260546" }, "geometry": { "type": "LineString", "coordinates": [ [ 106.6869866, 10.7759463 ], [ 106.6866414, 10.7763241 ], [ 106.6865384, 10.7764232 ], [ 106.686457, 10.7765016 ] ] } },
{ "type": "Feature", "properties": { "osmid": "723823268", "highway": "primary", "oneway": false, "reversed": "True", "length": 104.03222925585203, "lanes": "4", "maxspeed": null, "name": "Cách Mạng Tháng Tám", "junction": null, "access": null, "bridge": null, "relation_id": "19260546" }, "geometry": { "type": "LineString", "coordinates": [ [ 106.6819378, 10.7776602 ], [ 106.682044, 10.7775987 ], [ 106.6820786, 10.77758 ], [ 106.6827295, 10.7772277 ], [ 106.6827702, 10.7772057 ] ] } },
{ "type": "Feature", "properties": { "osmid": "1265700916", "highway": "primary", "oneway": true, "reversed": "False", "length": 29.290999277927714, "lanes": "4", "maxspeed": null, "name": "Công trường Dân Chủ", "junction": "roundabout", "access": null, "bridge": null, "relation_id": "19260546" }, "geometry": { "type": "LineString", "coordinates": [ [ 106.6819378, 10.7776602 ], [ 106.681959, 10.7777024 ], [ 106.6819742, 10.7777488 ], [ 106.6819808, 10.7777998 ], [ 106.6819763, 10.7778585 ], [ 106.6819605, 10.7779137 ] ] } },
{ "type": "Feature", "properties": { "osmid": "35115167", "highway": "primary", "oneway": true, "reversed": "False", "length": 178.46340510004757, "lanes": "3", "maxspeed": null, "name": "Võ Thị Sáu", "junction": null, "access": null, "bridge": null, "relation_id": "19260546" }, "geometry": { "type": "LineString", "coordinates": [ [ 106.6911313, 10.7870592 ], [ 106.6909939, 10.7869201 ], [ 106.6908927, 10.7868177 ], [ 106.6907416, 10.7866647 ], [ 106.6906636, 10.7865858 ], [ 106.6905335, 10.7864541 ], [ 106.6899935, 10.7859074 ] ] } },
{ "type": "Feature", "properties": { "osmid": "1267462153", "highway": "tertiary", "oneway": false, "reversed": "True", "length": 248.18927487615076, "lanes": null, "maxspeed": null, "name": "Phạm Ngọc Thạch", "junction": null, "access": null, "bridge": null, "relation_id": "19260546" }, "geometry": { "type": "LineString", "coordinates": [ [ 106.6911313, 10.7870592 ], [ 106.6913724, 10.7868372 ], [ 106.6917524, 10.7864871 ], [ 106.6919888, 10.7862694 ], [ 106.6922095, 10.7860661 ], [ 106.6922892, 10.7859927 ], [ 106.6927888, 10.7855325 ] ] } },
{ "type": "Feature", "properties": { "osmid": "817500070", "highway": "tertiary", "oneway": false, "reversed": "False", "length": 934.88591391755108, "lanes": "2", "maxspeed": "50", "name": "Hoàng Sa", "junction": null, "access": null, "bridge": null, "relation_id": "19260546" }, "geometry": { "type": "LineString", "coordinates": [ [ 106.6816069, 10.7857931 ], [ 106.6817722, 10.7859697 ], [ 106.6818164, 10.7860103 ], [ 106.6818734, 10.7860531 ], [ 106.6819299, 10.7860894 ], [ 106.6821594, 10.7862102 ], [ 106.6822109, 10.7862364 ], [ 106.6822623, 10.7862605 ], [ 106.6823186, 10.7862846 ], [ 106.6823664, 10.7863044 ], [ 106.6824004, 10.7863179 ], [ 106.6824522, 10.7863375 ], [ 106.6825105, 10.7863571 ], [ 106.6825639, 10.7863741 ], [ 106.6831542, 10.7865291 ], [ 106.6832209, 10.7865464 ], [ 106.6833382, 10.7865733 ], [ 106.6834504, 10.7866105 ], [ 106.6835105, 10.7866342 ], [ 106.6835605, 10.7866632 ], [ 106.6836074, 10.7866965 ], [ 106.6836499, 10.7867371 ], [ 106.6836888, 10.7867863 ], [ 106.6837224, 10.7868366 ], [ 106.6837496, 10.786887 ], [ 106.6837769, 10.7869448 ], [ 106.6837983, 10.7869942 ], [ 106.6838141, 10.7870389 ], [ 106.6838267, 10.7870869 ], [ 106.6838361, 10.7871391 ], [ 106.6838504, 10.7874257 ], [ 106.6838619, 10.7875493 ], [ 106.6838668, 10.787652 ], [ 106.6838714, 10.7877538 ], [ 106.6838699, 10.7878273 ], [ 106.6838651, 10.7879161 ], [ 106.6838616, 10.7879705 ], [ 106.6838528, 10.7880259 ], [ 106.6838389, 10.7880855 ], [ 106.683826, 10.7881327 ], [ 106.6838088, 10.7881777 ], [ 106.6837836, 10.7882431 ], [ 106.6837519, 10.7883063 ], [ 106.6837413, 10.7883261 ], [ 106.6837189, 10.7883679 ], [ 106.683682, 10.7884262 ], [ 106.6836419, 10.7884791 ], [ 106.6835953, 10.7885329 ], [ 106.6835444, 10.7885887 ], [ 106.6834935, 10.7886371 ], [ 106.6834452, 10.7886794 ], [ 106.6833844, 10.7887232 ], [ 106.6833229, 10.788763 ], [ 106.6832571, 10.7888007 ], [ 106.6831811, 10.7888389 ], [ 106.6831094, 10.7888687 ], [ 106.6830145, 10.7888989 ], [ 106.6829507, 10.788914 ], [ 106.6828814, 10.7889239 ], [ 106.6828121, 10.788932 ], [ 106.6827396, 10.788936 ], [ 106.6822287, 10.78893 ], [ 106.6821144, 10.7889286 ], [ 106.6820501, 10.7889331 ], [ 106.6819943, 10.7889471 ], [ 106.6819457, 10.7889681 ], [ 106.6819051, 10.7889934 ], [ 106.6818775, 10.7890206 ], [ 106.6818698, 10.7890282 ], [ 106.6818414, 10.7890627 ], [ 106.6818162, 10.7891035 ], [ 106.6817927, 10.7891496 ], [ 106.6817778, 10.7891968 ], [ 106.6817642, 10.7892443 ], [ 106.6817531, 10.7892945 ], [ 106.6816467, 10.7898007 ], [ 106.6816268, 10.7899035 ], [ 106.6816201, 10.7899507 ], [ 106.6816146, 10.7900038 ], [ 106.6816145, 10.7900611 ], [ 106.6816204, 10.7901198 ], [ 106.6816292, 10.7901724 ], [ 106.6817449, 10.7908342 ], [ 106.6817549, 10.7908825 ], [ 106.6817702, 10.7909298 ], [ 106.6817927, 10.7909783 ], [ 106.6818163, 10.7910183 ], [ 106.6818445, 10.7910557 ], [ 106.6820415, 10.7912746 ] ] } },
{ "type": "Feature", "properties": { "osmid": "35113317", "highway": "residential", "oneway": false, "reversed": "False", "length": 94.630370885427766, "lanes": null, "maxspeed": null, "name": "Hẻm 384 Nam Kỳ Khởi Nghĩa", "junction": null, "access": null, "bridge": null, "relation_id": "19260546" }, "geometry": { "type": "LineString", "coordinates": [ [ 106.6825298, 10.7913978 ], [ 106.683321, 10.7917445 ] ] } },
{ "type": "Feature", "properties": { "osmid": "1459901965", "highway": "primary_link", "oneway": true, "reversed": "False", "length": 20.00052245243176, "lanes": "2", "maxspeed": "50", "name": "Nam Kỳ Khởi Nghĩa", "junction": null, "access": null, "bridge": null, "relation_id": "19260546" }, "geometry": { "type": "LineString", "coordinates": [ [ 106.6825298, 10.7913978 ], [ 106.682444, 10.7915567 ] ] } },
{ "type": "Feature", "properties": { "osmid": "35113280", "highway": "residential", "oneway": false, "reversed": "False", "length": 214.4548144326437, "lanes": null, "maxspeed": "50", "name": "Huỳnh Tịnh Của", "junction": null, "access": null, "bridge": null, "relation_id": "19260546" }, "geometry": { "type": "LineString", "coordinates": [ [ 106.6887654, 10.7882102 ], [ 106.6882083, 10.7886044 ], [ 106.6880148, 10.7887386 ], [ 106.687829, 10.788864 ], [ 106.687452, 10.789223 ], [ 106.6872327, 10.7894085 ] ] } },
{ "type": "Feature", "properties": { "osmid": "818455176", "highway": "tertiary", "oneway": false, "reversed": "False", "length": 100.38648099348504, "lanes": "2", "maxspeed": "50", "name": "Trần Quốc Toản", "junction": null, "access": null, "bridge": null, "relation_id": "19260546" }, "geometry": { "type": "LineString", "coordinates": [ [ 106.6887654, 10.7882102 ], [ 106.688561, 10.7878437 ], [ 106.6883239, 10.7874184 ] ] } },
{ "type": "Feature", "properties": { "osmid": [ 35112843, 1268111174 ], "highway": "tertiary", "oneway": false, "reversed": "True", "length": 195.88059749346939, "lanes": "2", "maxspeed": "50", "name": "Trần Quốc Toản", "junction": null, "access": null, "bridge": null, "relation_id": "19260546" }, "geometry": { "type": "LineString", "coordinates": [ [ 106.6887654, 10.7882102 ], [ 106.6889127, 10.7885407 ], [ 106.6890781, 10.7889095 ], [ 106.689287, 10.7893414 ], [ 106.6893961, 10.7895228 ], [ 106.6895213, 10.789722 ], [ 106.6895635, 10.7897843 ] ] } },
{ "type": "Feature", "properties": { "osmid": "35113217", "highway": "residential", "oneway": false, "reversed": "True", "length": 257.82868448318646, "lanes": null, "maxspeed": null, "name": "Hẻm 235 Nam Kỳ Khởi Nghĩa", "junction": null, "access": null, "bridge": null, "relation_id": "19260546" }, "geometry": { "type": "LineString", "coordinates": [ [ 106.6826419, 10.7898736 ], [ 106.6828189, 10.7897556 ], [ 106.6829798, 10.7896401 ], [ 106.6830121, 10.7896182 ], [ 106.683161, 10.789517 ], [ 106.6833938, 10.7893744 ], [ 106.6834607, 10.7893389 ], [ 106.683617, 10.789256 ], [ 106.6837867, 10.7891659 ], [ 106.6841616, 10.7889714 ], [ 106.6844681, 10.7888572 ], [ 106.6846248, 10.7888936 ], [ 106.6846801, 10.7889673 ] ] } },
{ "type": "Feature", "properties": { "osmid": "35114284", "highway": "residential", "oneway": false, "reversed": "True", "length": 105.00451905472815, "lanes": null, "maxspeed": null, "name": "Hẻm 139 Lý Chính Thắng", "junction": null, "access": null, "bridge": null, "relation_id": "19260546" }, "geometry": { "type": "LineString", "coordinates": [ [ 106.685571, 10.7861229 ], [ 106.6846106, 10.786164 ] ] } },
{ "type": "Feature", "properties": { "osmid": "35114427", "highway": "residential", "oneway": false, "reversed": "False", "length": 145.03318693138326, "lanes": null, "maxspeed": null, "name": "Hẻm 139 Lý Chính Thắng", "junction": null, "access": null, "bridge": null, "relation_id": "19260546" }, "geometry": { "type": "LineString", "coordinates": [ [ 106.685571, 10.7861229 ], [ 106.6855618, 10.786578 ], [ 106.6857646, 10.7865799 ], [ 106.6857733, 10.7861289 ], [ 106.685571, 10.7861229 ] ] } },
{ "type": "Feature", "properties": { "osmid": "35114427", "highway": "residential", "oneway": false, "reversed": "True", "length": 145.03318693138326, "lanes": null, "maxspeed": null, "name": "Hẻm 139 Lý Chính Thắng", "junction": null, "access": null, "bridge": null, "relation_id": "19260546" }, "geometry": { "type": "LineString", "coordinates": [ [ 106.685571, 10.7861229 ], [ 106.6857733, 10.7861289 ], [ 106.6857646, 10.7865799 ], [ 106.6855618, 10.786578 ], [ 106.685571, 10.7861229 ] ] } },
{ "type": "Feature", "properties": { "osmid": "35113317", "highway": "residential", "oneway": false, "reversed": "True", "length": 94.630370885427766, "lanes": null, "maxspeed": null, "name": "Hẻm 384 Nam Kỳ Khởi Nghĩa", "junction": null, "access": null, "bridge": null, "relation_id": "19260546" }, "geometry": { "type": "LineString", "coordinates": [ [ 106.683321, 10.7917445 ], [ 106.6825298, 10.7913978 ] ] } },
{ "type": "Feature", "properties": { "osmid": "35113545", "highway": "residential", "oneway": false, "reversed": "False", "length": 44.105028382778649, "lanes": null, "maxspeed": null, "name": "Hẻm 290 Nam Kỳ Khởi Nghĩa", "junction": null, "access": null, "bridge": null, "relation_id": "19260546" }, "geometry": { "type": "LineString", "coordinates": [ [ 106.6846042, 10.7900062 ], [ 106.684318, 10.790286 ] ] } },
{ "type": "Feature", "properties": { "osmid": "35113545", "highway": "residential", "oneway": false, "reversed": "True", "length": 20.11063916886739, "lanes": null, "maxspeed": null, "name": "Hẻm 290 Nam Kỳ Khởi Nghĩa", "junction": null, "access": null, "bridge": null, "relation_id": "19260546" }, "geometry": { "type": "LineString", "coordinates": [ [ 106.6846042, 10.7900062 ], [ 106.6847283, 10.7901398 ] ] } },
{ "type": "Feature", "properties": { "osmid": "35113547", "highway": "residential", "oneway": false, "reversed": "True", "length": 33.571359085635578, "lanes": null, "maxspeed": null, "name": "Hẻm 290 Nam Kỳ Khởi Nghĩa", "junction": null, "access": null, "bridge": null, "relation_id": "19260546" }, "geometry": { "type": "LineString", "coordinates": [ [ 106.6846042, 10.7900062 ], [ 106.6843824, 10.7897972 ] ] } },
{ "type": "Feature", "properties": { "osmid": "35113533", "highway": "residential", "oneway": false, "reversed": "False", "length": 20.14095970649824, "lanes": null, "maxspeed": null, "name": "Hẻm 290 Nam Kỳ Khởi Nghĩa", "junction": null, "access": null, "bridge": null, "relation_id": "19260546" }, "geometry": { "type": "LineString", "coordinates": [ [ 106.684318, 10.790286 ], [ 106.6844464, 10.790416 ] ] } },
{ "type": "Feature", "properties": { "osmid": "35113533", "highway": "residential", "oneway": false, "reversed": "True", "length": 35.967756079644985, "lanes": null, "maxspeed": null, "name": "Hẻm 290 Nam Kỳ Khởi Nghĩa", "junction": null, "access": null, "bridge": null, "relation_id": "19260546" }, "geometry": { "type": "LineString", "coordinates": [ [ 106.684318, 10.790286 ], [ 106.6840927, 10.7900501 ] ] } },
{ "type": "Feature", "properties": { "osmid": "35113545", "highway": "residential", "oneway": false, "reversed": "True", "length": 44.105028382778649, "lanes": null, "maxspeed": null, "name": "Hẻm 290 Nam Kỳ Khởi Nghĩa", "junction": null, "access": null, "bridge": null, "relation_id": "19260546" }, "geometry": { "type": "LineString", "coordinates": [ [ 106.684318, 10.790286 ], [ 106.6846042, 10.7900062 ] ] } },
{ "type": "Feature", "properties": { "osmid": "35113533", "highway": "residential", "oneway": false, "reversed": "False", "length": 25.368084830144696, "lanes": null, "maxspeed": null, "name": "Hẻm 290 Nam Kỳ Khởi Nghĩa", "junction": null, "access": null, "bridge": null, "relation_id": "19260546" }, "geometry": { "type": "LineString", "coordinates": [ [ 106.6844464, 10.790416 ], [ 106.6846055, 10.7905822 ] ] } },
{ "type": "Feature", "properties": { "osmid": "35113533", "highway": "residential", "oneway": false, "reversed": "True", "length": 20.14095970649824, "lanes": null, "maxspeed": null, "name": "Hẻm 290 Nam Kỳ Khởi Nghĩa", "junction": null, "access": null, "bridge": null, "relation_id": "19260546" }, "geometry": { "type": "LineString", "coordinates": [ [ 106.6844464, 10.790416 ], [ 106.684318, 10.790286 ] ] } },
{ "type": "Feature", "properties": { "osmid": "1322066761", "highway": "residential", "oneway": false, "reversed": "False", "length": 43.489755439178701, "lanes": null, "maxspeed": null, "name": null, "junction": null, "access": null, "bridge": null, "relation_id": "19260546" }, "geometry": { "type": "LineString", "coordinates": [ [ 106.6844464, 10.790416 ], [ 106.6847283, 10.7901398 ] ] } },
{ "type": "Feature", "properties": { "osmid": "35113533", "highway": "residential", "oneway": false, "reversed": "True", "length": 25.368084830144696, "lanes": null, "maxspeed": null, "name": "Hẻm 290 Nam Kỳ Khởi Nghĩa", "junction": null, "access": null, "bridge": null, "relation_id": "19260546" }, "geometry": { "type": "LineString", "coordinates": [ [ 106.6846055, 10.7905822 ], [ 106.6844464, 10.790416 ] ] } },
{ "type": "Feature", "properties": { "osmid": "35113545", "highway": "residential", "oneway": false, "reversed": "False", "length": 69.942020271402924, "lanes": null, "maxspeed": null, "name": "Hẻm 290 Nam Kỳ Khởi Nghĩa", "junction": null, "access": null, "bridge": null, "relation_id": "19260546" }, "geometry": { "type": "LineString", "coordinates": [ [ 106.6846055, 10.7905822 ], [ 106.6848942, 10.7903163 ], [ 106.6848641, 10.790286 ], [ 106.6847283, 10.7901398 ] ] } },
{ "type": "Feature", "properties": { "osmid": [ 35112740, 1223173399 ], "highway": "residential", "oneway": false, "reversed": [ false, true ], "length": 108.59182011223581, "lanes": null, "maxspeed": null, "name": [ "Hẻm 82 Lý Chính Thắng", "Hẻm 380 Nam Kỳ Khởi Nghĩa" ], "junction": null, "access": null, "bridge": null, "relation_id": "19260546" }, "geometry": { "type": "LineString", "coordinates": [ [ 106.6846055, 10.7905822 ], [ 106.684457, 10.790697 ], [ 106.684211, 10.79092 ], [ 106.6839881, 10.7911345 ], [ 106.6838795, 10.7910212 ] ] } },
{ "type": "Feature", "properties": { "osmid": "604099889", "highway": "secondary", "oneway": true, "reversed": "False", "length": 183.22284833865174, "lanes": "3", "maxspeed": "60", "name": "Lý Chính Thắng", "junction": null, "access": null, "bridge": null, "relation_id": "19260546" }, "geometry": { "type": "LineString", "coordinates": [ [ 106.6863677, 10.7902169 ], [ 106.68653, 10.7903874 ], [ 106.6868276, 10.7907001 ], [ 106.6868406, 10.7907137 ], [ 106.6871056, 10.7910164 ], [ 106.68739, 10.7913174 ], [ 106.6874992, 10.791433 ] ] } },
{ "type": "Feature", "properties": { "osmid": [ 1178023592, 1268112593 ], "highway": "residential", "oneway": false, "reversed": "True", "length": 130.41259243428067, "lanes": null, "maxspeed": "50", "name": "Huỳnh Tịnh Của", "junction": null, "access": null, "bridge": null, "relation_id": "19260546" }, "geometry": { "type": "LineString", "coordinates": [ [ 106.6863677, 10.7902169 ], [ 106.6866623, 10.7899395 ], [ 106.6872327, 10.7894085 ] ] } },
{ "type": "Feature", "properties": { "osmid": "35112740", "highway": "residential", "oneway": false, "reversed": "False", "length": 20.826752880012034, "lanes": null, "maxspeed": null, "name": "Hẻm 380 Nam Kỳ Khởi Nghĩa", "junction": null, "access": null, "bridge": null, "relation_id": "19260546" }, "geometry": { "type": "LineString", "coordinates": [ [ 106.6838795, 10.7910212 ], [ 106.6837467, 10.7908868 ] ] } },
{ "type": "Feature", "properties": { "osmid": [ 35112740, 1223173399 ], "highway": "residential", "oneway": false, "reversed": [ false, true ], "length": 108.59182011223582, "lanes": null, "maxspeed": null, "name": [ "Hẻm 82 Lý Chính Thắng", "Hẻm 380 Nam Kỳ Khởi Nghĩa" ], "junction": null, "access": null, "bridge": null, "relation_id": "19260546" }, "geometry": { "type": "LineString", "coordinates": [ [ 106.6838795, 10.7910212 ], [ 106.6839881, 10.7911345 ], [ 106.684211, 10.79092 ], [ 106.684457, 10.790697 ], [ 106.6846055, 10.7905822 ] ] } },
{ "type": "Feature", "properties": { "osmid": "35115063", "highway": "residential", "oneway": false, "reversed": "False", "length": 64.407167688986661, "lanes": null, "maxspeed": null, "name": "Hẻm 62 Lý Chính Thắng", "junction": null, "access": null, "bridge": null, "relation_id": "19260546" }, "geometry": { "type": "LineString", "coordinates": [ [ 106.6838795, 10.7910212 ], [ 106.684153, 10.790776 ], [ 106.684242, 10.790693 ], [ 106.684305, 10.790621 ] ] } },
{ "type": "Feature", "properties": { "osmid": "35112740", "highway": "residential", "oneway": false, "reversed": "True", "length": 20.826752880012034, "lanes": null, "maxspeed": null, "name": "Hẻm 380 Nam Kỳ Khởi Nghĩa", "junction": null, "access": null, "bridge": null, "relation_id": "19260546" }, "geometry": { "type": "LineString", "coordinates": [ [ 106.6837467, 10.7908868 ], [ 106.6838795, 10.7910212 ] ] } },
{ "type": "Feature", "properties": { "osmid": "35114176", "highway": "residential", "oneway": false, "reversed": "False", "length": 73.837954026511795, "lanes": null, "maxspeed": null, "name": "Hẻm 82 Lý Chính Thắng", "junction": null, "access": null, "bridge": null, "relation_id": "19260546" }, "geometry": { "type": "LineString", "coordinates": [ [ 106.6837467, 10.7908868 ], [ 106.6842352, 10.7904278 ] ] } },
{ "type": "Feature", "properties": { "osmid": "35114176", "highway": "residential", "oneway": false, "reversed": "True", "length": 53.866802093404267, "lanes": null, "maxspeed": null, "name": "Hẻm 82 Lý Chính Thắng", "junction": null, "access": null, "bridge": null, "relation_id": "19260546" }, "geometry": { "type": "LineString", "coordinates": [ [ 106.6837467, 10.7908868 ], [ 106.6833835, 10.7912145 ] ] } },
{ "type": "Feature", "properties": { "osmid": "35112740", "highway": "residential", "oneway": false, "reversed": "False", "length": 22.387073016153479, "lanes": null, "maxspeed": null, "name": "Hẻm 380 Nam Kỳ Khởi Nghĩa", "junction": null, "access": null, "bridge": null, "relation_id": "19260546" }, "geometry": { "type": "LineString", "coordinates": [ [ 106.6837467, 10.7908868 ], [ 106.6836272, 10.7907604 ], [ 106.6836072, 10.7907393 ] ] } },
{ "type": "Feature", "properties": { "osmid": "35113320", "highway": "residential", "oneway": false, "reversed": "False", "length": 43.972463170064977, "lanes": null, "maxspeed": null, "name": "Hẻm 384 Nam Kỳ Khởi Nghĩa", "junction": null, "access": null, "bridge": null, "relation_id": "19260546" }, "geometry": { "type": "LineString", "coordinates": [ [ 106.6836072, 10.7907393 ], [ 106.683902, 10.79047 ] ] } },
{ "type": "Feature", "properties": { "osmid": "35112740", "highway": "residential", "oneway": false, "reversed": "False", "length": 48.525955722453531, "lanes": null, "maxspeed": null, "name": "Hẻm 380 Nam Kỳ Khởi Nghĩa", "junction": null, "access": null, "bridge": null, "relation_id": "19260546" }, "geometry": { "type": "LineString", "coordinates": [ [ 106.6836072, 10.7907393 ], [ 106.683508, 10.7906352 ], [ 106.6833068, 10.7904178 ] ] } },
{ "type": "Feature", "properties": { "osmid": "35112740", "highway": "residential", "oneway": false, "reversed": "True", "length": 22.387073016153479, "lanes": null, "maxspeed": null, "name": "Hẻm 380 Nam Kỳ Khởi Nghĩa", "junction": null, "access": null, "bridge": null, "relation_id": "19260546" }, "geometry": { "type": "LineString", "coordinates": [ [ 106.6836072, 10.7907393 ], [ 106.6836272, 10.7907604 ], [ 106.6837467, 10.7908868 ] ] } },
{ "type": "Feature", "properties": { "osmid": "1225573415", "highway": "primary", "oneway": true, "reversed": "False", "length": 67.371485887998489, "lanes": "3", "maxspeed": "60", "name": "Nam Kỳ Khởi Nghĩa", "junction": null, "access": null, "bridge": null, "relation_id": "19260546" }, "geometry": { "type": "LineString", "coordinates": [ [ 106.6833068, 10.7904178 ], [ 106.6828556, 10.7908309 ] ] } },
{ "type": "Feature", "properties": { "osmid": "35112740", "highway": "residential", "oneway": false, "reversed": "True", "length": 48.525955722453531, "lanes": null, "maxspeed": null, "name": "Hẻm 380 Nam Kỳ Khởi Nghĩa", "junction": null, "access": null, "bridge": null, "relation_id": "19260546" }, "geometry": { "type": "LineString", "coordinates": [ [ 106.6833068, 10.7904178 ], [ 106.683508, 10.7906352 ], [ 106.6836072, 10.7907393 ] ] } },
{ "type": "Feature", "properties": { "osmid": "1185423785", "highway": "residential", "oneway": false, "reversed": "True", "length": 239.57438134459687, "lanes": null, "maxspeed": null, "name": "Nguyễn Thị Diệu", "junction": null, "access": null, "bridge": null, "relation_id": "19260546" }, "geometry": { "type": "LineString", "coordinates": [ [ 106.6875255, 10.7746832 ], [ 106.6889932, 10.7762842 ] ] } },
{ "type": "Feature", "properties": { "osmid": "817507913", "highway": "primary", "oneway": true, "reversed": "False", "length": 83.834366517906744, "lanes": "2", "maxspeed": null, "name": "Cách Mạng Tháng Tám", "junction": null, "access": null, "bridge": null, "relation_id": "19260546" }, "geometry": { "type": "LineString", "coordinates": [ [ 106.6875255, 10.7746832 ], [ 106.6874671, 10.7747171 ], [ 106.6870036, 10.7749602 ], [ 106.6869761, 10.7749746 ], [ 106.6868508, 10.7750424 ] ] } },
{ "type": "Feature", "properties": { "osmid": "35113311", "highway": "primary_link", "oneway": false, "reversed": "True", "length": 14.005971315532058, "lanes": null, "maxspeed": null, "name": "Nam Kỳ Khởi Nghĩa", "junction": null, "access": null, "bridge": null, "relation_id": "19260546" }, "geometry": { "type": "LineString", "coordinates": [ [ 106.6828556, 10.7908309 ], [ 106.6827476, 10.790763 ] ] } },
{ "type": "Feature", "properties": { "osmid": "817095790", "highway": "primary", "oneway": true, "reversed": "False", "length": 28.550037091771312, "lanes": "3", "maxspeed": "60", "name": "Nam Kỳ Khởi Nghĩa", "junction": null, "access": null, "bridge": null, "relation_id": "19260546" }, "geometry": { "type": "LineString", "coordinates": [ [ 106.6828556, 10.7908309 ], [ 106.6826651, 10.7910067 ] ] } },
{ "type": "Feature", "properties": { "osmid": "654861067", "highway": "secondary", "oneway": false, "reversed": "True", "length": 107.84490796067402, "lanes": "2", "maxspeed": null, "name": "Trần Quốc Thảo", "junction": null, "access": null, "bridge": null, "relation_id": "19260546" }, "geometry": { "type": "LineString", "coordinates": [ [ 106.6835716, 10.7847198 ], [ 106.6845028, 10.7843975 ] ] } },
{ "type": "Feature", "properties": { "osmid": "654861067", "highway": "secondary", "oneway": false, "reversed": "False", "length": 65.626448833801703, "lanes": "2", "maxspeed": null, "name": "Trần Quốc Thảo", "junction": null, "access": null, "bridge": null, "relation_id": "19260546" }, "geometry": { "type": "LineString", "coordinates": [ [ 106.6835716, 10.7847198 ], [ 106.6834252, 10.7847846 ], [ 106.6830239, 10.7849624 ] ] } },
{ "type": "Feature", "properties": { "osmid": "900661687", "highway": "residential", "oneway": false, "reversed": "True", "length": 68.037857236600104, "lanes": null, "maxspeed": null, "name": "Hẻm 120 Trần Quốc Thảo", "junction": null, "access": null, "bridge": null, "relation_id": "19260546" }, "geometry": { "type": "LineString", "coordinates": [ [ 106.6835716, 10.7847198 ], [ 106.683709, 10.7850783 ], [ 106.6837102, 10.7850862 ], [ 106.6837045, 10.7851531 ], [ 106.6837075, 10.785182 ], [ 106.6837504, 10.7852993 ] ] } },
{ "type": "Feature", "properties": { "osmid": "35115063", "highway": "residential", "oneway": false, "reversed": "True", "length": 64.407167688986647, "lanes": null, "maxspeed": null, "name": "Hẻm 62 Lý Chính Thắng", "junction": null, "access": null, "bridge": null, "relation_id": "19260546" }, "geometry": { "type": "LineString", "coordinates": [ [ 106.684305, 10.790621 ], [ 106.684242, 10.790693 ], [ 106.684153, 10.790776 ], [ 106.6838795, 10.7910212 ] ] } },
{ "type": "Feature", "properties": { "osmid": "35113256", "highway": "residential", "oneway": false, "reversed": "True", "length": 106.21467220491172, "lanes": "2", "maxspeed": "50", "name": "Hẻm 371 Hai Bà Trưng", "junction": null, "access": null, "bridge": null, "relation_id": "19260546" }, "geometry": { "type": "LineString", "coordinates": [ [ 106.688528, 10.7893734 ], [ 106.6886479, 10.789546 ], [ 106.6888448, 10.7898025 ], [ 106.6890874, 10.7901544 ] ] } },
{ "type": "Feature", "properties": { "osmid": "225372720", "highway": "primary", "oneway": false, "reversed": "True", "length": 31.81944855367631, "lanes": "2", "maxspeed": null, "name": "Hai Bà Trưng", "junction": null, "access": null, "bridge": null, "relation_id": "19260546" }, "geometry": { "type": "LineString", "coordinates": [ [ 106.6890874, 10.7901544 ], [ 106.6893182, 10.7899798 ] ] } },
{ "type": "Feature", "properties": { "osmid": "35113256", "highway": "residential", "oneway": false, "reversed": "False", "length": 106.21467220491172, "lanes": "2", "maxspeed": "50", "name": "Hẻm 371 Hai Bà Trưng", "junction": null, "access": null, "bridge": null, "relation_id": "19260546" }, "geometry": { "type": "LineString", "coordinates": [ [ 106.6890874, 10.7901544 ], [ 106.6888448, 10.7898025 ], [ 106.6886479, 10.789546 ], [ 106.688528, 10.7893734 ] ] } },
{ "type": "Feature", "properties": { "osmid": "225372720", "highway": "primary", "oneway": false, "reversed": "False", "length": 95.405508883858758, "lanes": "2", "maxspeed": null, "name": "Hai Bà Trưng", "junction": null, "access": null, "bridge": null, "relation_id": "19260546" }, "geometry": { "type": "LineString", "coordinates": [ [ 106.6890874, 10.7901544 ], [ 106.6888955, 10.7903128 ], [ 106.6887827, 10.7904003 ], [ 106.6887356, 10.7904368 ], [ 106.688612, 10.7905401 ], [ 106.6884139, 10.7907006 ] ] } },
{ "type": "Feature", "properties": { "osmid": "694942823", "highway": "tertiary", "oneway": false, "reversed": "True", "length": 155.59270930771362, "lanes": "2", "maxspeed": null, "name": "Trần Quốc Thảo", "junction": null, "access": null, "bridge": null, "relation_id": "19260546" }, "geometry": { "type": "LineString", "coordinates": [ [ 106.6917672, 10.7781848 ], [ 106.6907264, 10.7791401 ] ] } },
{ "type": "Feature", "properties": { "osmid": "35114207", "highway": "secondary", "oneway": true, "reversed": "False", "length": 70.557072516907311, "lanes": "3", "maxspeed": null, "name": "Võ Văn Tần", "junction": null, "access": null, "bridge": null, "relation_id": "19260546" }, "geometry": { "type": "LineString", "coordinates": [ [ 106.6917672, 10.7781848 ], [ 106.6914592, 10.7778504 ], [ 106.6913317, 10.7777162 ] ] } },
{ "type": "Feature", "properties": { "osmid": "220972105", "highway": "secondary", "oneway": true, "reversed": "False", "length": 181.60933531177034, "lanes": "2", "maxspeed": null, "name": "Trần Quốc Thảo", "junction": null, "access": null, "bridge": null, "relation_id": "19260546" }, "geometry": { "type": "LineString", "coordinates": [ [ 106.6830239, 10.7849624 ], [ 106.6830077, 10.7850092 ], [ 106.6827779, 10.7851323 ], [ 106.6826452, 10.7852076 ], [ 106.6824486, 10.7853191 ], [ 106.682281, 10.785419 ], [ 106.6817782, 10.7856957 ], [ 106.6816069, 10.7857931 ] ] } },
{ "type": "Feature", "properties": { "osmid": "654861067", "highway": "secondary", "oneway": false, "reversed": "True", "length": 65.626448833801703, "lanes": "2", "maxspeed": null, "name": "Trần Quốc Thảo", "junction": null, "access": null, "bridge": null, "relation_id": "19260546" }, "geometry": { "type": "LineString", "coordinates": [ [ 106.6830239, 10.7849624 ], [ 106.6834252, 10.7847846 ], [ 106.6835716, 10.7847198 ] ] } },
{ "type": "Feature", "properties": { "osmid": "35113547", "highway": "residential", "oneway": false, "reversed": "False", "length": 31.283035869798887, "lanes": null, "maxspeed": null, "name": "Hẻm 290 Nam Kỳ Khởi Nghĩa", "junction": null, "access": null, "bridge": null, "relation_id": "19260546" }, "geometry": { "type": "LineString", "coordinates": [ [ 106.6841839, 10.7895944 ], [ 106.6843824, 10.7897972 ] ] } },
{ "type": "Feature", "properties": { "osmid": "193092900", "highway": "residential", "oneway": false, "reversed": "False", "length": 12.844892844468353, "lanes": null, "maxspeed": null, "name": "Nam Kỳ Khởi Nghĩa", "junction": null, "access": null, "bridge": null, "relation_id": "19260546" }, "geometry": { "type": "LineString", "coordinates": [ [ 106.6841839, 10.7895944 ], [ 106.6841035, 10.7895101 ] ] } },
{ "type": "Feature", "properties": { "osmid": "1225573415", "highway": "primary", "oneway": true, "reversed": "False", "length": 41.459155108254564, "lanes": "3", "maxspeed": "60", "name": "Nam Kỳ Khởi Nghĩa", "junction": null, "access": null, "bridge": null, "relation_id": "19260546" }, "geometry": { "type": "LineString", "coordinates": [ [ 106.6841839, 10.7895944 ], [ 106.683905, 10.7898473 ] ] } },
{ "type": "Feature", "properties": { "osmid": "35113547", "highway": "residential", "oneway": false, "reversed": "False", "length": 33.571359085635578, "lanes": null, "maxspeed": null, "name": "Hẻm 290 Nam Kỳ Khởi Nghĩa", "junction": null, "access": null, "bridge": null, "relation_id": "19260546" }, "geometry": { "type": "LineString", "coordinates": [ [ 106.6843824, 10.7897972 ], [ 106.6846042, 10.7900062 ] ] } },
{ "type": "Feature", "properties": { "osmid": "35113547", "highway": "residential", "oneway": false, "reversed": "True", "length": 31.283035869798887, "lanes": null, "maxspeed": null, "name": "Hẻm 290 Nam Kỳ Khởi Nghĩa", "junction": null, "access": null, "bridge": null, "relation_id": "19260546" }, "geometry": { "type": "LineString", "coordinates": [ [ 106.6843824, 10.7897972 ], [ 106.6841839, 10.7895944 ] ] } },
{ "type": "Feature", "properties": { "osmid": "1322066760", "highway": "residential", "oneway": false, "reversed": "False", "length": 42.33352345776742, "lanes": null, "maxspeed": null, "name": null, "junction": null, "access": null, "bridge": null, "relation_id": "19260546" }, "geometry": { "type": "LineString", "coordinates": [ [ 106.6843824, 10.7897972 ], [ 106.6840927, 10.7900501 ] ] } },
{ "type": "Feature", "properties": { "osmid": "654858471", "highway": "tertiary", "oneway": true, "reversed": "False", "length": 77.486188734693158, "lanes": "3", "maxspeed": "60", "name": "Trương Định", "junction": null, "access": null, "bridge": null, "relation_id": "19260546" }, "geometry": { "type": "LineString", "coordinates": [ [ 106.6900761, 10.7774342 ], [ 106.6899605, 10.7775397 ], [ 106.6896865, 10.7777899 ], [ 106.6895565, 10.7779086 ] ] } },
{ "type": "Feature", "properties": { "osmid": "1176155753", "highway": "residential", "oneway": false, "reversed": "False", "length": 174.1959627755495, "lanes": null, "maxspeed": null, "name": "Nguyễn Thị Diệu", "junction": null, "access": null, "bridge": null, "relation_id": "19260546" }, "geometry": { "type": "LineString", "coordinates": [ [ 106.6900761, 10.7774342 ], [ 106.6897304, 10.777067 ], [ 106.6889932, 10.7762842 ] ] } },
{ "type": "Feature", "properties": { "osmid": "35114176", "highway": "residential", "oneway": false, "reversed": "False", "length": 53.866802093404267, "lanes": null, "maxspeed": null, "name": "Hẻm 82 Lý Chính Thắng", "junction": null, "access": null, "bridge": null, "relation_id": "19260546" }, "geometry": { "type": "LineString", "coordinates": [ [ 106.6833835, 10.7912145 ], [ 106.6837467, 10.7908868 ] ] } },
{ "type": "Feature", "properties": { "osmid": "35114176", "highway": "residential", "oneway": false, "reversed": "True", "length": 73.837954026511795, "lanes": null, "maxspeed": null, "name": "Hẻm 82 Lý Chính Thắng", "junction": null, "access": null, "bridge": null, "relation_id": "19260546" }, "geometry": { "type": "LineString", "coordinates": [ [ 106.6842352, 10.7904278 ], [ 106.6837467, 10.7908868 ] ] } },
{ "type": "Feature", "properties": { "osmid": "35114039", "highway": "residential", "oneway": false, "reversed": "False", "length": 79.300548463789269, "lanes": null, "maxspeed": null, "name": "Hẻm 12 Trương Ðịnh", "junction": null, "access": null, "bridge": null, "relation_id": "19260546" }, "geometry": { "type": "LineString", "coordinates": [ [ 106.6911352, 10.776467 ], [ 106.6916317, 10.7769873 ] ] } },
{ "type": "Feature", "properties": { "osmid": "654858471", "highway": "tertiary", "oneway": true, "reversed": "False", "length": 76.995182797291065, "lanes": "3", "maxspeed": "60", "name": "Trương Định", "junction": null, "access": null, "bridge": null, "relation_id": "19260546" }, "geometry": { "type": "LineString", "coordinates": [ [ 106.6911352, 10.776467 ], [ 106.6907827, 10.7767888 ], [ 106.6906189, 10.7769384 ] ] } },
{ "type": "Feature", "properties": { "osmid": "35114284", "highway": "residential", "oneway": false, "reversed": "False", "length": 105.00451905472815, "lanes": null, "maxspeed": null, "name": "Hẻm 139 Lý Chính Thắng", "junction": null, "access": null, "bridge": null, "relation_id": "19260546" }, "geometry": { "type": "LineString", "coordinates": [ [ 106.6846106, 10.786164 ], [ 106.685571, 10.7861229 ] ] } },
{ "type": "Feature", "properties": { "osmid": "654861068", "highway": "secondary", "oneway": true, "reversed": "False", "length": 241.74834163434758, "lanes": "2", "maxspeed": "60", "name": "Lý Chính Thắng", "junction": null, "access": null, "bridge": null, "relation_id": "19260546" }, "geometry": { "type": "LineString", "coordinates": [ [ 106.6846106, 10.786164 ], [ 106.6846221, 10.7863507 ], [ 106.6846355, 10.7864322 ], [ 106.6846697, 10.7866401 ], [ 106.6846828, 10.7867195 ], [ 106.6846951, 10.7867856 ], [ 106.6847311, 10.7869268 ], [ 106.684798, 10.7871764 ], [ 106.6848762, 10.7874294 ], [ 106.6850033, 10.7878278 ], [ 106.6851269, 10.7882722 ] ] } },
{ "type": "Feature", "properties": { "osmid": "35114039", "highway": "residential", "oneway": false, "reversed": "True", "length": 79.300548463789269, "lanes": null, "maxspeed": null, "name": "Hẻm 12 Trương Ðịnh", "junction": null, "access": null, "bridge": null, "relation_id": "19260546" }, "geometry": { "type": "LineString", "coordinates": [ [ 106.6916317, 10.7769873 ], [ 106.6911352, 10.776467 ] ] } },
{ "type": "Feature", "properties": { "osmid": "725104583", "highway": "residential", "oneway": false, "reversed": "False", "length": 173.45656635300313, "lanes": "2", "maxspeed": null, "name": "Hồ Xuân Hương", "junction": null, "access": null, "bridge": null, "relation_id": "19260546" }, "geometry": { "type": "LineString", "coordinates": [ [ 106.6891758, 10.7782562 ], [ 106.6880944, 10.7771139 ] ] } },
{ "type": "Feature", "properties": { "osmid": "654858471", "highway": "tertiary", "oneway": true, "reversed": "False", "length": 123.4757175743386, "lanes": "3", "maxspeed": "60", "name": "Trương Định", "junction": null, "access": null, "bridge": null, "relation_id": "19260546" }, "geometry": { "type": "LineString", "coordinates": [ [ 106.6891758, 10.7782562 ], [ 106.6890662, 10.7783563 ], [ 106.6887298, 10.7786635 ], [ 106.6883468, 10.7790111 ] ] } },
{ "type": "Feature", "properties": { "osmid": "35113280", "highway": "residential", "oneway": false, "reversed": "True", "length": 214.4548144326437, "lanes": null, "maxspeed": "50", "name": "Huỳnh Tịnh Của", "junction": null, "access": null, "bridge": null, "relation_id": "19260546" }, "geometry": { "type": "LineString", "coordinates": [ [ 106.6872327, 10.7894085 ], [ 106.687452, 10.789223 ], [ 106.687829, 10.788864 ], [ 106.6880148, 10.7887386 ], [ 106.6882083, 10.7886044 ], [ 106.6887654, 10.7882102 ] ] } },
{ "type": "Feature", "properties": { "osmid": [ 1178023592, 1268112593 ], "highway": "residential", "oneway": false, "reversed": "False", "length": 130.41259243428067, "lanes": null, "maxspeed": "50", "name": "Huỳnh Tịnh Của", "junction": null, "access": null, "bridge": null, "relation_id": "19260546" }, "geometry": { "type": "LineString", "coordinates": [ [ 106.6872327, 10.7894085 ], [ 106.6866623, 10.7899395 ], [ 106.6863677, 10.7902169 ] ] } },
{ "type": "Feature", "properties": { "osmid": "35114207", "highway": "secondary", "oneway": true, "reversed": "False", "length": 174.79265758152511, "lanes": "3", "maxspeed": null, "name": "Võ Văn Tần", "junction": null, "access": null, "bridge": null, "relation_id": "19260546" }, "geometry": { "type": "LineString", "coordinates": [ [ 106.6906189, 10.7769384 ], [ 106.6902537, 10.7765415 ], [ 106.6900034, 10.7762695 ], [ 106.6896904, 10.7759045 ], [ 106.6895684, 10.7757532 ] ] } },
{ "type": "Feature", "properties": { "osmid": "654858471", "highway": "tertiary", "oneway": true, "reversed": "False", "length": 80.962513623023597, "lanes": "3", "maxspeed": "60", "name": "Trương Định", "junction": null, "access": null, "bridge": null, "relation_id": "19260546" }, "geometry": { "type": "LineString", "coordinates": [ [ 106.6906189, 10.7769384 ], [ 106.6901448, 10.7773714 ], [ 106.6900761, 10.7774342 ] ] } },
{ "type": "Feature", "properties": { "osmid": "1176155754", "highway": "secondary", "oneway": true, "reversed": "False", "length": 145.45761723403157, "lanes": "2", "maxspeed": "60", "name": "Bà Huyện Thanh Quan", "junction": null, "access": null, "bridge": null, "relation_id": "19260546" }, "geometry": { "type": "LineString", "coordinates": [ [ 106.6895684, 10.7757532 ], [ 106.6899518, 10.7753993 ], [ 106.6904754, 10.7749159 ], [ 106.6905386, 10.7748572 ] ] } },
{ "type": "Feature", "properties": { "osmid": "1222962346", "highway": "secondary", "oneway": true, "reversed": "False", "length": 118.75095626063825, "lanes": null, "maxspeed": null, "name": "Võ Văn Tần", "junction": null, "access": null, "bridge": null, "relation_id": "19260546" }, "geometry": { "type": "LineString", "coordinates": [ [ 106.6895684, 10.7757532 ], [ 106.6893097, 10.7754965 ], [ 106.6888264, 10.774973 ] ] } },
{ "type": "Feature", "properties": { "osmid": "326771005", "highway": "secondary", "oneway": true, "reversed": "False", "length": 93.648840999910917, "lanes": "3", "maxspeed": "50", "name": "Nguyễn Đình Chiểu", "junction": null, "access": null, "bridge": null, "relation_id": "19260546" }, "geometry": { "type": "LineString", "coordinates": [ [ 106.6907264, 10.7791401 ], [ 106.6901398, 10.7785259 ] ] } },
{ "type": "Feature", "properties": { "osmid": "694942823", "highway": "tertiary", "oneway": false, "reversed": "False", "length": 155.59270930771362, "lanes": "2", "maxspeed": null, "name": "Trần Quốc Thảo", "junction": null, "access": null, "bridge": null, "relation_id": "19260546" }, "geometry": { "type": "LineString", "coordinates": [ [ 106.6907264, 10.7791401 ], [ 106.6917672, 10.7781848 ] ] } },
{ "type": "Feature", "properties": { "osmid": "694973742", "highway": "tertiary", "oneway": false, "reversed": "True", "length": 176.15697795640438, "lanes": "2", "maxspeed": null, "name": "Trần Quốc Thảo", "junction": null, "access": null, "bridge": null, "relation_id": "19260546" }, "geometry": { "type": "LineString", "coordinates": [ [ 106.6907264, 10.7791401 ], [ 106.6899848, 10.7798282 ], [ 106.6895501, 10.7802238 ] ] } },
{ "type": "Feature", "properties": { "osmid": "326849846", "highway": "secondary", "oneway": true, "reversed": "False", "length": 151.49453848551531, "lanes": "2", "maxspeed": "60", "name": "Pasteur", "junction": null, "access": null, "bridge": null, "relation_id": "19260546" }, "geometry": { "type": "LineString", "coordinates": [ [ 106.6948334, 10.781467 ], [ 106.6946754, 10.7816134 ], [ 106.6940713, 10.7821499 ], [ 106.6938041, 10.78238 ] ] } },
{ "type": "Feature", "properties": { "osmid": "928038825", "highway": "secondary", "oneway": true, "reversed": "False", "length": 140.96653415595944, "lanes": "3", "maxspeed": null, "name": "Võ Văn Tần", "junction": null, "access": null, "bridge": null, "relation_id": "19260546" }, "geometry": { "type": "LineString", "coordinates": [ [ 106.6948334, 10.781467 ], [ 106.6946975, 10.781324 ], [ 106.6943233, 10.7809298 ], [ 106.6939507, 10.7805422 ] ] } },
{ "type": "Feature", "properties": { "osmid": "408845370", "highway": "primary", "oneway": true, "reversed": "False", "length": 181.24231943035653, "lanes": "2", "maxspeed": null, "name": "Nguyễn Thị Minh Khai", "junction": null, "access": null, "bridge": null, "relation_id": "19260546" }, "geometry": { "type": "LineString", "coordinates": [ [ 106.6969717, 10.7817005 ], [ 106.6973902, 10.7821323 ], [ 106.6975825, 10.7823308 ], [ 106.6977099, 10.7824622 ], [ 106.6977884, 10.7825432 ], [ 106.6981158, 10.782881 ] ] } },
{ "type": "Feature", "properties": { "osmid": "1162554504", "highway": "tertiary", "oneway": false, "reversed": "False", "length": 108.56379993960542, "lanes": "2", "maxspeed": null, "name": "Phạm Ngọc Thạch", "junction": null, "access": null, "bridge": null, "relation_id": "19260546" }, "geometry": { "type": "LineString", "coordinates": [ [ 106.6969717, 10.7817005 ], [ 106.6964637, 10.7821649 ], [ 106.6963214, 10.782295 ], [ 106.6962441, 10.7823656 ] ] } },
{ "type": "Feature", "properties": { "osmid": "1178198376", "highway": "primary", "oneway": false, "reversed": "True", "length": 33.740762129917165, "lanes": "2", "maxspeed": null, "name": "Hai Bà Trưng", "junction": null, "access": null, "bridge": null, "relation_id": "19260546" }, "geometry": { "type": "LineString", "coordinates": [ [ 106.6874992, 10.791433 ], [ 106.6877407, 10.7912438 ] ] } },
{ "type": "Feature", "properties": { "osmid": "1414410215", "highway": "primary", "oneway": true, "reversed": "False", "length": 47.325642031098617, "lanes": "2", "maxspeed": null, "name": "Hai Bà Trưng", "junction": null, "access": null, "bridge": null, "relation_id": "19260546" }, "geometry": { "type": "LineString", "coordinates": [ [ 106.6874992, 10.791433 ], [ 106.6874623, 10.7915049 ], [ 106.6872522, 10.7916649 ], [ 106.6871727, 10.7916957 ] ] } },
{ "type": "Feature", "properties": { "osmid": "35113688", "highway": "residential", "oneway": false, "reversed": "False", "length": 177.91355636008618, "lanes": "2", "maxspeed": null, "name": "Nguyễn Gia Thiều", "junction": null, "access": null, "bridge": null, "relation_id": "19260546" }, "geometry": { "type": "LineString", "coordinates": [ [ 106.6901398, 10.7785259 ], [ 106.688964, 10.7796331 ] ] } },
{ "type": "Feature", "properties": { "osmid": "326771005", "highway": "secondary", "oneway": true, "reversed": "False", "length": 93.655238573151749, "lanes": "3", "maxspeed": "50", "name": "Nguyễn Đình Chiểu", "junction": null, "access": null, "bridge": null, "relation_id": "19260546" }, "geometry": { "type": "LineString", "coordinates": [ [ 106.6901398, 10.7785259 ], [ 106.689796, 10.7781607 ], [ 106.6896825, 10.7780412 ], [ 106.6896283, 10.7779842 ], [ 106.6895565, 10.7779086 ] ] } },
{ "type": "Feature", "properties": { "osmid": "35113688", "highway": "residential", "oneway": false, "reversed": "True", "length": 177.91355636008618, "lanes": "2", "maxspeed": null, "name": "Nguyễn Gia Thiều", "junction": null, "access": null, "bridge": null, "relation_id": "19260546" }, "geometry": { "type": "LineString", "coordinates": [ [ 106.688964, 10.7796331 ], [ 106.6901398, 10.7785259 ] ] } },
{ "type": "Feature", "properties": { "osmid": "35113721", "highway": "tertiary", "oneway": false, "reversed": "False", "length": 96.585913399897265, "lanes": "2", "maxspeed": null, "name": "Ngô Thời Nhiệm", "junction": null, "access": null, "bridge": null, "relation_id": "19260546" }, "geometry": { "type": "LineString", "coordinates": [ [ 106.688964, 10.7796331 ], [ 106.6883468, 10.7790111 ] ] } },
{ "type": "Feature", "properties": { "osmid": "35113721", "highway": "tertiary", "oneway": false, "reversed": "True", "length": 91.722304526246347, "lanes": "2", "maxspeed": null, "name": "Ngô Thời Nhiệm", "junction": null, "access": null, "bridge": null, "relation_id": "19260546" }, "geometry": { "type": "LineString", "coordinates": [ [ 106.688964, 10.7796331 ], [ 106.6891132, 10.7797834 ], [ 106.6895501, 10.7802238 ] ] } },
{ "type": "Feature", "properties": { "osmid": "35113845", "highway": "residential", "oneway": false, "reversed": "True", "length": 122.81839794276607, "lanes": null, "maxspeed": null, "name": "Phạm Ðình Toái", "junction": null, "access": null, "bridge": null, "relation_id": "19260546" }, "geometry": { "type": "LineString", "coordinates": [ [ 106.6858246, 10.7755933 ], [ 106.6860061, 10.77592 ], [ 106.6860857, 10.7760494 ], [ 106.6862593, 10.7762723 ], [ 106.686457, 10.7765016 ] ] } },
{ "type": "Feature", "properties": { "osmid": "408200597", "highway": "primary", "oneway": true, "reversed": "False", "length": 70.60804329714297, "lanes": "2", "maxspeed": null, "name": "Cách Mạng Tháng Tám", "junction": null, "access": null, "bridge": null, "relation_id": "19260546" }, "geometry": { "type": "LineString", "coordinates": [ [ 106.6858246, 10.7755933 ], [ 106.685346, 10.7758501 ], [ 106.6852571, 10.7758973 ] ] } },
{ "type": "Feature", "properties": { "osmid": "1163556238", "highway": "primary", "oneway": false, "reversed": "False", "length": 103.20522903779971, "lanes": "2", "maxspeed": null, "name": "Hai Bà Trưng", "junction": null, "access": null, "bridge": null, "relation_id": "19260546" }, "geometry": { "type": "LineString", "coordinates": [ [ 106.6907681, 10.7888242 ], [ 106.690639, 10.7889271 ], [ 106.6904115, 10.7891102 ], [ 106.690236, 10.7892498 ], [ 106.6900344, 10.789409 ] ] } },
{ "type": "Feature", "properties": { "osmid": "1163556238", "highway": "primary", "oneway": false, "reversed": "True", "length": 49.191786343708443, "lanes": "2", "maxspeed": null, "name": "Hai Bà Trưng", "junction": null, "access": null, "bridge": null, "relation_id": "19260546" }, "geometry": { "type": "LineString", "coordinates": [ [ 106.6907681, 10.7888242 ], [ 106.6910611, 10.788596 ], [ 106.6911219, 10.7885505 ] ] } },
{ "type": "Feature", "properties": { "osmid": "35113362", "highway": "residential", "oneway": false, "reversed": "True", "length": 176.94213682021802, "lanes": "2", "maxspeed": null, "name": "Sư Thiện Chiếu", "junction": null, "access": null, "bridge": null, "relation_id": "19260546" }, "geometry": { "type": "LineString", "coordinates": [ [ 106.6853982, 10.7774209 ], [ 106.6865528, 10.778537 ] ] } },
{ "type": "Feature", "properties": { "osmid": "700026885", "highway": "tertiary", "oneway": false, "reversed": "False", "length": 107.48983350549686, "lanes": null, "maxspeed": null, "name": "Nguyễn Thông", "junction": null, "access": null, "bridge": null, "relation_id": "19260546" }, "geometry": { "type": "LineString", "coordinates": [ [ 106.6853982, 10.7774209 ], [ 106.6861495, 10.7767966 ] ] } },
{ "type": "Feature", "properties": { "osmid": "700026885", "highway": "tertiary", "oneway": false, "reversed": "True", "length": 73.860246210083801, "lanes": null, "maxspeed": null, "name": "Nguyễn Thông", "junction": null, "access": null, "bridge": null, "relation_id": "19260546" }, "geometry": { "type": "LineString", "coordinates": [ [ 106.6853982, 10.7774209 ], [ 106.6848872, 10.7778559 ] ] } },
{ "type": "Feature", "properties": { "osmid": "700026885", "highway": "tertiary", "oneway": false, "reversed": "True", "length": 46.949533168632456, "lanes": null, "maxspeed": null, "name": "Nguyễn Thông", "junction": null, "access": null, "bridge": null, "relation_id": "19260546" }, "geometry": { "type": "LineString", "coordinates": [ [ 106.686457, 10.7765016 ], [ 106.6861495, 10.7767966 ] ] } },
{ "type": "Feature", "properties": { "osmid": "35113845", "highway": "residential", "oneway": false, "reversed": "False", "length": 122.81839794276604, "lanes": null, "maxspeed": null, "name": "Phạm Ðình Toái", "junction": null, "access": null, "bridge": null, "relation_id": "19260546" }, "geometry": { "type": "LineString", "coordinates": [ [ 106.686457, 10.7765016 ], [ 106.6862593, 10.7762723 ], [ 106.6860857, 10.7760494 ], [ 106.6860061, 10.77592 ], [ 106.6858246, 10.7755933 ] ] } },
{ "type": "Feature", "properties": { "osmid": "700026885", "highway": "tertiary", "oneway": false, "reversed": "False", "length": 84.651349985353676, "lanes": null, "maxspeed": null, "name": "Nguyễn Thông", "junction": null, "access": null, "bridge": null, "relation_id": "19260546" }, "geometry": { "type": "LineString", "coordinates": [ [ 106.686457, 10.7765016 ], [ 106.6865384, 10.7764232 ], [ 106.6866414, 10.7763241 ], [ 106.6869866, 10.7759463 ] ] } },
{ "type": "Feature", "properties": { "osmid": "35112848", "highway": "residential", "oneway": false, "reversed": "False", "length": 247.79877370314534, "lanes": "2", "maxspeed": null, "name": "Trương Quyền", "junction": null, "access": null, "bridge": null, "relation_id": "19260546" }, "geometry": { "type": "LineString", "coordinates": [ [ 106.6933006, 10.7860641 ], [ 106.6930823, 10.7862411 ], [ 106.6927701, 10.7865001 ], [ 106.6924381, 10.7867721 ], [ 106.6922393, 10.7869314 ], [ 106.6918243, 10.7872652 ], [ 106.6915611, 10.7874943 ] ] } },
{ "type": "Feature", "properties": { "osmid": "1529514888", "highway": "primary", "oneway": true, "reversed": "False", "length": 60.530740082701513, "lanes": "2", "maxspeed": null, "name": "Điện Biên Phủ", "junction": null, "access": null, "bridge": null, "relation_id": "19260546" }, "geometry": { "type": "LineString", "coordinates": [ [ 106.6933006, 10.7860641 ], [ 106.693627, 10.7864026 ], [ 106.6936817, 10.7864593 ] ] } },
{ "type": "Feature", "properties": { "osmid": "1177449288", "highway": "primary", "oneway": true, "reversed": "False", "length": 33.531317497102236, "lanes": "3", "maxspeed": null, "name": "Võ Thị Sáu", "junction": null, "access": null, "bridge": null, "relation_id": "19260546" }, "geometry": { "type": "LineString", "coordinates": [ [ 106.6830576, 10.7789053 ], [ 106.68299, 10.778837 ], [ 106.6828979, 10.7787441 ], [ 106.6828435, 10.7786892 ] ] } },
{ "type": "Feature", "properties": { "osmid": "1177449289", "highway": "tertiary", "oneway": false, "reversed": "True", "length": 17.921213231862254, "lanes": "2", "maxspeed": null, "name": "Nguyễn Thông", "junction": null, "access": null, "bridge": null, "relation_id": "19260546" }, "geometry": { "type": "LineString", "coordinates": [ [ 106.6830576, 10.7789053 ], [ 106.6830098, 10.7789334 ], [ 106.6829877, 10.7789461 ], [ 106.6829163, 10.7789872 ] ] } },
{ "type": "Feature", "properties": { "osmid": "1180975825", "highway": "tertiary", "oneway": false, "reversed": "False", "length": 114.51769910409874, "lanes": "2", "maxspeed": null, "name": "Nguyễn Thông", "junction": null, "access": null, "bridge": null, "relation_id": "19260546" }, "geometry": { "type": "LineString", "coordinates": [ [ 106.6830576, 10.7789053 ], [ 106.6831545, 10.7788503 ], [ 106.6831662, 10.7788436 ], [ 106.6831764, 10.7788378 ], [ 106.6839633, 10.7783866 ] ] } },
{ "type": "Feature", "properties": { "osmid": "35112908", "highway": "residential", "oneway": false, "reversed": "True", "length": 189.32358960342631, "lanes": "2", "maxspeed": null, "name": "Lê Ngô Cát", "junction": null, "access": null, "bridge": null, "relation_id": "19260546" }, "geometry": { "type": "LineString", "coordinates": [ [ 106.6841936, 10.7771974 ], [ 106.6856829, 10.7763265 ] ] } },
{ "type": "Feature", "properties": { "osmid": "408246393", "highway": "primary", "oneway": true, "reversed": "False", "length": 105.36466209068563, "lanes": "3", "maxspeed": "60", "name": "Điện Biên Phủ", "junction": null, "access": null, "bridge": null, "relation_id": "19260546" }, "geometry": { "type": "LineString", "coordinates": [ [ 106.6841936, 10.7771974 ], [ 106.6848872, 10.7778559 ] ] } },
{ "type": "Feature", "properties": { "osmid": "192035998", "highway": "tertiary", "oneway": false, "reversed": "False", "length": 177.48092454009955, "lanes": "2", "maxspeed": null, "name": "Hồ Xuân Hương", "junction": null, "access": null, "bridge": null, "relation_id": "19260546" }, "geometry": { "type": "LineString", "coordinates": [ [ 106.6880944, 10.7771139 ], [ 106.6869866, 10.7759463 ] ] } },
{ "type": "Feature", "properties": { "osmid": "725104583", "highway": "residential", "oneway": false, "reversed": "True", "length": 173.45656635300313, "lanes": "2", "maxspeed": null, "name": "Hồ Xuân Hương", "junction": null, "access": null, "bridge": null, "relation_id": "19260546" }, "geometry": { "type": "LineString", "coordinates": [ [ 106.6880944, 10.7771139 ], [ 106.6891758, 10.7782562 ] ] } },
{ "type": "Feature", "properties": { "osmid": "327048054", "highway": "tertiary", "oneway": true, "reversed": "False", "length": 55.565804989531266, "lanes": "2", "maxspeed": "60", "name": "Bà Huyện Thanh Quan", "junction": null, "access": null, "bridge": null, "relation_id": "19260546" }, "geometry": { "type": "LineString", "coordinates": [ [ 106.6880944, 10.7771139 ], [ 106.6884212, 10.7768122 ], [ 106.6884651, 10.7767717 ] ] } },
{ "type": "Feature", "properties": { "osmid": "326849849", "highway": "primary", "oneway": true, "reversed": "False", "length": 68.553148399148498, "lanes": "3", "maxspeed": null, "name": "Võ Thị Sáu", "junction": null, "access": null, "bridge": null, "relation_id": "19260546" }, "geometry": { "type": "LineString", "coordinates": [ [ 106.6899935, 10.7859074 ], [ 106.6895565, 10.7854649 ] ] } },
{ "type": "Feature", "properties": { "osmid": "306072864", "highway": "secondary", "oneway": true, "reversed": "False", "length": 248.03084197197143, "lanes": "3", "maxspeed": "60", "name": "Pasteur", "junction": null, "access": null, "bridge": null, "relation_id": "19260546" }, "geometry": { "type": "LineString", "coordinates": [ [ 106.6899935, 10.7859074 ], [ 106.6893323, 10.7864949 ], [ 106.6892685, 10.7865443 ], [ 106.6892104, 10.7865907 ], [ 106.6889674, 10.7868176 ], [ 106.6883239, 10.7874184 ] ] } },
{ "type": "Feature", "properties": { "osmid": "1184372243", "highway": "secondary", "oneway": true, "reversed": "False", "length": 169.70627509329282, "lanes": "3", "maxspeed": "50", "name": "Nguyễn Đình Chiểu", "junction": null, "access": null, "bridge": null, "relation_id": "19260546" }, "geometry": { "type": "LineString", "coordinates": [ [ 106.6929429, 10.7814734 ], [ 106.6918829, 10.7803576 ] ] } },
{ "type": "Feature", "properties": { "osmid": "608262688", "highway": "secondary", "oneway": true, "reversed": "False", "length": 151.12947892842894, "lanes": "3", "maxspeed": null, "name": "Nam Kỳ Khởi Nghĩa", "junction": null, "access": null, "bridge": null, "relation_id": "19260546" }, "geometry": { "type": "LineString", "coordinates": [ [ 106.6929429, 10.7814734 ], [ 106.6933125, 10.7811319 ], [ 106.6939507, 10.7805422 ] ] } },
{ "type": "Feature", "properties": { "osmid": "654858472", "highway": "tertiary", "oneway": false, "reversed": "True", "length": 37.692395198924082, "lanes": "2", "maxspeed": null, "name": "Tú Xương", "junction": null, "access": null, "bridge": null, "relation_id": "19260546" }, "geometry": { "type": "LineString", "coordinates": [ [ 106.6839633, 10.7783866 ], [ 106.6842145, 10.778619 ] ] } },
{ "type": "Feature", "properties": { "osmid": "1180975824", "highway": "tertiary", "oneway": false, "reversed": "False", "length": 89.721745009592809, "lanes": "2", "maxspeed": null, "name": "Tú Xương", "junction": null, "access": null, "bridge": null, "relation_id": "19260546" }, "geometry": { "type": "LineString", "coordinates": [ [ 106.6839633, 10.7783866 ], [ 106.6833882, 10.7778105 ] ] } },
{ "type": "Feature", "properties": { "osmid": "700026885", "highway": "tertiary", "oneway": false, "reversed": "False", "length": 116.90736707053547, "lanes": null, "maxspeed": null, "name": "Nguyễn Thông", "junction": null, "access": null, "bridge": null, "relation_id": "19260546" }, "geometry": { "type": "LineString", "coordinates": [ [ 106.6839633, 10.7783866 ], [ 106.6842069, 10.7782467 ], [ 106.6844284, 10.7781194 ], [ 106.6848872, 10.7778559 ] ] } },
{ "type": "Feature", "properties": { "osmid": "1180975825", "highway": "tertiary", "oneway": false, "reversed": "True", "length": 114.51769910409872, "lanes": "2", "maxspeed": null, "name": "Nguyễn Thông", "junction": null, "access": null, "bridge": null, "relation_id": "19260546" }, "geometry": { "type": "LineString", "coordinates": [ [ 106.6839633, 10.7783866 ], [ 106.6831764, 10.7788378 ], [ 106.6831662, 10.7788436 ], [ 106.6831545, 10.7788503 ], [ 106.6830576, 10.7789053 ] ] } },
{ "type": "Feature", "properties": { "osmid": "654858167", "highway": "primary", "oneway": true, "reversed": "False", "length": 183.43916202980242, "lanes": "3", "maxspeed": null, "name": "Võ Thị Sáu", "junction": null, "access": null, "bridge": null, "relation_id": "19260546" }, "geometry": { "type": "LineString", "coordinates": [ [ 106.6854156, 10.7812847 ], [ 106.6846162, 10.780478 ], [ 106.6842442, 10.7801026 ] ] } },
{ "type": "Feature", "properties": { "osmid": "749986989", "highway": "secondary", "oneway": true, "reversed": "False", "length": 156.43579712252068, "lanes": "3", "maxspeed": "60", "name": "Nam Kỳ Khởi Nghĩa", "junction": null, "access": null, "bridge": null, "relation_id": "19260546" }, "geometry": { "type": "LineString", "coordinates": [ [ 106.6939507, 10.7805422 ], [ 106.6949909, 10.7795752 ] ] } },
{ "type": "Feature", "properties": { "osmid": "1177450263", "highway": "secondary", "oneway": true, "reversed": "False", "length": 88.306866424062818, "lanes": "3", "maxspeed": null, "name": "Võ Văn Tần", "junction": null, "access": null, "bridge": null, "relation_id": "19260546" }, "geometry": { "type": "LineString", "coordinates": [ [ 106.6939507, 10.7805422 ], [ 106.6934185, 10.7799444 ] ] } },
{ "type": "Feature", "properties": { "osmid": "658328100", "highway": "tertiary", "oneway": false, "reversed": "True", "length": 123.76910746477829, "lanes": "2", "maxspeed": null, "name": "Lê Quý Đôn", "junction": null, "access": null, "bridge": null, "relation_id": "19260546" }, "geometry": { "type": "LineString", "coordinates": [ [ 106.6880199, 10.7839127 ], [ 106.6888468, 10.7831517 ] ] } },
{ "type": "Feature", "properties": { "osmid": "1267006216", "highway": "primary", "oneway": true, "reversed": "False", "length": 93.889721087744164, "lanes": "3", "maxspeed": null, "name": "Võ Thị Sáu", "junction": null, "access": null, "bridge": null, "relation_id": "19260546" }, "geometry": { "type": "LineString", "coordinates": [ [ 106.6880199, 10.7839127 ], [ 106.6874203, 10.7833077 ] ] } },
{ "type": "Feature", "properties": { "osmid": "216956827", "highway": "residential", "oneway": false, "reversed": "False", "length": 14.788333754268084, "lanes": "2", "maxspeed": null, "name": "Trần Quốc Toản", "junction": null, "access": null, "bridge": null, "relation_id": "19260546" }, "geometry": { "type": "LineString", "coordinates": [ [ 106.6876762, 10.786401 ], [ 106.6876058, 10.7862874 ] ] } },
{ "type": "Feature", "properties": { "osmid": "1423071620", "highway": "primary", "oneway": true, "reversed": "False", "length": 28.703185346610528, "lanes": "3", "maxspeed": "60", "name": "Nam Kỳ Khởi Nghĩa", "junction": null, "access": null, "bridge": null, "relation_id": "19260546" }, "geometry": { "type": "LineString", "coordinates": [ [ 106.6876762, 10.786401 ], [ 106.6874835, 10.7865765 ] ] } },
{ "type": "Feature", "properties": { "osmid": "35113320", "highway": "residential", "oneway": false, "reversed": "True", "length": 43.972463170064977, "lanes": null, "maxspeed": null, "name": "Hẻm 384 Nam Kỳ Khởi Nghĩa", "junction": null, "access": null, "bridge": null, "relation_id": "19260546" }, "geometry": { "type": "LineString", "coordinates": [ [ 106.683902, 10.79047 ], [ 106.6836072, 10.7907393 ] ] } },
{ "type": "Feature", "properties": { "osmid": "35113533", "highway": "residential", "oneway": false, "reversed": "False", "length": 30.477266499973041, "lanes": null, "maxspeed": null, "name": "Hẻm 290 Nam Kỳ Khởi Nghĩa", "junction": null, "access": null, "bridge": null, "relation_id": "19260546" }, "geometry": { "type": "LineString", "coordinates": [ [ 106.683905, 10.7898473 ], [ 106.6840927, 10.7900501 ] ] } },
{ "type": "Feature", "properties": { "osmid": "1225573415", "highway": "primary", "oneway": true, "reversed": "False", "length": 91.069497343598343, "lanes": "3", "maxspeed": "60", "name": "Nam Kỳ Khởi Nghĩa", "junction": null, "access": null, "bridge": null, "relation_id": "19260546" }, "geometry": { "type": "LineString", "coordinates": [ [ 106.683905, 10.7898473 ], [ 106.6833068, 10.7904178 ] ] } },
{ "type": "Feature", "properties": { "osmid": "1178198376", "highway": "primary", "oneway": false, "reversed": "False", "length": 33.740762129917165, "lanes": "2", "maxspeed": null, "name": "Hai Bà Trưng", "junction": null, "access": null, "bridge": null, "relation_id": "19260546" }, "geometry": { "type": "LineString", "coordinates": [ [ 106.6877407, 10.7912438 ], [ 106.6874992, 10.791433 ] ] } },
{ "type": "Feature", "properties": { "osmid": "1351504561", "highway": "primary", "oneway": false, "reversed": "False", "length": 19.893915175083425, "lanes": "2", "maxspeed": null, "name": "Hai Bà Trưng", "junction": null, "access": null, "bridge": null, "relation_id": "19260546" }, "geometry": { "type": "LineString", "coordinates": [ [ 106.6877407, 10.7912438 ], [ 106.6878837, 10.791133 ] ] } },
{ "type": "Feature", "properties": { "osmid": "1163556238", "highway": "primary", "oneway": false, "reversed": "True", "length": 103.20522903779971, "lanes": "2", "maxspeed": null, "name": "Hai Bà Trưng", "junction": null, "access": null, "bridge": null, "relation_id": "19260546" }, "geometry": { "type": "LineString", "coordinates": [ [ 106.6900344, 10.789409 ], [ 106.690236, 10.7892498 ], [ 106.6904115, 10.7891102 ], [ 106.690639, 10.7889271 ], [ 106.6907681, 10.7888242 ] ] } },
{ "type": "Feature", "properties": { "osmid": "1431332944", "highway": "primary", "oneway": false, "reversed": "False", "length": 32.20084328758098, "lanes": "2", "maxspeed": null, "name": "Hai Bà Trưng", "junction": null, "access": null, "bridge": null, "relation_id": "19260546" }, "geometry": { "type": "LineString", "coordinates": [ [ 106.6900344, 10.789409 ], [ 106.6899537, 10.7894733 ], [ 106.6898071, 10.7895934 ] ] } },
{ "type": "Feature", "properties": { "osmid": "408246393", "highway": "primary", "oneway": true, "reversed": "False", "length": 55.600189361735787, "lanes": "3", "maxspeed": "60", "name": "Điện Biên Phủ", "junction": null, "access": null, "bridge": null, "relation_id": "19260546" }, "geometry": { "type": "LineString", "coordinates": [ [ 106.6896689, 10.7823954 ], [ 106.6900349, 10.7827429 ] ] } },
{ "type": "Feature", "properties": { "osmid": "658328100", "highway": "tertiary", "oneway": false, "reversed": "False", "length": 123.02933909706171, "lanes": "2", "maxspeed": null, "name": "Lê Quý Đôn", "junction": null, "access": null, "bridge": null, "relation_id": "19260546" }, "geometry": { "type": "LineString", "coordinates": [ [ 106.6896689, 10.7823954 ], [ 106.6888468, 10.7831517 ] ] } },
{ "type": "Feature", "properties": { "osmid": "658328100", "highway": "tertiary", "oneway": false, "reversed": "True", "length": 159.29529477875985, "lanes": "2", "maxspeed": null, "name": "Lê Quý Đôn", "junction": null, "access": null, "bridge": null, "relation_id": "19260546" }, "geometry": { "type": "LineString", "coordinates": [ [ 106.6896689, 10.7823954 ], [ 106.690186, 10.7819193 ], [ 106.6907327, 10.7814155 ] ] } },
{ "type": "Feature", "properties": { "osmid": "723823268", "highway": "primary", "oneway": false, "reversed": "False", "length": 104.03222925585203, "lanes": "4", "maxspeed": null, "name": "Cách Mạng Tháng Tám", "junction": null, "access": null, "bridge": null, "relation_id": "19260546" }, "geometry": { "type": "LineString", "coordinates": [ [ 106.6827702, 10.7772057 ], [ 106.6827295, 10.7772277 ], [ 106.6820786, 10.77758 ], [ 106.682044, 10.7775987 ], [ 106.6819378, 10.7776602 ] ] } },
{ "type": "Feature", "properties": { "osmid": "1180975823", "highway": "primary", "oneway": false, "reversed": "True", "length": 51.749091427709033, "lanes": "4", "maxspeed": null, "name": "Cách Mạng Tháng Tám", "junction": null, "access": null, "bridge": null, "relation_id": "19260546" }, "geometry": { "type": "LineString", "coordinates": [ [ 106.6827702, 10.7772057 ], [ 106.6828722, 10.7771497 ], [ 106.6831854, 10.7769816 ] ] } },
{ "type": "Feature", "properties": { "osmid": "1180975824", "highway": "tertiary", "oneway": false, "reversed": "True", "length": 62.660291959229269, "lanes": "2", "maxspeed": null, "name": "Tú Xương", "junction": null, "access": null, "bridge": null, "relation_id": "19260546" }, "geometry": { "type": "LineString", "coordinates": [ [ 106.6827702, 10.7772057 ], [ 106.6828574, 10.7772911 ], [ 106.6831766, 10.7776034 ] ] } },
{ "type": "Feature", "properties": { "osmid": "408246393", "highway": "primary", "oneway": true, "reversed": "False", "length": 183.7420167759764, "lanes": "3", "maxspeed": "60", "name": "Điện Biên Phủ", "junction": null, "access": null, "bridge": null, "relation_id": "19260546" }, "geometry": { "type": "LineString", "coordinates": [ [ 106.6884593, 10.7812471 ], [ 106.6896689, 10.7823954 ] ] } },
{ "type": "Feature", "properties": { "osmid": "694973742", "highway": "tertiary", "oneway": false, "reversed": "False", "length": 88.449526906920951, "lanes": "2", "maxspeed": null, "name": "Trần Quốc Thảo", "junction": null, "access": null, "bridge": null, "relation_id": "19260546" }, "geometry": { "type": "LineString", "coordinates": [ [ 106.6884593, 10.7812471 ], [ 106.6890494, 10.7807024 ] ] } },
{ "type": "Feature", "properties": { "osmid": "35114553", "highway": "secondary", "oneway": false, "reversed": "True", "length": 120.28584321405089, "lanes": "2", "maxspeed": null, "name": "Trần Quốc Thảo", "junction": null, "access": null, "bridge": null, "relation_id": "19260546" }, "geometry": { "type": "LineString", "coordinates": [ [ 106.6884593, 10.7812471 ], [ 106.6880308, 10.7816342 ], [ 106.6878809, 10.7817731 ], [ 106.6876492, 10.7819798 ] ] } },
{ "type": "Feature", "properties": { "osmid": "1267462152", "highway": "primary", "oneway": true, "reversed": "False", "length": 81.35989638717669, "lanes": "2", "maxspeed": null, "name": "Điện Biên Phủ", "junction": null, "access": null, "bridge": null, "relation_id": "19260546" }, "geometry": { "type": "LineString", "coordinates": [ [ 106.6927888, 10.7855325 ], [ 106.6933006, 10.7860641 ] ] } },
{ "type": "Feature", "properties": { "osmid": "747226804", "highway": "tertiary", "oneway": false, "reversed": "True", "length": 188.14175365903597, "lanes": "2", "maxspeed": null, "name": "Phạm Ngọc Thạch", "junction": null, "access": null, "bridge": null, "relation_id": "19260546" }, "geometry": { "type": "LineString", "coordinates": [ [ 106.6927888, 10.7855325 ], [ 106.6933047, 10.7850573 ], [ 106.6934757, 10.7848999 ], [ 106.6935643, 10.7848182 ], [ 106.693721, 10.7846739 ], [ 106.6938649, 10.7845414 ], [ 106.6940453, 10.7843752 ] ] } },
{ "type": "Feature", "properties": { "osmid": "1267462153", "highway": "tertiary", "oneway": false, "reversed": "False", "length": 248.18927487615071, "lanes": null, "maxspeed": null, "name": "Phạm Ngọc Thạch", "junction": null, "access": null, "bridge": null, "relation_id": "19260546" }, "geometry": { "type": "LineString", "coordinates": [ [ 106.6927888, 10.7855325 ], [ 106.6922892, 10.7859927 ], [ 106.6922095, 10.7860661 ], [ 106.6919888, 10.7862694 ], [ 106.6917524, 10.7864871 ], [ 106.6913724, 10.7868372 ], [ 106.6911313, 10.7870592 ] ] } },
{ "type": "Feature", "properties": { "osmid": "225372720", "highway": "primary", "oneway": false, "reversed": "True", "length": 9.9721962926573173, "lanes": "2", "maxspeed": null, "name": "Hai Bà Trưng", "junction": null, "access": null, "bridge": null, "relation_id": "19260546" }, "geometry": { "type": "LineString", "coordinates": [ [ 106.688343, 10.7907571 ], [ 106.6884139, 10.7907006 ] ] } },
{ "type": "Feature", "properties": { "osmid": "1351504562", "highway": "primary", "oneway": false, "reversed": "True", "length": 26.918266445816887, "lanes": "2", "maxspeed": null, "name": "Hai Bà Trưng", "junction": null, "access": null, "bridge": null, "relation_id": "19260546" }, "geometry": { "type": "LineString", "coordinates": [ [ 106.688343, 10.7907571 ], [ 106.6881596, 10.7909188 ] ] } },
{ "type": "Feature", "properties": { "osmid": "35113111", "highway": "residential", "oneway": true, "reversed": "False", "length": 87.348891827378296, "lanes": null, "maxspeed": "50", "name": "Nguyễn Văn Mai", "junction": null, "access": null, "bridge": null, "relation_id": "19260546" }, "geometry": { "type": "LineString", "coordinates": [ [ 106.688343, 10.7907571 ], [ 106.6881531, 10.7905168 ], [ 106.6878526, 10.7901366 ] ] } },
{ "type": "Feature", "properties": { "osmid": "35113721", "highway": "tertiary", "oneway": false, "reversed": "True", "length": 66.641034559187375, "lanes": "2", "maxspeed": null, "name": "Ngô Thời Nhiệm", "junction": null, "access": null, "bridge": null, "relation_id": "19260546" }, "geometry": { "type": "LineString", "coordinates": [ [ 106.6852571, 10.7758973 ], [ 106.6856829, 10.7763265 ] ] } },
{ "type": "Feature", "properties": { "osmid": "408200597", "highway": "primary", "oneway": true, "reversed": "False", "length": 166.46672909292113, "lanes": "2", "maxspeed": null, "name": "Cách Mạng Tháng Tám", "junction": null, "access": null, "bridge": null, "relation_id": "19260546" }, "geometry": { "type": "LineString", "coordinates": [ [ 106.6852571, 10.7758973 ], [ 106.685184, 10.7759368 ], [ 106.6847395, 10.7761776 ], [ 106.6845222, 10.7762954 ], [ 106.6844411, 10.7763393 ], [ 106.6839226, 10.7766202 ] ] } },
{ "type": "Feature", "properties": { "osmid": "1185423785", "highway": "residential", "oneway": false, "reversed": "False", "length": 239.57438134459687, "lanes": null, "maxspeed": null, "name": "Nguyễn Thị Diệu", "junction": null, "access": null, "bridge": null, "relation_id": "19260546" }, "geometry": { "type": "LineString", "coordinates": [ [ 106.6889932, 10.7762842 ], [ 106.6875255, 10.7746832 ] ] } },
{ "type": "Feature", "properties": { "osmid": "1176155753", "highway": "residential", "oneway": false, "reversed": "True", "length": 174.1959627755495, "lanes": null, "maxspeed": null, "name": "Nguyễn Thị Diệu", "junction": null, "access": null, "bridge": null, "relation_id": "19260546" }, "geometry": { "type": "LineString", "coordinates": [ [ 106.6889932, 10.7762842 ], [ 106.6897304, 10.777067 ], [ 106.6900761, 10.7774342 ] ] } },
{ "type": "Feature", "properties": { "osmid": "1222962347", "highway": "tertiary", "oneway": true, "reversed": "False", "length": 86.221020788106841, "lanes": "2", "maxspeed": "60", "name": "Bà Huyện Thanh Quan", "junction": null, "access": null, "bridge": null, "relation_id": "19260546" }, "geometry": { "type": "LineString", "coordinates": [ [ 106.6889932, 10.7762842 ], [ 106.6894328, 10.7758783 ], [ 106.6895684, 10.7757532 ] ] } },
{ "type": "Feature", "properties": { "osmid": "306641038", "highway": "primary", "oneway": false, "reversed": "False", "length": 5.6100599537251137, "lanes": "2", "maxspeed": null, "name": "Hai Bà Trưng", "junction": null, "access": null, "bridge": null, "relation_id": "19260546" }, "geometry": { "type": "LineString", "coordinates": [ [ 106.6948653, 10.7855769 ], [ 106.6948247, 10.7856078 ] ] } },
{ "type": "Feature", "properties": { "osmid": "306641038", "highway": "primary", "oneway": false, "reversed": "True", "length": 158.86243521874738, "lanes": "2", "maxspeed": null, "name": "Hai Bà Trưng", "junction": null, "access": null, "bridge": null, "relation_id": "19260546" }, "geometry": { "type": "LineString", "coordinates": [ [ 106.6948653, 10.7855769 ], [ 106.6959397, 10.7847012 ], [ 106.6959835, 10.7846634 ] ] } },
{ "type": "Feature", "properties": { "osmid": "220216405", "highway": "secondary", "oneway": false, "reversed": "True", "length": 15.512043869003683, "lanes": null, "maxspeed": "60", "name": "Lý Chính Thắng", "junction": null, "access": null, "bridge": null, "relation_id": "19260546" }, "geometry": { "type": "LineString", "coordinates": [ [ 106.6852701, 10.7886239 ], [ 106.6852127, 10.7884963 ] ] } },
{ "type": "Feature", "properties": { "osmid": "220216395", "highway": "secondary", "oneway": true, "reversed": "False", "length": 216.80592215338783, "lanes": "3", "maxspeed": "60", "name": "Lý Chính Thắng", "junction": null, "access": null, "bridge": null, "relation_id": "19260546" }, "geometry": { "type": "LineString", "coordinates": [ [ 106.6852701, 10.7886239 ], [ 106.6854222, 10.7889712 ], [ 106.6855969, 10.7893366 ], [ 106.6856298, 10.789411 ], [ 106.6857547, 10.7895873 ], [ 106.685845, 10.7896869 ], [ 106.6859399, 10.7897864 ], [ 106.6860629, 10.7899169 ], [ 106.6862268, 10.7900952 ], [ 106.6863677, 10.7902169 ] ] } },
{ "type": "Feature", "properties": { "osmid": "1225573415", "highway": "primary", "oneway": true, "reversed": "False", "length": 160.38160372021645, "lanes": "3", "maxspeed": "60", "name": "Nam Kỳ Khởi Nghĩa", "junction": null, "access": null, "bridge": null, "relation_id": "19260546" }, "geometry": { "type": "LineString", "coordinates": [ [ 106.6852701, 10.7886239 ], [ 106.6845559, 10.7892621 ], [ 106.6841839, 10.7895944 ] ] } },
{ "type": "Feature", "properties": { "osmid": "1185423294", "highway": "tertiary", "oneway": false, "reversed": "True", "length": 97.806108597437955, "lanes": "2", "maxspeed": null, "name": "Hồ Xuân Hương", "junction": null, "access": null, "bridge": null, "relation_id": "19260546" }, "geometry": { "type": "LineString", "coordinates": [ [ 106.6863923, 10.7752884 ], [ 106.6869866, 10.7759463 ] ] } },
{ "type": "Feature", "properties": { "osmid": "1214266137", "highway": "primary", "oneway": true, "reversed": "False", "length": 70.67515224121972, "lanes": "2", "maxspeed": null, "name": "Cách Mạng Tháng Tám", "junction": null, "access": null, "bridge": null, "relation_id": "19260546" }, "geometry": { "type": "LineString", "coordinates": [ [ 106.6863923, 10.7752884 ], [ 106.6863389, 10.7753172 ], [ 106.6858246, 10.7755933 ] ] } },
{ "type": "Feature", "properties": { "osmid": "1184372244", "highway": "tertiary", "oneway": false, "reversed": "True", "length": 156.67073750597908, "lanes": "2", "maxspeed": null, "name": "Lê Quý Đôn", "junction": null, "access": null, "bridge": null, "relation_id": "19260546" }, "geometry": { "type": "LineString", "coordinates": [ [ 106.6918829, 10.7803576 ], [ 106.6929296, 10.7793943 ] ] } },
{ "type": "Feature", "properties": { "osmid": "658328100", "highway": "tertiary", "oneway": false, "reversed": "False", "length": 172.11273674666353, "lanes": "2", "maxspeed": null, "name": "Lê Quý Đôn", "junction": null, "access": null, "bridge": null, "relation_id": "19260546" }, "geometry": { "type": "LineString", "coordinates": [ [ 106.6918829, 10.7803576 ], [ 106.69124, 10.7809493 ], [ 106.6907327, 10.7814155 ] ] } },
{ "type": "Feature", "properties": { "osmid": "1267138238", "highway": "secondary", "oneway": true, "reversed": "False", "length": 185.1660498130845, "lanes": "3", "maxspeed": "50", "name": "Nguyễn Đình Chiểu", "junction": null, "access": null, "bridge": null, "relation_id": "19260546" }, "geometry": { "type": "LineString", "coordinates": [ [ 106.6918829, 10.7803576 ], [ 106.6915248, 10.7799806 ], [ 106.6913679, 10.7798155 ], [ 106.6913552, 10.7798021 ], [ 106.6912971, 10.7797409 ], [ 106.6907264, 10.7791401 ] ] } },
{ "type": "Feature", "properties": { "osmid": "35113721", "highway": "tertiary", "oneway": false, "reversed": "False", "length": 185.05743775448246, "lanes": "2", "maxspeed": null, "name": "Ngô Thời Nhiệm", "junction": null, "access": null, "bridge": null, "relation_id": "19260546" }, "geometry": { "type": "LineString", "coordinates": [ [ 106.6907327, 10.7814155 ], [ 106.6904208, 10.7811013 ], [ 106.690321, 10.7810007 ], [ 106.6901282, 10.7808064 ], [ 106.6895501, 10.7802238 ] ] } },
{ "type": "Feature", "properties": { "osmid": "35113721", "highway": "tertiary", "oneway": false, "reversed": "True", "length": 169.45344511319641, "lanes": "2", "maxspeed": null, "name": "Ngô Thời Nhiệm", "junction": null, "access": null, "bridge": null, "relation_id": "19260546" }, "geometry": { "type": "LineString", "coordinates": [ [ 106.6907327, 10.7814155 ], [ 106.6910923, 10.781778 ], [ 106.691111, 10.7817968 ], [ 106.6911646, 10.7818509 ], [ 106.6914084, 10.7820965 ], [ 106.6918155, 10.7825068 ] ] } },
{ "type": "Feature", "properties": { "osmid": "658328100", "highway": "tertiary", "oneway": false, "reversed": "False", "length": 159.29529477875985, "lanes": "2", "maxspeed": null, "name": "Lê Quý Đôn", "junction": null, "access": null, "bridge": null, "relation_id": "19260546" }, "geometry": { "type": "LineString", "coordinates": [ [ 106.6907327, 10.7814155 ], [ 106.690186, 10.7819193 ], [ 106.6896689, 10.7823954 ] ] } },
{ "type": "Feature", "properties": { "osmid": "658328100", "highway": "tertiary", "oneway": false, "reversed": "True", "length": 172.11273674666353, "lanes": "2", "maxspeed": null, "name": "Lê Quý Đôn", "junction": null, "access": null, "bridge": null, "relation_id": "19260546" }, "geometry": { "type": "LineString", "coordinates": [ [ 106.6907327, 10.7814155 ], [ 106.69124, 10.7809493 ], [ 106.6918829, 10.7803576 ] ] } },
{ "type": "Feature", "properties": { "osmid": "35114553", "highway": "secondary", "oneway": false, "reversed": "True", "length": 120.92292801005787, "lanes": "2", "maxspeed": null, "name": "Trần Quốc Thảo", "junction": null, "access": null, "bridge": null, "relation_id": "19260546" }, "geometry": { "type": "LineString", "coordinates": [ [ 106.6876492, 10.7819798 ], [ 106.6868417, 10.7827237 ] ] } },
{ "type": "Feature", "properties": { "osmid": "35114553", "highway": "secondary", "oneway": false, "reversed": "False", "length": 120.28584321405089, "lanes": "2", "maxspeed": null, "name": "Trần Quốc Thảo", "junction": null, "access": null, "bridge": null, "relation_id": "19260546" }, "geometry": { "type": "LineString", "coordinates": [ [ 106.6876492, 10.7819798 ], [ 106.6878809, 10.7817731 ], [ 106.6880308, 10.7816342 ], [ 106.6884593, 10.7812471 ] ] } },
{ "type": "Feature", "properties": { "osmid": "205311563", "highway": "tertiary", "oneway": false, "reversed": "True", "length": 184.64401571609324, "lanes": "2", "maxspeed": null, "name": "Tú Xương", "junction": null, "access": null, "bridge": null, "relation_id": "19260546" }, "geometry": { "type": "LineString", "coordinates": [ [ 106.6876492, 10.7819798 ], [ 106.6882842, 10.7826012 ], [ 106.6888468, 10.7831517 ] ] } },
{ "type": "Feature", "properties": { "osmid": "654861070", "highway": "tertiary", "oneway": false, "reversed": "False", "length": 206.14397633641042, "lanes": "2", "maxspeed": null, "name": "Tú Xương", "junction": null, "access": null, "bridge": null, "relation_id": "19260546" }, "geometry": { "type": "LineString", "coordinates": [ [ 106.6876492, 10.7819798 ], [ 106.6869471, 10.7812928 ], [ 106.6864054, 10.7807628 ], [ 106.6863121, 10.7806715 ] ] } },
{ "type": "Feature", "properties": { "osmid": "205311563", "highway": "tertiary", "oneway": false, "reversed": "True", "length": 159.53613969780807, "lanes": "2", "maxspeed": null, "name": "Tú Xương", "junction": null, "access": null, "bridge": null, "relation_id": "19260546" }, "geometry": { "type": "LineString", "coordinates": [ [ 106.6888468, 10.7831517 ], [ 106.6898816, 10.7841642 ] ] } },
{ "type": "Feature", "properties": { "osmid": "658328100", "highway": "tertiary", "oneway": false, "reversed": "False", "length": 123.76910746477829, "lanes": "2", "maxspeed": null, "name": "Lê Quý Đôn", "junction": null, "access": null, "bridge": null, "relation_id": "19260546" }, "geometry": { "type": "LineString", "coordinates": [ [ 106.6888468, 10.7831517 ], [ 106.6880199, 10.7839127 ] ] } },
{ "type": "Feature", "properties": { "osmid": "658328100", "highway": "tertiary", "oneway": false, "reversed": "True", "length": 123.02933909706171, "lanes": "2", "maxspeed": null, "name": "Lê Quý Đôn", "junction": null, "access": null, "bridge": null, "relation_id": "19260546" }, "geometry": { "type": "LineString", "coordinates": [ [ 106.6888468, 10.7831517 ], [ 106.6896689, 10.7823954 ] ] } },
{ "type": "Feature", "properties": { "osmid": "205311563", "highway": "tertiary", "oneway": false, "reversed": "False", "length": 184.64401571609324, "lanes": "2", "maxspeed": null, "name": "Tú Xương", "junction": null, "access": null, "bridge": null, "relation_id": "19260546" }, "geometry": { "type": "LineString", "coordinates": [ [ 106.6888468, 10.7831517 ], [ 106.6882842, 10.7826012 ], [ 106.6876492, 10.7819798 ] ] } },
{ "type": "Feature", "properties": { "osmid": "306641038", "highway": "primary", "oneway": false, "reversed": "False", "length": 158.86243521874738, "lanes": "2", "maxspeed": null, "name": "Hai Bà Trưng", "junction": null, "access": null, "bridge": null, "relation_id": "19260546" }, "geometry": { "type": "LineString", "coordinates": [ [ 106.6959835, 10.7846634 ], [ 106.6959397, 10.7847012 ], [ 106.6948653, 10.7855769 ] ] } },
{ "type": "Feature", "properties": { "osmid": "673254417", "highway": "primary", "oneway": false, "reversed": "True", "length": 150.87263425367746, "lanes": "2", "maxspeed": null, "name": "Hai Bà Trưng", "junction": null, "access": null, "bridge": null, "relation_id": "19260546" }, "geometry": { "type": "LineString", "coordinates": [ [ 106.6959835, 10.7846634 ], [ 106.6960368, 10.7846204 ], [ 106.6963368, 10.7843787 ], [ 106.6964821, 10.7842616 ], [ 106.6965633, 10.7841962 ], [ 106.6966426, 10.7841322 ], [ 106.6967208, 10.7840692 ], [ 106.6968045, 10.7840018 ], [ 106.6969207, 10.7839081 ], [ 106.697051, 10.7838024 ] ] } },
{ "type": "Feature", "properties": { "osmid": "1267653586", "highway": "secondary", "oneway": true, "reversed": "False", "length": 168.19212683966407, "lanes": "2", "maxspeed": "50", "name": "Nguyễn Đình Chiểu", "junction": null, "access": null, "bridge": null, "relation_id": "19260546" }, "geometry": { "type": "LineString", "coordinates": [ [ 106.6959835, 10.7846634 ], [ 106.6959169, 10.7845958 ], [ 106.6949277, 10.7835624 ] ] } },
{ "type": "Feature", "properties": { "osmid": "1275903827", "highway": "primary", "oneway": true, "reversed": "False", "length": 138.89491750216686, "lanes": "2", "maxspeed": null, "name": "Điện Biên Phủ", "junction": null, "access": null, "bridge": null, "relation_id": "19260546" }, "geometry": { "type": "LineString", "coordinates": [ [ 106.690783, 10.7834531 ], [ 106.6916574, 10.78436 ] ] } },
{ "type": "Feature", "properties": { "osmid": "193092894", "highway": "primary", "oneway": true, "reversed": "False", "length": 253.32477264705159, "lanes": null, "maxspeed": null, "name": "Nam Kỳ Khởi Nghĩa", "junction": null, "access": null, "bridge": null, "relation_id": "19260546" }, "geometry": { "type": "LineString", "coordinates": [ [ 106.690783, 10.7834531 ], [ 106.6907157, 10.7836046 ], [ 106.6904246, 10.7838738 ], [ 106.689292, 10.7849284 ], [ 106.6891553, 10.7850588 ] ] } },
{ "type": "Feature", "properties": { "osmid": "193616433", "highway": "secondary", "oneway": true, "reversed": "False", "length": 76.343282569082589, "lanes": "3", "maxspeed": null, "name": "Nam Kỳ Khởi Nghĩa", "junction": null, "access": null, "bridge": null, "relation_id": "19260546" }, "geometry": { "type": "LineString", "coordinates": [ [ 106.690783, 10.7834531 ], [ 106.6911377, 10.783128 ], [ 106.691294, 10.7829847 ] ] } },
{ "type": "Feature", "properties": { "osmid": "223637314", "highway": "primary", "oneway": true, "reversed": "False", "length": 89.956062032404901, "lanes": "2", "maxspeed": null, "name": "Cách Mạng Tháng Tám", "junction": null, "access": null, "bridge": null, "relation_id": "19260546" }, "geometry": { "type": "LineString", "coordinates": [ [ 106.6882626, 10.7743262 ], [ 106.6881044, 10.77438 ], [ 106.6879093, 10.7744866 ], [ 106.6876773, 10.774607 ], [ 106.6875255, 10.7746832 ] ] } },
{ "type": "Feature", "properties": { "osmid": "1056903939", "highway": "secondary", "oneway": true, "reversed": "False", "length": 119.08585568645788, "lanes": "2", "maxspeed": "60", "name": "Pasteur", "junction": null, "access": null, "bridge": null, "relation_id": "19260546" }, "geometry": { "type": "LineString", "coordinates": [ [ 106.6938041, 10.78238 ], [ 106.693016, 10.78312 ] ] } },
{ "type": "Feature", "properties": { "osmid": "1267653586", "highway": "secondary", "oneway": true, "reversed": "False", "length": 137.88342275713961, "lanes": "2", "maxspeed": "50", "name": "Nguyễn Đình Chiểu", "junction": null, "access": null, "bridge": null, "relation_id": "19260546" }, "geometry": { "type": "LineString", "coordinates": [ [ 106.6938041, 10.78238 ], [ 106.6929429, 10.7814734 ] ] } },
{ "type": "Feature", "properties": { "osmid": "326770986", "highway": "secondary", "oneway": true, "reversed": "False", "length": 250.27703333396215, "lanes": "3", "maxspeed": "60", "name": "Pasteur", "junction": null, "access": null, "bridge": null, "relation_id": "19260546" }, "geometry": { "type": "LineString", "coordinates": [ [ 106.6916574, 10.78436 ], [ 106.6912422, 10.784746 ], [ 106.6906295, 10.7853154 ], [ 106.6899935, 10.7859074 ] ] } },
{ "type": "Feature", "properties": { "osmid": "327074920", "highway": "primary", "oneway": true, "reversed": "False", "length": 179.64117575864773, "lanes": "2", "maxspeed": null, "name": "Điện Biên Phủ", "junction": null, "access": null, "bridge": null, "relation_id": "19260546" }, "geometry": { "type": "LineString", "coordinates": [ [ 106.6916574, 10.78436 ], [ 106.6917495, 10.7844555 ], [ 106.6927888, 10.7855325 ] ] } },
{ "type": "Feature", "properties": { "osmid": "1271931206", "highway": "primary", "oneway": true, "reversed": "False", "length": 57.06718928163945, "lanes": "2", "maxspeed": null, "name": "Cách Mạng Tháng Tám", "junction": null, "access": null, "bridge": null, "relation_id": "19260546" }, "geometry": { "type": "LineString", "coordinates": [ [ 106.6868508, 10.7750424 ], [ 106.6867267, 10.7751095 ], [ 106.6863923, 10.7752884 ] ] } },
{ "type": "Feature", "properties": { "osmid": "673254417", "highway": "primary", "oneway": false, "reversed": "False", "length": 150.87263425367749, "lanes": "2", "maxspeed": null, "name": "Hai Bà Trưng", "junction": null, "access": null, "bridge": null, "relation_id": "19260546" }, "geometry": { "type": "LineString", "coordinates": [ [ 106.697051, 10.7838024 ], [ 106.6969207, 10.7839081 ], [ 106.6968045, 10.7840018 ], [ 106.6967208, 10.7840692 ], [ 106.6966426, 10.7841322 ], [ 106.6965633, 10.7841962 ], [ 106.6964821, 10.7842616 ], [ 106.6963368, 10.7843787 ], [ 106.6960368, 10.7846204 ], [ 106.6959835, 10.7846634 ] ] } },
{ "type": "Feature", "properties": { "osmid": "673254417", "highway": "primary", "oneway": false, "reversed": "True", "length": 155.00008461046818, "lanes": "2", "maxspeed": null, "name": "Hai Bà Trưng", "junction": null, "access": null, "bridge": null, "relation_id": "19260546" }, "geometry": { "type": "LineString", "coordinates": [ [ 106.697051, 10.7838024 ], [ 106.6971361, 10.783729 ], [ 106.6981158, 10.782881 ] ] } },
{ "type": "Feature", "properties": { "osmid": "747226803", "highway": "secondary", "oneway": true, "reversed": "False", "length": 132.66773897983171, "lanes": "2", "maxspeed": null, "name": "Trần Cao Vân", "junction": null, "access": null, "bridge": null, "relation_id": "19260546" }, "geometry": { "type": "LineString", "coordinates": [ [ 106.697051, 10.7838024 ], [ 106.6969587, 10.7837047 ], [ 106.6965554, 10.7832776 ], [ 106.6963747, 10.7830862 ], [ 106.6962973, 10.7830031 ], [ 106.696225, 10.7829277 ] ] } },
{ "type": "Feature", "properties": { "osmid": "35113196", "highway": "tertiary", "oneway": false, "reversed": "True", "length": 107.16520282599495, "lanes": "2", "maxspeed": null, "name": "Phạm Ngọc Thạch", "junction": null, "access": null, "bridge": null, "relation_id": "19260546" }, "geometry": { "type": "LineString", "coordinates": [ [ 106.6949277, 10.7835624 ], [ 106.6955731, 10.782981 ], [ 106.69565, 10.7829102 ] ] } },
{ "type": "Feature", "properties": { "osmid": "747226804", "highway": "tertiary", "oneway": false, "reversed": "False", "length": 104.36745152612228, "lanes": "2", "maxspeed": null, "name": "Phạm Ngọc Thạch", "junction": null, "access": null, "bridge": null, "relation_id": "19260546" }, "geometry": { "type": "LineString", "coordinates": [ [ 106.6949277, 10.7835624 ], [ 106.6943977, 10.7840506 ], [ 106.6943386, 10.784105 ], [ 106.6942307, 10.7842044 ] ] } },
{ "type": "Feature", "properties": { "osmid": "1267653586", "highway": "secondary", "oneway": true, "reversed": "False", "length": 179.85979147291101, "lanes": "2", "maxspeed": "50", "name": "Nguyễn Đình Chiểu", "junction": null, "access": null, "bridge": null, "relation_id": "19260546" }, "geometry": { "type": "LineString", "coordinates": [ [ 106.6949277, 10.7835624 ], [ 106.6941693, 10.7827644 ], [ 106.6938041, 10.78238 ] ] } },
{ "type": "Feature", "properties": { "osmid": "35113196", "highway": "tertiary", "oneway": false, "reversed": "False", "length": 107.16520282599495, "lanes": "2", "maxspeed": null, "name": "Phạm Ngọc Thạch", "junction": null, "access": null, "bridge": null, "relation_id": "19260546" }, "geometry": { "type": "LineString", "coordinates": [ [ 106.69565, 10.7829102 ], [ 106.6955731, 10.782981 ], [ 106.6949277, 10.7835624 ] ] } },
{ "type": "Feature", "properties": { "osmid": "1267462154", "highway": "secondary", "oneway": true, "reversed": "False", "length": 70.161306689790223, "lanes": "3", "maxspeed": null, "name": "Công trường Quốc tế", "junction": "roundabout", "access": null, "bridge": null, "relation_id": "19260546" }, "geometry": { "type": "LineString", "coordinates": [ [ 106.69565, 10.7829102 ], [ 106.69561, 10.7828609 ], [ 106.6955783, 10.782806 ], [ 106.6955558, 10.7827469 ], [ 106.6955431, 10.782685 ], [ 106.6955404, 10.7826221 ], [ 106.6955479, 10.7825593 ], [ 106.6955654, 10.7824986 ], [ 106.6955924, 10.7824413 ], [ 106.6956282, 10.782389 ], [ 106.695672, 10.7823428 ] ] } },
{ "type": "Feature", "properties": { "osmid": "326849845", "highway": "primary", "oneway": true, "reversed": "False", "length": 178.13590207715424, "lanes": "3", "maxspeed": "60", "name": "Nguyễn Thị Minh Khai", "junction": null, "access": null, "bridge": null, "relation_id": "19260546" }, "geometry": { "type": "LineString", "coordinates": [ [ 106.6958645, 10.7805243 ], [ 106.6969717, 10.7817005 ] ] } },
{ "type": "Feature", "properties": { "osmid": "326849846", "highway": "secondary", "oneway": true, "reversed": "False", "length": 153.86163574661742, "lanes": "2", "maxspeed": "60", "name": "Pasteur", "junction": null, "access": null, "bridge": null, "relation_id": "19260546" }, "geometry": { "type": "LineString", "coordinates": [ [ 106.6958645, 10.7805243 ], [ 106.6948334, 10.781467 ] ] } },
{ "type": "Feature", "properties": { "osmid": "408246393", "highway": "primary", "oneway": true, "reversed": "False", "length": 190.35053195218885, "lanes": "3", "maxspeed": "60", "name": "Điện Biên Phủ", "junction": null, "access": null, "bridge": null, "relation_id": "19260546" }, "geometry": { "type": "LineString", "coordinates": [ [ 106.6872062, 10.7800575 ], [ 106.6878352, 10.7806546 ], [ 106.6881983, 10.7809993 ], [ 106.6884593, 10.7812471 ] ] } },
{ "type": "Feature", "properties": { "osmid": "654858471", "highway": "tertiary", "oneway": true, "reversed": "False", "length": 119.16519659264986, "lanes": "3", "maxspeed": "60", "name": "Trương Định", "junction": null, "access": null, "bridge": null, "relation_id": "19260546" }, "geometry": { "type": "LineString", "coordinates": [ [ 106.6872062, 10.7800575 ], [ 106.6864552, 10.7805701 ], [ 106.6863121, 10.7806715 ] ] } },
{ "type": "Feature", "properties": { "osmid": "327048052", "highway": "secondary", "oneway": true, "reversed": "False", "length": 92.237810780305111, "lanes": "3", "maxspeed": "50", "name": "Nguyễn Đình Chiểu", "junction": null, "access": null, "bridge": null, "relation_id": "19260546" }, "geometry": { "type": "LineString", "coordinates": [ [ 106.6884651, 10.7767717 ], [ 106.687907, 10.7761492 ] ] } },
{ "type": "Feature", "properties": { "osmid": "327048054", "highway": "tertiary", "oneway": true, "reversed": "False", "length": 79.159308464636638, "lanes": "2", "maxspeed": "60", "name": "Bà Huyện Thanh Quan", "junction": null, "access": null, "bridge": null, "relation_id": "19260546" }, "geometry": { "type": "LineString", "coordinates": [ [ 106.6884651, 10.7767717 ], [ 106.6889932, 10.7762842 ] ] } },
{ "type": "Feature", "properties": { "osmid": "654858471", "highway": "tertiary", "oneway": true, "reversed": "False", "length": 119.32817454533253, "lanes": "3", "maxspeed": "60", "name": "Trương Định", "junction": null, "access": null, "bridge": null, "relation_id": "19260546" }, "geometry": { "type": "LineString", "coordinates": [ [ 106.6863121, 10.7806715 ], [ 106.6858985, 10.7809517 ], [ 106.6855668, 10.7811791 ], [ 106.6854156, 10.7812847 ] ] } },
{ "type": "Feature", "properties": { "osmid": "654858472", "highway": "tertiary", "oneway": false, "reversed": "False", "length": 177.96654572171525, "lanes": "2", "maxspeed": null, "name": "Tú Xương", "junction": null, "access": null, "bridge": null, "relation_id": "19260546" }, "geometry": { "type": "LineString", "coordinates": [ [ 106.6863121, 10.7806715 ], [ 106.6854733, 10.7798507 ], [ 106.6851887, 10.7795723 ], [ 106.6851805, 10.7795642 ], [ 106.6851578, 10.779542 ] ] } },
{ "type": "Feature", "properties": { "osmid": "654861070", "highway": "tertiary", "oneway": false, "reversed": "True", "length": 206.14397633641039, "lanes": "2", "maxspeed": null, "name": "Tú Xương", "junction": null, "access": null, "bridge": null, "relation_id": "19260546" }, "geometry": { "type": "LineString", "coordinates": [ [ 106.6863121, 10.7806715 ], [ 106.6864054, 10.7807628 ], [ 106.6869471, 10.7812928 ], [ 106.6876492, 10.7819798 ] ] } },
{ "type": "Feature", "properties": { "osmid": "326771005", "highway": "secondary", "oneway": true, "reversed": "False", "length": 173.77130872190531, "lanes": "3", "maxspeed": "50", "name": "Nguyễn Đình Chiểu", "junction": null, "access": null, "bridge": null, "relation_id": "19260546" }, "geometry": { "type": "LineString", "coordinates": [ [ 106.6895565, 10.7779086 ], [ 106.6887766, 10.7770875 ], [ 106.6885464, 10.7768542 ], [ 106.6884651, 10.7767717 ] ] } },
{ "type": "Feature", "properties": { "osmid": "654858471", "highway": "tertiary", "oneway": true, "reversed": "False", "length": 56.77375397572434, "lanes": "3", "maxspeed": "60", "name": "Trương Định", "junction": null, "access": null, "bridge": null, "relation_id": "19260546" }, "geometry": { "type": "LineString", "coordinates": [ [ 106.6895565, 10.7779086 ], [ 106.689348, 10.778099 ], [ 106.6891758, 10.7782562 ] ] } },
{ "type": "Feature", "properties": { "osmid": "327048054", "highway": "tertiary", "oneway": true, "reversed": "False", "length": 117.69939806571784, "lanes": "2", "maxspeed": "60", "name": "Bà Huyện Thanh Quan", "junction": null, "access": null, "bridge": null, "relation_id": "19260546" }, "geometry": { "type": "LineString", "coordinates": [ [ 106.6842442, 10.7801026 ], [ 106.6851246, 10.7795576 ], [ 106.6851335, 10.7795522 ], [ 106.6851578, 10.779542 ] ] } },
{ "type": "Feature", "properties": { "osmid": "654858167", "highway": "primary", "oneway": true, "reversed": "False", "length": 185.80875738162257, "lanes": "3", "maxspeed": null, "name": "Võ Thị Sáu", "junction": null, "access": null, "bridge": null, "relation_id": "19260546" }, "geometry": { "type": "LineString", "coordinates": [ [ 106.6842442, 10.7801026 ], [ 106.684101, 10.7799581 ], [ 106.6837871, 10.7796413 ], [ 106.6831114, 10.7789595 ], [ 106.6830909, 10.7789389 ], [ 106.6830576, 10.7789053 ] ] } },
{ "type": "Feature", "properties": { "osmid": "327048054", "highway": "tertiary", "oneway": true, "reversed": "False", "length": 117.80892793662832, "lanes": "2", "maxspeed": "60", "name": "Bà Huyện Thanh Quan", "junction": null, "access": null, "bridge": null, "relation_id": "19260546" }, "geometry": { "type": "LineString", "coordinates": [ [ 106.6851578, 10.779542 ], [ 106.6851977, 10.7795127 ], [ 106.6856495, 10.7792366 ], [ 106.6859607, 10.779049 ], [ 106.6860728, 10.7789815 ] ] } },
{ "type": "Feature", "properties": { "osmid": "654858472", "highway": "tertiary", "oneway": false, "reversed": "False", "length": 145.4328191296905, "lanes": "2", "maxspeed": null, "name": "Tú Xương", "junction": null, "access": null, "bridge": null, "relation_id": "19260546" }, "geometry": { "type": "LineString", "coordinates": [ [ 106.6851578, 10.779542 ], [ 106.6850847, 10.7794705 ], [ 106.6850733, 10.7794593 ], [ 106.6842145, 10.778619 ] ] } },
{ "type": "Feature", "properties": { "osmid": "654858472", "highway": "tertiary", "oneway": false, "reversed": "True", "length": 177.96654572171525, "lanes": "2", "maxspeed": null, "name": "Tú Xương", "junction": null, "access": null, "bridge": null, "relation_id": "19260546" }, "geometry": { "type": "LineString", "coordinates": [ [ 106.6851578, 10.779542 ], [ 106.6851805, 10.7795642 ], [ 106.6851887, 10.7795723 ], [ 106.6854733, 10.7798507 ], [ 106.6863121, 10.7806715 ] ] } },
{ "type": "Feature", "properties": { "osmid": "214527211", "highway": "secondary", "oneway": false, "reversed": "True", "length": 48.966720898303841, "lanes": "2", "maxspeed": null, "name": "Trần Quốc Thảo", "junction": null, "access": null, "bridge": null, "relation_id": "19260546" }, "geometry": { "type": "LineString", "coordinates": [ [ 106.685973, 10.7834895 ], [ 106.6863082, 10.7831971 ] ] } },
{ "type": "Feature", "properties": { "osmid": "214527211", "highway": "secondary", "oneway": false, "reversed": "False", "length": 192.04081235090746, "lanes": "2", "maxspeed": null, "name": "Trần Quốc Thảo", "junction": null, "access": null, "bridge": null, "relation_id": "19260546" }, "geometry": { "type": "LineString", "coordinates": [ [ 106.685973, 10.7834895 ], [ 106.685699, 10.783752 ], [ 106.685528, 10.783903 ], [ 106.6853751, 10.7840054 ], [ 106.685151, 10.7841282 ], [ 106.6845028, 10.7843975 ] ] } },
{ "type": "Feature", "properties": { "osmid": "1518632958", "highway": "residential", "oneway": false, "reversed": "False", "length": 105.67976724038508, "lanes": null, "maxspeed": null, "name": "Hẻm 115 Trần Quốc Thảo", "junction": null, "access": null, "bridge": null, "relation_id": "19260546" }, "geometry": { "type": "LineString", "coordinates": [ [ 106.685973, 10.7834895 ], [ 106.6857772, 10.7833578 ], [ 106.6858871, 10.7831654 ], [ 106.6853829, 10.7832023 ] ] } },
{ "type": "Feature", "properties": { "osmid": "35114553", "highway": "secondary", "oneway": false, "reversed": "False", "length": 120.92292801005787, "lanes": "2", "maxspeed": null, "name": "Trần Quốc Thảo", "junction": null, "access": null, "bridge": null, "relation_id": "19260546" }, "geometry": { "type": "LineString", "coordinates": [ [ 106.6868417, 10.7827237 ], [ 106.6876492, 10.7819798 ] ] } },
{ "type": "Feature", "properties": { "osmid": "654858165", "highway": "primary", "oneway": true, "reversed": "False", "length": 29.805121151052393, "lanes": "3", "maxspeed": null, "name": "Võ Thị Sáu", "junction": null, "access": null, "bridge": null, "relation_id": "19260546" }, "geometry": { "type": "LineString", "coordinates": [ [ 106.6868417, 10.7827237 ], [ 106.6866513, 10.7825317 ] ] } },
{ "type": "Feature", "properties": { "osmid": "1177457985", "highway": "secondary", "oneway": false, "reversed": "False", "length": 29.126816921672781, "lanes": "2", "maxspeed": null, "name": "Trần Quốc Thảo", "junction": null, "access": null, "bridge": null, "relation_id": "19260546" }, "geometry": { "type": "LineString", "coordinates": [ [ 106.6868417, 10.7827237 ], [ 106.6866413, 10.7828965 ] ] } },
{ "type": "Feature", "properties": { "osmid": "216956826", "highway": "tertiary", "oneway": true, "reversed": "False", "length": 47.227790914150667, "lanes": null, "maxspeed": null, "name": "Trần Quốc Toản", "junction": null, "access": null, "bridge": null, "relation_id": "19260546" }, "geometry": { "type": "LineString", "coordinates": [ [ 106.6866217, 10.7829132 ], [ 106.6866075, 10.7833377 ] ] } },
{ "type": "Feature", "properties": { "osmid": "1177457984", "highway": "secondary", "oneway": false, "reversed": "False", "length": 46.574852868458997, "lanes": "2", "maxspeed": null, "name": "Trần Quốc Thảo", "junction": null, "access": null, "bridge": null, "relation_id": "19260546" }, "geometry": { "type": "LineString", "coordinates": [ [ 106.6866217, 10.7829132 ], [ 106.6863082, 10.7831971 ] ] } },
{ "type": "Feature", "properties": { "osmid": "1177457985", "highway": "secondary", "oneway": false, "reversed": "True", "length": 2.8340650081914145, "lanes": "2", "maxspeed": null, "name": "Trần Quốc Thảo", "junction": null, "access": null, "bridge": null, "relation_id": "19260546" }, "geometry": { "type": "LineString", "coordinates": [ [ 106.6866217, 10.7829132 ], [ 106.6866413, 10.7828965 ] ] } },
{ "type": "Feature", "properties": { "osmid": "35115031", "highway": "primary", "oneway": true, "reversed": "False", "length": 42.863379970528719, "lanes": "4", "maxspeed": null, "name": "Công trường Dân Chủ", "junction": "roundabout", "access": null, "bridge": null, "relation_id": "19260546" }, "geometry": { "type": "LineString", "coordinates": [ [ 106.6819605, 10.7779137 ], [ 106.6819289, 10.7779708 ], [ 106.6818848, 10.7780191 ], [ 106.6818304, 10.7780562 ], [ 106.6817689, 10.7780799 ], [ 106.6817034, 10.7780891 ], [ 106.6816418, 10.778085 ] ] } },
{ "type": "Feature", "properties": { "osmid": "216956827", "highway": "residential", "oneway": false, "reversed": "True", "length": 14.788333754268084, "lanes": "2", "maxspeed": null, "name": "Trần Quốc Toản", "junction": null, "access": null, "bridge": null, "relation_id": "19260546" }, "geometry": { "type": "LineString", "coordinates": [ [ 106.6876058, 10.7862874 ], [ 106.6876762, 10.786401 ] ] } },
{ "type": "Feature", "properties": { "osmid": "220216411", "highway": "tertiary", "oneway": false, "reversed": "True", "length": 359.40921969336716, "lanes": "2", "maxspeed": null, "name": "Trần Quốc Toản", "junction": null, "access": null, "bridge": null, "relation_id": "19260546" }, "geometry": { "type": "LineString", "coordinates": [ [ 106.6876058, 10.7862874 ], [ 106.6872444, 10.7856932 ], [ 106.6869538, 10.7852155 ], [ 106.6868287, 10.7850098 ], [ 106.6867827, 10.7849342 ], [ 106.6866855, 10.7847744 ], [ 106.6865661, 10.784578 ], [ 106.6865869, 10.7839532 ], [ 106.6866019, 10.7835047 ], [ 106.6866075, 10.7833377 ] ] } },
{ "type": "Feature", "properties": { "osmid": "817095789", "highway": "primary", "oneway": true, "reversed": "False", "length": 192.32244110847085, "lanes": "3", "maxspeed": "60", "name": "Nam Kỳ Khởi Nghĩa", "junction": null, "access": null, "bridge": null, "relation_id": "19260546" }, "geometry": { "type": "LineString", "coordinates": [ [ 106.6876058, 10.7862874 ], [ 106.6883833, 10.7855756 ], [ 106.6888979, 10.7851125 ] ] } },
{ "type": "Feature", "properties": { "osmid": "220216405", "highway": "secondary", "oneway": false, "reversed": "False", "length": 15.512043869003683, "lanes": null, "maxspeed": "60", "name": "Lý Chính Thắng", "junction": null, "access": null, "bridge": null, "relation_id": "19260546" }, "geometry": { "type": "LineString", "coordinates": [ [ 106.6852127, 10.7884963 ], [ 106.6852701, 10.7886239 ] ] } },
{ "type": "Feature", "properties": { "osmid": "817095789", "highway": "primary", "oneway": true, "reversed": "False", "length": 32.635960436417996, "lanes": "3", "maxspeed": "60", "name": "Nam Kỳ Khởi Nghĩa", "junction": null, "access": null, "bridge": null, "relation_id": "19260546" }, "geometry": { "type": "LineString", "coordinates": [ [ 106.6852127, 10.7884963 ], [ 106.6854309, 10.7882958 ] ] } },
{ "type": "Feature", "properties": { "osmid": "35113311", "highway": "primary_link", "oneway": false, "reversed": "False", "length": 14.005971315532058, "lanes": null, "maxspeed": null, "name": "Nam Kỳ Khởi Nghĩa", "junction": null, "access": null, "bridge": null, "relation_id": "19260546" }, "geometry": { "type": "LineString", "coordinates": [ [ 106.6827476, 10.790763 ], [ 106.6828556, 10.7908309 ] ] } },
{ "type": "Feature", "properties": { "osmid": "1225573416", "highway": "primary", "oneway": true, "reversed": "False", "length": 203.33213659784244, "lanes": "3", "maxspeed": "60", "name": "Nam Kỳ Khởi Nghĩa", "junction": null, "access": null, "bridge": null, "relation_id": "19260546" }, "geometry": { "type": "LineString", "coordinates": [ [ 106.6827476, 10.790763 ], [ 106.6827689, 10.7907431 ], [ 106.6829125, 10.7906088 ], [ 106.6831688, 10.7903724 ], [ 106.6835522, 10.7900187 ], [ 106.6838988, 10.789699 ], [ 106.6841035, 10.7895101 ] ] } },
{ "type": "Feature", "properties": { "osmid": "1423071620", "highway": "primary", "oneway": true, "reversed": "False", "length": 198.39660722774263, "lanes": "3", "maxspeed": "60", "name": "Nam Kỳ Khởi Nghĩa", "junction": null, "access": null, "bridge": null, "relation_id": "19260546" }, "geometry": { "type": "LineString", "coordinates": [ [ 106.6890134, 10.7851938 ], [ 106.6887485, 10.7854195 ], [ 106.6876762, 10.786401 ] ] } },
{ "type": "Feature", "properties": { "osmid": "193092898", "highway": "primary_link", "oneway": true, "reversed": "False", "length": 65.070000339047382, "lanes": null, "maxspeed": null, "name": "Nam Kỳ Khởi Nghĩa", "junction": null, "access": null, "bridge": null, "relation_id": "19260546" }, "geometry": { "type": "LineString", "coordinates": [ [ 106.6888979, 10.7851125 ], [ 106.688903, 10.7850451 ], [ 106.6889003, 10.7850003 ], [ 106.6888815, 10.7849555 ], [ 106.6888586, 10.7849157 ], [ 106.6887045, 10.7847289 ], [ 106.6886924, 10.7845913 ] ] } },
{ "type": "Feature", "properties": { "osmid": "1225422629", "highway": "primary", "oneway": true, "reversed": "False", "length": 24.348196337168744, "lanes": "3", "maxspeed": null, "name": "Nam Kỳ Khởi Nghĩa", "junction": null, "access": null, "bridge": null, "relation_id": "19260546" }, "geometry": { "type": "LineString", "coordinates": [ [ 106.6888979, 10.7851125 ], [ 106.689019, 10.785003 ], [ 106.6890619, 10.7849642 ] ] } },
{ "type": "Feature", "properties": { "osmid": "190241088", "highway": "primary", "oneway": true, "reversed": "False", "length": 24.613093517696875, "lanes": "3", "maxspeed": "60", "name": "Nam Kỳ Khởi Nghĩa", "junction": null, "access": null, "bridge": null, "relation_id": "19260546" }, "geometry": { "type": "LineString", "coordinates": [ [ 106.6825818, 10.7909129 ], [ 106.6826573, 10.7908447 ], [ 106.6827174, 10.7907903 ], [ 106.6827476, 10.790763 ] ] } },
{ "type": "Feature", "properties": { "osmid": "35114975", "highway": "primary_link", "oneway": true, "reversed": "False", "length": 46.997607868191579, "lanes": "2", "maxspeed": "50", "name": "Hẻm 384 Nam Kỳ Khởi Nghĩa", "junction": null, "access": null, "bridge": null, "relation_id": "19260546" }, "geometry": { "type": "LineString", "coordinates": [ [ 106.6826651, 10.7910067 ], [ 106.6826631, 10.7911418 ], [ 106.6825298, 10.7913978 ] ] } },
{ "type": "Feature", "properties": { "osmid": "220216393", "highway": "primary", "oneway": false, "reversed": "True", "length": 14.653833050065424, "lanes": null, "maxspeed": null, "name": "Võ Thị Sáu", "junction": null, "access": null, "bridge": null, "relation_id": "19260546" }, "geometry": { "type": "LineString", "coordinates": [ [ 106.6890619, 10.7849642 ], [ 106.6891553, 10.7850588 ] ] } },
{ "type": "Feature", "properties": { "osmid": "220216407", "highway": "primary", "oneway": true, "reversed": "False", "length": 57.864642418144904, "lanes": "3", "maxspeed": null, "name": "Võ Thị Sáu", "junction": null, "access": null, "bridge": null, "relation_id": "19260546" }, "geometry": { "type": "LineString", "coordinates": [ [ 106.6890619, 10.7849642 ], [ 106.6886924, 10.7845913 ] ] } },
{ "type": "Feature", "properties": { "osmid": "193092895", "highway": "secondary", "oneway": true, "reversed": "False", "length": 126.33766222623476, "lanes": null, "maxspeed": null, "name": "Nam Kỳ Khởi Nghĩa", "junction": null, "access": null, "bridge": null, "relation_id": "19260546" }, "geometry": { "type": "LineString", "coordinates": [ [ 106.6890619, 10.7849642 ], [ 106.6891825, 10.7848203 ], [ 106.6898816, 10.7841642 ] ] } },
{ "type": "Feature", "properties": { "osmid": "302854713", "highway": "primary", "oneway": true, "reversed": "False", "length": 126.99512354545125, "lanes": "2", "maxspeed": null, "name": "Nam Kỳ Khởi Nghĩa", "junction": null, "access": null, "bridge": null, "relation_id": "19260546" }, "geometry": { "type": "LineString", "coordinates": [ [ 106.6890619, 10.7849642 ], [ 106.6892307, 10.7848687 ], [ 106.6899324, 10.7842139 ] ] } },
{ "type": "Feature", "properties": { "osmid": "326849848", "highway": "primary", "oneway": true, "reversed": "False", "length": 62.925242167767593, "lanes": "4", "maxspeed": null, "name": "Võ Thị Sáu", "junction": null, "access": null, "bridge": null, "relation_id": "19260546" }, "geometry": { "type": "LineString", "coordinates": [ [ 106.6895565, 10.7854649 ], [ 106.6891553, 10.7850588 ] ] } },
{ "type": "Feature", "properties": { "osmid": "193092901", "highway": "primary_link", "oneway": true, "reversed": "False", "length": 67.59543968898835, "lanes": null, "maxspeed": null, "name": "Nam Kỳ Khởi Nghĩa", "junction": null, "access": null, "bridge": null, "relation_id": "19260546" }, "geometry": { "type": "LineString", "coordinates": [ [ 106.6895565, 10.7854649 ], [ 106.6894809, 10.7854479 ], [ 106.6893771, 10.7853823 ], [ 106.6892597, 10.7852928 ], [ 106.6892019, 10.7852582 ], [ 106.6891214, 10.7852161 ], [ 106.6890134, 10.7851938 ] ] } },
{ "type": "Feature", "properties": { "osmid": "193092900", "highway": "residential", "oneway": false, "reversed": "True", "length": 12.844892844468353, "lanes": null, "maxspeed": null, "name": "Nam Kỳ Khởi Nghĩa", "junction": null, "access": null, "bridge": null, "relation_id": "19260546" }, "geometry": { "type": "LineString", "coordinates": [ [ 106.6841035, 10.7895101 ], [ 106.6841839, 10.7895944 ] ] } },
{ "type": "Feature", "properties": { "osmid": "1225573416", "highway": "primary", "oneway": true, "reversed": "False", "length": 87.233153095077768, "lanes": "3", "maxspeed": "60", "name": "Nam Kỳ Khởi Nghĩa", "junction": null, "access": null, "bridge": null, "relation_id": "19260546" }, "geometry": { "type": "LineString", "coordinates": [ [ 106.6841035, 10.7895101 ], [ 106.6842622, 10.7893607 ], [ 106.6846801, 10.7889673 ] ] } },
{ "type": "Feature", "properties": { "osmid": "205311563", "highway": "tertiary", "oneway": false, "reversed": "False", "length": 159.53613969780807, "lanes": "2", "maxspeed": null, "name": "Tú Xương", "junction": null, "access": null, "bridge": null, "relation_id": "19260546" }, "geometry": { "type": "LineString", "coordinates": [ [ 106.6898816, 10.7841642 ], [ 106.6888468, 10.7831517 ] ] } },
{ "type": "Feature", "properties": { "osmid": "205311563", "highway": "tertiary", "oneway": false, "reversed": "True", "length": 7.8314668001060674, "lanes": "2", "maxspeed": null, "name": "Tú Xương", "junction": null, "access": null, "bridge": null, "relation_id": "19260546" }, "geometry": { "type": "LineString", "coordinates": [ [ 106.6898816, 10.7841642 ], [ 106.6899324, 10.7842139 ] ] } },
{ "type": "Feature", "properties": { "osmid": "193092895", "highway": "secondary", "oneway": true, "reversed": "False", "length": 128.1727727575707, "lanes": null, "maxspeed": null, "name": "Nam Kỳ Khởi Nghĩa", "junction": null, "access": null, "bridge": null, "relation_id": "19260546" }, "geometry": { "type": "LineString", "coordinates": [ [ 106.6898816, 10.7841642 ], [ 106.6905922, 10.7835097 ], [ 106.690783, 10.7834531 ] ] } },
{ "type": "Feature", "properties": { "osmid": "205311563", "highway": "tertiary", "oneway": false, "reversed": "False", "length": 7.8314668001060674, "lanes": "2", "maxspeed": null, "name": "Tú Xương", "junction": null, "access": null, "bridge": null, "relation_id": "19260546" }, "geometry": { "type": "LineString", "coordinates": [ [ 106.6899324, 10.7842139 ], [ 106.6898816, 10.7841642 ] ] } },
{ "type": "Feature", "properties": { "osmid": "302854713", "highway": "primary", "oneway": true, "reversed": "False", "length": 125.65575957282681, "lanes": "2", "maxspeed": null, "name": "Nam Kỳ Khởi Nghĩa", "junction": null, "access": null, "bridge": null, "relation_id": "19260546" }, "geometry": { "type": "LineString", "coordinates": [ [ 106.6899324, 10.7842139 ], [ 106.690783, 10.7834531 ] ] } },
{ "type": "Feature", "properties": { "osmid": "220216407", "highway": "primary", "oneway": true, "reversed": "False", "length": 105.30828765727681, "lanes": "3", "maxspeed": null, "name": "Võ Thị Sáu", "junction": null, "access": null, "bridge": null, "relation_id": "19260546" }, "geometry": { "type": "LineString", "coordinates": [ [ 106.6886924, 10.7845913 ], [ 106.6885486, 10.7844463 ], [ 106.6880199, 10.7839127 ] ] } },
{ "type": "Feature", "properties": { "osmid": "1258297853", "highway": "tertiary", "oneway": false, "reversed": "True", "length": 54.687466431673023, "lanes": "2", "maxspeed": "50", "name": "Hoàng Sa", "junction": null, "access": null, "bridge": null, "relation_id": "19260546" }, "geometry": { "type": "LineString", "coordinates": [ [ 106.682444, 10.7915567 ], [ 106.6823829, 10.7915314 ], [ 106.6823154, 10.7915019 ], [ 106.6822565, 10.7914681 ], [ 106.6821887, 10.7914182 ], [ 106.6821264, 10.7913617 ], [ 106.6820415, 10.7912746 ] ] } },
{ "type": "Feature", "properties": { "osmid": "35113306", "highway": "secondary", "oneway": true, "reversed": "False", "length": 69.743401255670122, "lanes": "3", "maxspeed": null, "name": "Công trường Quốc tế", "junction": "roundabout", "access": null, "bridge": null, "relation_id": "19260546" }, "geometry": { "type": "LineString", "coordinates": [ [ 106.696225, 10.7829277 ], [ 106.6961753, 10.782967 ], [ 106.6961198, 10.7829981 ], [ 106.6960601, 10.7830204 ], [ 106.6959976, 10.7830331 ], [ 106.6959331, 10.7830361 ], [ 106.6958704, 10.7830292 ], [ 106.6958088, 10.7830127 ], [ 106.6957506, 10.7829869 ], [ 106.6956972, 10.7829524 ], [ 106.69565, 10.7829102 ] ] } },
{ "type": "Feature", "properties": { "osmid": "817095789", "highway": "primary", "oneway": true, "reversed": "False", "length": 49.489213252039519, "lanes": "3", "maxspeed": "60", "name": "Nam Kỳ Khởi Nghĩa", "junction": null, "access": null, "bridge": null, "relation_id": "19260546" }, "geometry": { "type": "LineString", "coordinates": [ [ 106.6872584, 10.7865731 ], [ 106.6876058, 10.7862874 ] ] } },
{ "type": "Feature", "properties": { "osmid": "1470414757", "highway": "residential", "oneway": false, "reversed": "False", "length": 93.403891335454887, "lanes": null, "maxspeed": null, "name": "Hẻm 193 Nam Kỳ Khởi Nghĩa", "junction": null, "access": null, "bridge": null, "relation_id": "19260546" }, "geometry": { "type": "LineString", "coordinates": [ [ 106.6872584, 10.7865731 ], [ 106.6870976, 10.7865126 ], [ 106.6866184, 10.7864957 ], [ 106.6866099, 10.786537 ], [ 106.6864494, 10.7865392 ] ] } },
{ "type": "Feature", "properties": { "osmid": "1470414757", "highway": "residential", "oneway": false, "reversed": "True", "length": 93.403891335454887, "lanes": null, "maxspeed": null, "name": "Hẻm 193 Nam Kỳ Khởi Nghĩa", "junction": null, "access": null, "bridge": null, "relation_id": "19260546" }, "geometry": { "type": "LineString", "coordinates": [ [ 106.6864494, 10.7865392 ], [ 106.6866099, 10.786537 ], [ 106.6866184, 10.7864957 ], [ 106.6870976, 10.7865126 ], [ 106.6872584, 10.7865731 ] ] } },
{ "type": "Feature", "properties": { "osmid": "213373992", "highway": "residential", "oneway": false, "reversed": "False", "length": 32.967925929148727, "lanes": null, "maxspeed": null, "name": "Hẻm 232 Võ Thị Sáu", "junction": null, "access": null, "bridge": null, "relation_id": "19260546" }, "geometry": { "type": "LineString", "coordinates": [ [ 106.6853829, 10.7832023 ], [ 106.6854169, 10.7829077 ] ] } },
{ "type": "Feature", "properties": { "osmid": "213374360", "highway": "residential", "oneway": false, "reversed": "False", "length": 18.254188272629445, "lanes": null, "maxspeed": null, "name": null, "junction": null, "access": null, "bridge": null, "relation_id": "19260546" }, "geometry": { "type": "LineString", "coordinates": [ [ 106.6853829, 10.7832023 ], [ 106.685399, 10.7833657 ] ] } },
{ "type": "Feature", "properties": { "osmid": "213374241", "highway": "residential", "oneway": false, "reversed": "False", "length": 36.267078346600712, "lanes": null, "maxspeed": null, "name": null, "junction": null, "access": null, "bridge": null, "relation_id": "19260546" }, "geometry": { "type": "LineString", "coordinates": [ [ 106.6853829, 10.7832023 ], [ 106.6851495, 10.7832471 ], [ 106.6851576, 10.7833393 ] ] } },
{ "type": "Feature", "properties": { "osmid": "1518632958", "highway": "residential", "oneway": false, "reversed": "True", "length": 105.67976724038509, "lanes": null, "maxspeed": null, "name": "Hẻm 115 Trần Quốc Thảo", "junction": null, "access": null, "bridge": null, "relation_id": "19260546" }, "geometry": { "type": "LineString", "coordinates": [ [ 106.6853829, 10.7832023 ], [ 106.6858871, 10.7831654 ], [ 106.6857772, 10.7833578 ], [ 106.685973, 10.7834895 ] ] } },
{ "type": "Feature", "properties": { "osmid": "213375378", "highway": "residential", "oneway": false, "reversed": "False", "length": 49.417567623437854, "lanes": null, "maxspeed": null, "name": null, "junction": null, "access": null, "bridge": null, "relation_id": "19260546" }, "geometry": { "type": "LineString", "coordinates": [ [ 106.685903, 10.7817766 ], [ 106.6862473, 10.7814883 ] ] } },
{ "type": "Feature", "properties": { "osmid": "1322077941", "highway": "residential", "oneway": false, "reversed": "True", "length": 72.938503796761466, "lanes": null, "maxspeed": null, "name": "Hẻm 232 Võ Thị Sáu", "junction": null, "access": null, "bridge": null, "relation_id": "19260546" }, "geometry": { "type": "LineString", "coordinates": [ [ 106.685903, 10.7817766 ], [ 106.6854231, 10.7822327 ] ] } },
{ "type": "Feature", "properties": { "osmid": "654858165", "highway": "primary", "oneway": true, "reversed": "False", "length": 76.329689477446664, "lanes": "3", "maxspeed": null, "name": "Võ Thị Sáu", "junction": null, "access": null, "bridge": null, "relation_id": "19260546" }, "geometry": { "type": "LineString", "coordinates": [ [ 106.685903, 10.7817766 ], [ 106.6855151, 10.7813851 ], [ 106.6854156, 10.7812847 ] ] } },
{ "type": "Feature", "properties": { "osmid": "213373992", "highway": "residential", "oneway": false, "reversed": "True", "length": 75.059736812984212, "lanes": null, "maxspeed": null, "name": "Hẻm 232 Võ Thị Sáu", "junction": null, "access": null, "bridge": null, "relation_id": "19260546" }, "geometry": { "type": "LineString", "coordinates": [ [ 106.6854231, 10.7822327 ], [ 106.6854169, 10.7829077 ] ] } },
{ "type": "Feature", "properties": { "osmid": "1322077941", "highway": "residential", "oneway": false, "reversed": "False", "length": 72.938503796761466, "lanes": null, "maxspeed": null, "name": "Hẻm 232 Võ Thị Sáu", "junction": null, "access": null, "bridge": null, "relation_id": "19260546" }, "geometry": { "type": "LineString", "coordinates": [ [ 106.6854231, 10.7822327 ], [ 106.685903, 10.7817766 ] ] } },
{ "type": "Feature", "properties": { "osmid": "213373989", "highway": "residential", "oneway": false, "reversed": "False", "length": 67.278289626017738, "lanes": null, "maxspeed": null, "name": null, "junction": null, "access": null, "bridge": null, "relation_id": "19260546" }, "geometry": { "type": "LineString", "coordinates": [ [ 106.6854231, 10.7822327 ], [ 106.6851442, 10.7823091 ], [ 106.685053, 10.7823697 ], [ 106.6848384, 10.7823961 ] ] } },
{ "type": "Feature", "properties": { "osmid": "213373989", "highway": "residential", "oneway": false, "reversed": "True", "length": 67.278289626017738, "lanes": null, "maxspeed": null, "name": null, "junction": null, "access": null, "bridge": null, "relation_id": "19260546" }, "geometry": { "type": "LineString", "coordinates": [ [ 106.6848384, 10.7823961 ], [ 106.685053, 10.7823697 ], [ 106.6851442, 10.7823091 ], [ 106.6854231, 10.7822327 ] ] } },
{ "type": "Feature", "properties": { "osmid": "213373992", "highway": "residential", "oneway": false, "reversed": "False", "length": 75.059736812984212, "lanes": null, "maxspeed": null, "name": "Hẻm 232 Võ Thị Sáu", "junction": null, "access": null, "bridge": null, "relation_id": "19260546" }, "geometry": { "type": "LineString", "coordinates": [ [ 106.6854169, 10.7829077 ], [ 106.6854231, 10.7822327 ] ] } },
{ "type": "Feature", "properties": { "osmid": "213373992", "highway": "residential", "oneway": false, "reversed": "True", "length": 32.967925929148727, "lanes": null, "maxspeed": null, "name": "Hẻm 232 Võ Thị Sáu", "junction": null, "access": null, "bridge": null, "relation_id": "19260546" }, "geometry": { "type": "LineString", "coordinates": [ [ 106.6854169, 10.7829077 ], [ 106.6853829, 10.7832023 ] ] } },
{ "type": "Feature", "properties": { "osmid": "213374114", "highway": "residential", "oneway": false, "reversed": "False", "length": 53.507520955696933, "lanes": null, "maxspeed": null, "name": null, "junction": null, "access": null, "bridge": null, "relation_id": "19260546" }, "geometry": { "type": "LineString", "coordinates": [ [ 106.6854169, 10.7829077 ], [ 106.6850855, 10.7829779 ], [ 106.6849588, 10.7830583 ] ] } },
{ "type": "Feature", "properties": { "osmid": "213374114", "highway": "residential", "oneway": false, "reversed": "True", "length": 53.507520955696933, "lanes": null, "maxspeed": null, "name": null, "junction": null, "access": null, "bridge": null, "relation_id": "19260546" }, "geometry": { "type": "LineString", "coordinates": [ [ 106.6849588, 10.7830583 ], [ 106.6850855, 10.7829779 ], [ 106.6854169, 10.7829077 ] ] } },
{ "type": "Feature", "properties": { "osmid": "213374241", "highway": "residential", "oneway": false, "reversed": "True", "length": 31.464413498201296, "lanes": null, "maxspeed": null, "name": null, "junction": null, "access": null, "bridge": null, "relation_id": "19260546" }, "geometry": { "type": "LineString", "coordinates": [ [ 106.6850583, 10.7835264 ], [ 106.6851871, 10.7834869 ], [ 106.6851576, 10.7833393 ] ] } },
{ "type": "Feature", "properties": { "osmid": "213374242", "highway": "residential", "oneway": false, "reversed": "False", "length": 14.466493107105411, "lanes": null, "maxspeed": null, "name": null, "junction": null, "access": null, "bridge": null, "relation_id": "19260546" }, "geometry": { "type": "LineString", "coordinates": [ [ 106.6851576, 10.7833393 ], [ 106.6850296, 10.7833727 ] ] } },
{ "type": "Feature", "properties": { "osmid": "213374241", "highway": "residential", "oneway": false, "reversed": "False", "length": 31.464413498201296, "lanes": null, "maxspeed": null, "name": null, "junction": null, "access": null, "bridge": null, "relation_id": "19260546" }, "geometry": { "type": "LineString", "coordinates": [ [ 106.6851576, 10.7833393 ], [ 106.6851871, 10.7834869 ], [ 106.6850583, 10.7835264 ] ] } },
{ "type": "Feature", "properties": { "osmid": "213374241", "highway": "residential", "oneway": false, "reversed": "True", "length": 36.267078346600712, "lanes": null, "maxspeed": null, "name": null, "junction": null, "access": null, "bridge": null, "relation_id": "19260546" }, "geometry": { "type": "LineString", "coordinates": [ [ 106.6851576, 10.7833393 ], [ 106.6851495, 10.7832471 ], [ 106.6853829, 10.7832023 ] ] } },
{ "type": "Feature", "properties": { "osmid": "213374242", "highway": "residential", "oneway": false, "reversed": "True", "length": 14.466493107105411, "lanes": null, "maxspeed": null, "name": null, "junction": null, "access": null, "bridge": null, "relation_id": "19260546" }, "geometry": { "type": "LineString", "coordinates": [ [ 106.6850296, 10.7833727 ], [ 106.6851576, 10.7833393 ] ] } },
{ "type": "Feature", "properties": { "osmid": "213374360", "highway": "residential", "oneway": false, "reversed": "False", "length": 14.438746808212562, "lanes": null, "maxspeed": null, "name": null, "junction": null, "access": null, "bridge": null, "relation_id": "19260546" }, "geometry": { "type": "LineString", "coordinates": [ [ 106.685399, 10.7833657 ], [ 106.6852675, 10.7833789 ] ] } },
{ "type": "Feature", "properties": { "osmid": "213374360", "highway": "residential", "oneway": false, "reversed": "True", "length": 18.254188272629445, "lanes": null, "maxspeed": null, "name": null, "junction": null, "access": null, "bridge": null, "relation_id": "19260546" }, "geometry": { "type": "LineString", "coordinates": [ [ 106.685399, 10.7833657 ], [ 106.6853829, 10.7832023 ] ] } },
{ "type": "Feature", "properties": { "osmid": "213374612", "highway": "residential", "oneway": false, "reversed": "False", "length": 15.949941896768797, "lanes": null, "maxspeed": null, "name": null, "junction": null, "access": null, "bridge": null, "relation_id": "19260546" }, "geometry": { "type": "LineString", "coordinates": [ [ 106.685399, 10.7833657 ], [ 106.6855438, 10.7833472 ] ] } },
{ "type": "Feature", "properties": { "osmid": "213374360", "highway": "residential", "oneway": false, "reversed": "True", "length": 14.438746808212562, "lanes": null, "maxspeed": null, "name": null, "junction": null, "access": null, "bridge": null, "relation_id": "19260546" }, "geometry": { "type": "LineString", "coordinates": [ [ 106.6852675, 10.7833789 ], [ 106.685399, 10.7833657 ] ] } },
{ "type": "Feature", "properties": { "osmid": "213374612", "highway": "residential", "oneway": false, "reversed": "True", "length": 15.949941896768797, "lanes": null, "maxspeed": null, "name": null, "junction": null, "access": null, "bridge": null, "relation_id": "19260546" }, "geometry": { "type": "LineString", "coordinates": [ [ 106.6855438, 10.7833472 ], [ 106.685399, 10.7833657 ] ] } },
{ "type": "Feature", "properties": { "osmid": "213375378", "highway": "residential", "oneway": false, "reversed": "True", "length": 49.417567623437854, "lanes": null, "maxspeed": null, "name": null, "junction": null, "access": null, "bridge": null, "relation_id": "19260546" }, "geometry": { "type": "LineString", "coordinates": [ [ 106.6862473, 10.7814883 ], [ 106.685903, 10.7817766 ] ] } },
{ "type": "Feature", "properties": { "osmid": "327048054", "highway": "tertiary", "oneway": true, "reversed": "False", "length": 128.74010164756143, "lanes": "2", "maxspeed": "60", "name": "Bà Huyện Thanh Quan", "junction": null, "access": null, "bridge": null, "relation_id": "19260546" }, "geometry": { "type": "LineString", "coordinates": [ [ 106.6832431, 10.7807136 ], [ 106.6836154, 10.7804849 ], [ 106.6836584, 10.7804584 ], [ 106.6842442, 10.7801026 ] ] } },
{ "type": "Feature", "properties": { "osmid": "230935041", "highway": "primary", "oneway": true, "reversed": "False", "length": 143.04858956912389, "lanes": "2", "maxspeed": null, "name": "Cách Mạng Tháng Tám", "junction": null, "access": null, "bridge": null, "relation_id": "19260546" }, "geometry": { "type": "LineString", "coordinates": [ [ 106.6893994, 10.7736956 ], [ 106.6892599, 10.7737509 ], [ 106.6890562, 10.773861 ], [ 106.6886508, 10.7740801 ], [ 106.6886292, 10.7740915 ], [ 106.6883422, 10.7742551 ], [ 106.6882626, 10.7743262 ] ] } },
{ "type": "Feature", "properties": { "osmid": "244791388", "highway": "primary_link", "oneway": true, "reversed": "False", "length": 32.702358980634955, "lanes": "1", "maxspeed": null, "name": null, "junction": null, "access": null, "bridge": null, "relation_id": "19260546" }, "geometry": { "type": "LineString", "coordinates": [ [ 106.6839226, 10.7766202 ], [ 106.6838977, 10.7766451 ], [ 106.6838814, 10.776671 ], [ 106.6838673, 10.7767045 ], [ 106.6838588, 10.7767394 ], [ 106.6838565, 10.7767749 ], [ 106.6838613, 10.7768111 ], [ 106.6838696, 10.7768434 ], [ 106.6838744, 10.7768944 ] ] } },
{ "type": "Feature", "properties": { "osmid": "723823265", "highway": "primary", "oneway": true, "reversed": "False", "length": 27.035862349809303, "lanes": "2", "maxspeed": null, "name": "Cách Mạng Tháng Tám", "junction": null, "access": null, "bridge": null, "relation_id": "19260546" }, "geometry": { "type": "LineString", "coordinates": [ [ 106.6839226, 10.7766202 ], [ 106.6838241, 10.7766736 ], [ 106.6838003, 10.7766866 ], [ 106.6837066, 10.7767389 ] ] } },
{ "type": "Feature", "properties": { "osmid": "747226800", "highway": "primary", "oneway": true, "reversed": "False", "length": 142.28057421716576, "lanes": "3", "maxspeed": null, "name": "Nguyễn Thị Minh Khai", "junction": null, "access": null, "bridge": null, "relation_id": "19260546" }, "geometry": { "type": "LineString", "coordinates": [ [ 106.6949909, 10.7795752 ], [ 106.6953735, 10.7799909 ], [ 106.6954408, 10.780064 ], [ 106.6958645, 10.7805243 ] ] } },
{ "type": "Feature", "properties": { "osmid": "700026885", "highway": "tertiary", "oneway": false, "reversed": "False", "length": 73.860246210083801, "lanes": null, "maxspeed": null, "name": "Nguyễn Thông", "junction": null, "access": null, "bridge": null, "relation_id": "19260546" }, "geometry": { "type": "LineString", "coordinates": [ [ 106.6848872, 10.7778559 ], [ 106.6853982, 10.7774209 ] ] } },
{ "type": "Feature", "properties": { "osmid": "408246393", "highway": "primary", "oneway": true, "reversed": "False", "length": 180.10386688247925, "lanes": "3", "maxspeed": "60", "name": "Điện Biên Phủ", "junction": null, "access": null, "bridge": null, "relation_id": "19260546" }, "geometry": { "type": "LineString", "coordinates": [ [ 106.6848872, 10.7778559 ], [ 106.6854296, 10.7783709 ], [ 106.6860091, 10.7789211 ], [ 106.6860728, 10.7789815 ] ] } },
{ "type": "Feature", "properties": { "osmid": "700026885", "highway": "tertiary", "oneway": false, "reversed": "True", "length": 116.90736707053549, "lanes": null, "maxspeed": null, "name": "Nguyễn Thông", "junction": null, "access": null, "bridge": null, "relation_id": "19260546" }, "geometry": { "type": "LineString", "coordinates": [ [ 106.6848872, 10.7778559 ], [ 106.6844284, 10.7781194 ], [ 106.6842069, 10.7782467 ], [ 106.6839633, 10.7783866 ] ] } },
{ "type": "Feature", "properties": { "osmid": "35113721", "highway": "tertiary", "oneway": false, "reversed": "False", "length": 73.008523113226374, "lanes": "2", "maxspeed": null, "name": "Ngô Thời Nhiệm", "junction": null, "access": null, "bridge": null, "relation_id": "19260546" }, "geometry": { "type": "LineString", "coordinates": [ [ 106.6861495, 10.7767966 ], [ 106.6856829, 10.7763265 ] ] } },
{ "type": "Feature", "properties": { "osmid": "700026885", "highway": "tertiary", "oneway": false, "reversed": "False", "length": 46.949533168632456, "lanes": null, "maxspeed": null, "name": "Nguyễn Thông", "junction": null, "access": null, "bridge": null, "relation_id": "19260546" }, "geometry": { "type": "LineString", "coordinates": [ [ 106.6861495, 10.7767966 ], [ 106.686457, 10.7765016 ] ] } },
{ "type": "Feature", "properties": { "osmid": "700026885", "highway": "tertiary", "oneway": false, "reversed": "True", "length": 107.48983350549686, "lanes": null, "maxspeed": null, "name": "Nguyễn Thông", "junction": null, "access": null, "bridge": null, "relation_id": "19260546" }, "geometry": { "type": "LineString", "coordinates": [ [ 106.6861495, 10.7767966 ], [ 106.6853982, 10.7774209 ] ] } },
{ "type": "Feature", "properties": { "osmid": "35113721", "highway": "tertiary", "oneway": false, "reversed": "True", "length": 171.19284385798107, "lanes": "2", "maxspeed": null, "name": "Ngô Thời Nhiệm", "junction": null, "access": null, "bridge": null, "relation_id": "19260546" }, "geometry": { "type": "LineString", "coordinates": [ [ 106.6861495, 10.7767966 ], [ 106.6867116, 10.7773632 ], [ 106.6872434, 10.7778991 ] ] } },
{ "type": "Feature", "properties": { "osmid": "673254417", "highway": "primary", "oneway": false, "reversed": "False", "length": 155.00008461046818, "lanes": "2", "maxspeed": null, "name": "Hai Bà Trưng", "junction": null, "access": null, "bridge": null, "relation_id": "19260546" }, "geometry": { "type": "LineString", "coordinates": [ [ 106.6981158, 10.782881 ], [ 106.6971361, 10.783729 ], [ 106.697051, 10.7838024 ] ] } },
{ "type": "Feature", "properties": { "osmid": "35113217", "highway": "residential", "oneway": false, "reversed": "False", "length": 257.82868448318646, "lanes": null, "maxspeed": null, "name": "Hẻm 235 Nam Kỳ Khởi Nghĩa", "junction": null, "access": null, "bridge": null, "relation_id": "19260546" }, "geometry": { "type": "LineString", "coordinates": [ [ 106.6846801, 10.7889673 ], [ 106.6846248, 10.7888936 ], [ 106.6844681, 10.7888572 ], [ 106.6841616, 10.7889714 ], [ 106.6837867, 10.7891659 ], [ 106.683617, 10.789256 ], [ 106.6834607, 10.7893389 ], [ 106.6833938, 10.7893744 ], [ 106.683161, 10.789517 ], [ 106.6830121, 10.7896182 ], [ 106.6829798, 10.7896401 ], [ 106.6828189, 10.7897556 ], [ 106.6826419, 10.7898736 ] ] } },
{ "type": "Feature", "properties": { "osmid": "1225573416", "highway": "primary", "oneway": true, "reversed": "False", "length": 78.287999469191519, "lanes": "3", "maxspeed": "60", "name": "Nam Kỳ Khởi Nghĩa", "junction": null, "access": null, "bridge": null, "relation_id": "19260546" }, "geometry": { "type": "LineString", "coordinates": [ [ 106.6846801, 10.7889673 ], [ 106.685038, 10.7886582 ], [ 106.6852127, 10.7884963 ] ] } },
{ "type": "Feature", "properties": { "osmid": "35112908", "highway": "residential", "oneway": false, "reversed": "False", "length": 189.32358960342631, "lanes": "2", "maxspeed": null, "name": "Lê Ngô Cát", "junction": null, "access": null, "bridge": null, "relation_id": "19260546" }, "geometry": { "type": "LineString", "coordinates": [ [ 106.6856829, 10.7763265 ], [ 106.6841936, 10.7771974 ] ] } },
{ "type": "Feature", "properties": { "osmid": "35113721", "highway": "tertiary", "oneway": false, "reversed": "False", "length": 66.641034559187375, "lanes": "2", "maxspeed": null, "name": "Ngô Thời Nhiệm", "junction": null, "access": null, "bridge": null, "relation_id": "19260546" }, "geometry": { "type": "LineString", "coordinates": [ [ 106.6856829, 10.7763265 ], [ 106.6852571, 10.7758973 ] ] } },
{ "type": "Feature", "properties": { "osmid": "35113721", "highway": "tertiary", "oneway": false, "reversed": "True", "length": 73.008523113226374, "lanes": "2", "maxspeed": null, "name": "Ngô Thời Nhiệm", "junction": null, "access": null, "bridge": null, "relation_id": "19260546" }, "geometry": { "type": "LineString", "coordinates": [ [ 106.6856829, 10.7763265 ], [ 106.6861495, 10.7767966 ] ] } },
{ "type": "Feature", "properties": { "osmid": "343886792", "highway": "primary_link", "oneway": true, "reversed": "False", "length": 74.000027492087156, "lanes": "2", "maxspeed": "50", "name": "Nam Kỳ Khởi Nghĩa", "junction": null, "access": null, "bridge": null, "relation_id": "19260546" }, "geometry": { "type": "LineString", "coordinates": [ [ 106.6820415, 10.7912746 ], [ 106.6823977, 10.790949 ], [ 106.6824227, 10.7909323 ], [ 106.682453, 10.7909244 ], [ 106.6825818, 10.7909129 ] ] } },
{ "type": "Feature", "properties": { "osmid": "817500070", "highway": "tertiary", "oneway": false, "reversed": "True", "length": 934.88591391755108, "lanes": "2", "maxspeed": "50", "name": "Hoàng Sa", "junction": null, "access": null, "bridge": null, "relation_id": "19260546" }, "geometry": { "type": "LineString", "coordinates": [ [ 106.6820415, 10.7912746 ], [ 106.6818445, 10.7910557 ], [ 106.6818163, 10.7910183 ], [ 106.6817927, 10.7909783 ], [ 106.6817702, 10.7909298 ], [ 106.6817549, 10.7908825 ], [ 106.6817449, 10.7908342 ], [ 106.6816292, 10.7901724 ], [ 106.6816204, 10.7901198 ], [ 106.6816145, 10.7900611 ], [ 106.6816146, 10.7900038 ], [ 106.6816201, 10.7899507 ], [ 106.6816268, 10.7899035 ], [ 106.6816467, 10.7898007 ], [ 106.6817531, 10.7892945 ], [ 106.6817642, 10.7892443 ], [ 106.6817778, 10.7891968 ], [ 106.6817927, 10.7891496 ], [ 106.6818162, 10.7891035 ], [ 106.6818414, 10.7890627 ], [ 106.6818698, 10.7890282 ], [ 106.6818775, 10.7890206 ], [ 106.6819051, 10.7889934 ], [ 106.6819457, 10.7889681 ], [ 106.6819943, 10.7889471 ], [ 106.6820501, 10.7889331 ], [ 106.6821144, 10.7889286 ], [ 106.6822287, 10.78893 ], [ 106.6827396, 10.788936 ], [ 106.6828121, 10.788932 ], [ 106.6828814, 10.7889239 ], [ 106.6829507, 10.788914 ], [ 106.6830145, 10.7888989 ], [ 106.6831094, 10.7888687 ], [ 106.6831811, 10.7888389 ], [ 106.6832571, 10.7888007 ], [ 106.6833229, 10.788763 ], [ 106.6833844, 10.7887232 ], [ 106.6834452, 10.7886794 ], [ 106.6834935, 10.7886371 ], [ 106.6835444, 10.7885887 ], [ 106.6835953, 10.7885329 ], [ 106.6836419, 10.7884791 ], [ 106.683682, 10.7884262 ], [ 106.6837189, 10.7883679 ], [ 106.6837413, 10.7883261 ], [ 106.6837519, 10.7883063 ], [ 106.6837836, 10.7882431 ], [ 106.6838088, 10.7881777 ], [ 106.683826, 10.7881327 ], [ 106.6838389, 10.7880855 ], [ 106.6838528, 10.7880259 ], [ 106.6838616, 10.7879705 ], [ 106.6838651, 10.7879161 ], [ 106.6838699, 10.7878273 ], [ 106.6838714, 10.7877538 ], [ 106.6838668, 10.787652 ], [ 106.6838619, 10.7875493 ], [ 106.6838504, 10.7874257 ], [ 106.6838361, 10.7871391 ], [ 106.6838267, 10.7870869 ], [ 106.6838141, 10.7870389 ], [ 106.6837983, 10.7869942 ], [ 106.6837769, 10.7869448 ], [ 106.6837496, 10.786887 ], [ 106.6837224, 10.7868366 ], [ 106.6836888, 10.7867863 ], [ 106.6836499, 10.7867371 ], [ 106.6836074, 10.7866965 ], [ 106.6835605, 10.7866632 ], [ 106.6835105, 10.7866342 ], [ 106.6834504, 10.7866105 ], [ 106.6833382, 10.7865733 ], [ 106.6832209, 10.7865464 ], [ 106.6831542, 10.7865291 ], [ 106.6825639, 10.7863741 ], [ 106.6825105, 10.7863571 ], [ 106.6824522, 10.7863375 ], [ 106.6824004, 10.7863179 ], [ 106.6823664, 10.7863044 ], [ 106.6823186, 10.7862846 ], [ 106.6822623, 10.7862605 ], [ 106.6822109, 10.7862364 ], [ 106.6821594, 10.7862102 ], [ 106.6819299, 10.7860894 ], [ 106.6818734, 10.7860531 ], [ 106.6818164, 10.7860103 ], [ 106.6817722, 10.7859697 ], [ 106.6816069, 10.7857931 ] ] } },
{ "type": "Feature", "properties": { "osmid": "1258297853", "highway": "tertiary", "oneway": false, "reversed": "False", "length": 54.687466431673016, "lanes": "2", "maxspeed": "50", "name": "Hoàng Sa", "junction": null, "access": null, "bridge": null, "relation_id": "19260546" }, "geometry": { "type": "LineString", "coordinates": [ [ 106.6820415, 10.7912746 ], [ 106.6821264, 10.7913617 ], [ 106.6821887, 10.7914182 ], [ 106.6822565, 10.7914681 ], [ 106.6823154, 10.7915019 ], [ 106.6823829, 10.7915314 ], [ 106.682444, 10.7915567 ] ] } },
{ "type": "Feature", "properties": { "osmid": "35113533", "highway": "residential", "oneway": false, "reversed": "False", "length": 35.967756079644985, "lanes": null, "maxspeed": null, "name": "Hẻm 290 Nam Kỳ Khởi Nghĩa", "junction": null, "access": null, "bridge": null, "relation_id": "19260546" }, "geometry": { "type": "LineString", "coordinates": [ [ 106.6840927, 10.7900501 ], [ 106.684318, 10.790286 ] ] } },
{ "type": "Feature", "properties": { "osmid": "35113533", "highway": "residential", "oneway": false, "reversed": "True", "length": 30.477266499973041, "lanes": null, "maxspeed": null, "name": "Hẻm 290 Nam Kỳ Khởi Nghĩa", "junction": null, "access": null, "bridge": null, "relation_id": "19260546" }, "geometry": { "type": "LineString", "coordinates": [ [ 106.6840927, 10.7900501 ], [ 106.683905, 10.7898473 ] ] } },
{ "type": "Feature", "properties": { "osmid": "1322066760", "highway": "residential", "oneway": false, "reversed": "True", "length": 42.33352345776742, "lanes": null, "maxspeed": null, "name": null, "junction": null, "access": null, "bridge": null, "relation_id": "19260546" }, "geometry": { "type": "LineString", "coordinates": [ [ 106.6840927, 10.7900501 ], [ 106.6843824, 10.7897972 ] ] } },
{ "type": "Feature", "properties": { "osmid": [ 723594455, 408246127 ], "highway": "primary", "oneway": true, "reversed": "False", "length": 119.2723077273462, "lanes": "3", "maxspeed": null, "name": "Điện Biên Phủ", "junction": null, "access": null, "bridge": null, "relation_id": "19260546" }, "geometry": { "type": "LineString", "coordinates": [ [ 106.6828327, 10.7759902 ], [ 106.6828796, 10.7760292 ], [ 106.6831634, 10.7762721 ], [ 106.6835157, 10.7765669 ], [ 106.6836573, 10.7766932 ] ] } },
{ "type": "Feature", "properties": { "osmid": "1177457985", "highway": "secondary", "oneway": false, "reversed": "False", "length": 2.8340650081914145, "lanes": "2", "maxspeed": null, "name": "Trần Quốc Thảo", "junction": null, "access": null, "bridge": null, "relation_id": "19260546" }, "geometry": { "type": "LineString", "coordinates": [ [ 106.6866413, 10.7828965 ], [ 106.6866217, 10.7829132 ] ] } },
{ "type": "Feature", "properties": { "osmid": "1177457985", "highway": "secondary", "oneway": false, "reversed": "True", "length": 29.126816921672781, "lanes": "2", "maxspeed": null, "name": "Trần Quốc Thảo", "junction": null, "access": null, "bridge": null, "relation_id": "19260546" }, "geometry": { "type": "LineString", "coordinates": [ [ 106.6866413, 10.7828965 ], [ 106.6868417, 10.7827237 ] ] } },
{ "type": "Feature", "properties": { "osmid": "554450142", "highway": "primary_link", "oneway": true, "reversed": "False", "length": 40.57867104395735, "lanes": null, "maxspeed": null, "name": null, "junction": null, "access": null, "bridge": null, "relation_id": "19260546" }, "geometry": { "type": "LineString", "coordinates": [ [ 106.6866413, 10.7828965 ], [ 106.6866457, 10.7827363 ], [ 106.6866513, 10.7825317 ] ] } },
{ "type": "Feature", "properties": { "osmid": "654858165", "highway": "primary", "oneway": true, "reversed": "False", "length": 117.17936802138547, "lanes": "3", "maxspeed": null, "name": "Võ Thị Sáu", "junction": null, "access": null, "bridge": null, "relation_id": "19260546" }, "geometry": { "type": "LineString", "coordinates": [ [ 106.6866513, 10.7825317 ], [ 106.6865773, 10.782457 ], [ 106.6863062, 10.7821834 ], [ 106.6861079, 10.7819833 ], [ 106.685903, 10.7817766 ] ] } },
{ "type": "Feature", "properties": { "osmid": "608267571", "highway": "residential", "oneway": false, "reversed": "False", "length": 45.51284662412408, "lanes": null, "maxspeed": null, "name": "Hẻm 151 Võ Văn Tần", "junction": null, "access": null, "bridge": null, "relation_id": "19260546" }, "geometry": { "type": "LineString", "coordinates": [ [ 106.6888264, 10.774973 ], [ 106.6891407, 10.7747043 ] ] } },
{ "type": "Feature", "properties": { "osmid": "1222962346", "highway": "secondary", "oneway": true, "reversed": "False", "length": 9.2314162180286417, "lanes": null, "maxspeed": null, "name": "Võ Văn Tần", "junction": null, "access": null, "bridge": null, "relation_id": "19260546" }, "geometry": { "type": "LineString", "coordinates": [ [ 106.6888264, 10.774973 ], [ 106.6887716, 10.7749098 ] ] } },
{ "type": "Feature", "properties": { "osmid": "609363388", "highway": "residential", "oneway": false, "reversed": "False", "length": 78.912633610077251, "lanes": null, "maxspeed": null, "name": "Hẻm 216 Đường Điện Biên Phủ", "junction": null, "access": null, "bridge": null, "relation_id": "19260546" }, "geometry": { "type": "LineString", "coordinates": [ [ 106.68954, 10.7832599 ], [ 106.6900349, 10.7827429 ] ] } },
{ "type": "Feature", "properties": { "osmid": "408246393", "highway": "primary", "oneway": true, "reversed": "False", "length": 113.63941487867064, "lanes": "3", "maxspeed": "60", "name": "Điện Biên Phủ", "junction": null, "access": null, "bridge": null, "relation_id": "19260546" }, "geometry": { "type": "LineString", "coordinates": [ [ 106.6900349, 10.7827429 ], [ 106.690783, 10.7834531 ] ] } },
{ "type": "Feature", "properties": { "osmid": "609363388", "highway": "residential", "oneway": false, "reversed": "True", "length": 78.912633610077251, "lanes": null, "maxspeed": null, "name": "Hẻm 216 Đường Điện Biên Phủ", "junction": null, "access": null, "bridge": null, "relation_id": "19260546" }, "geometry": { "type": "LineString", "coordinates": [ [ 106.6900349, 10.7827429 ], [ 106.68954, 10.7832599 ] ] } },
{ "type": "Feature", "properties": { "osmid": "654861067", "highway": "secondary", "oneway": false, "reversed": "False", "length": 107.84490796067402, "lanes": "2", "maxspeed": null, "name": "Trần Quốc Thảo", "junction": null, "access": null, "bridge": null, "relation_id": "19260546" }, "geometry": { "type": "LineString", "coordinates": [ [ 106.6845028, 10.7843975 ], [ 106.6835716, 10.7847198 ] ] } },
{ "type": "Feature", "properties": { "osmid": "214527211", "highway": "secondary", "oneway": false, "reversed": "True", "length": 192.04081235090743, "lanes": "2", "maxspeed": null, "name": "Trần Quốc Thảo", "junction": null, "access": null, "bridge": null, "relation_id": "19260546" }, "geometry": { "type": "LineString", "coordinates": [ [ 106.6845028, 10.7843975 ], [ 106.685151, 10.7841282 ], [ 106.6853751, 10.7840054 ], [ 106.685528, 10.783903 ], [ 106.685699, 10.783752 ], [ 106.685973, 10.7834895 ] ] } },
{ "type": "Feature", "properties": { "osmid": "654861068", "highway": "secondary", "oneway": true, "reversed": "False", "length": 203.72603295796802, "lanes": "2", "maxspeed": "60", "name": "Lý Chính Thắng", "junction": null, "access": null, "bridge": null, "relation_id": "19260546" }, "geometry": { "type": "LineString", "coordinates": [ [ 106.6845028, 10.7843975 ], [ 106.684608, 10.7847338 ], [ 106.6846625, 10.7849083 ], [ 106.6847291, 10.7851214 ], [ 106.6847426, 10.7851645 ], [ 106.6847856, 10.785302 ], [ 106.6847836, 10.785489 ], [ 106.6847763, 10.7856085 ], [ 106.6847617, 10.7856566 ], [ 106.6846758, 10.7859221 ], [ 106.684647, 10.7860097 ], [ 106.6846106, 10.786164 ] ] } },
{ "type": "Feature", "properties": { "osmid": "610078986", "highway": "residential", "oneway": false, "reversed": "True", "length": 45.555607657641445, "lanes": null, "maxspeed": null, "name": null, "junction": null, "access": null, "bridge": null, "relation_id": "19260546" }, "geometry": { "type": "LineString", "coordinates": [ [ 106.6836579, 10.7776648 ], [ 106.6835989, 10.7775818 ], [ 106.6833882, 10.7778105 ] ] } },
{ "type": "Feature", "properties": { "osmid": "1180975824", "highway": "tertiary", "oneway": false, "reversed": "False", "length": 32.627613129110529, "lanes": "2", "maxspeed": null, "name": "Tú Xương", "junction": null, "access": null, "bridge": null, "relation_id": "19260546" }, "geometry": { "type": "LineString", "coordinates": [ [ 106.6833882, 10.7778105 ], [ 106.6831766, 10.7776034 ] ] } },
{ "type": "Feature", "properties": { "osmid": "1180975824", "highway": "tertiary", "oneway": false, "reversed": "True", "length": 89.721745009592809, "lanes": "2", "maxspeed": null, "name": "Tú Xương", "junction": null, "access": null, "bridge": null, "relation_id": "19260546" }, "geometry": { "type": "LineString", "coordinates": [ [ 106.6833882, 10.7778105 ], [ 106.6839633, 10.7783866 ] ] } },
{ "type": "Feature", "properties": { "osmid": "610078986", "highway": "residential", "oneway": false, "reversed": "False", "length": 45.555607657641445, "lanes": null, "maxspeed": null, "name": null, "junction": null, "access": null, "bridge": null, "relation_id": "19260546" }, "geometry": { "type": "LineString", "coordinates": [ [ 106.6833882, 10.7778105 ], [ 106.6835989, 10.7775818 ], [ 106.6836579, 10.7776648 ] ] } },
{ "type": "Feature", "properties": { "osmid": "610078999", "highway": "residential", "oneway": false, "reversed": "True", "length": 55.551987375437939, "lanes": null, "maxspeed": null, "name": null, "junction": null, "access": null, "bridge": null, "relation_id": "19260546" }, "geometry": { "type": "LineString", "coordinates": [ [ 106.6842185, 10.778998 ], [ 106.6840509, 10.7788136 ], [ 106.6842145, 10.778619 ] ] } },
{ "type": "Feature", "properties": { "osmid": "654858472", "highway": "tertiary", "oneway": false, "reversed": "False", "length": 37.692395198924082, "lanes": "2", "maxspeed": null, "name": "Tú Xương", "junction": null, "access": null, "bridge": null, "relation_id": "19260546" }, "geometry": { "type": "LineString", "coordinates": [ [ 106.6842145, 10.778619 ], [ 106.6839633, 10.7783866 ] ] } },
{ "type": "Feature", "properties": { "osmid": "610078999", "highway": "residential", "oneway": false, "reversed": "False", "length": 55.551987375437939, "lanes": null, "maxspeed": null, "name": null, "junction": null, "access": null, "bridge": null, "relation_id": "19260546" }, "geometry": { "type": "LineString", "coordinates": [ [ 106.6842145, 10.778619 ], [ 106.6840509, 10.7788136 ], [ 106.6842185, 10.778998 ] ] } },
{ "type": "Feature", "properties": { "osmid": "654858472", "highway": "tertiary", "oneway": false, "reversed": "True", "length": 145.4328191296905, "lanes": "2", "maxspeed": null, "name": "Tú Xương", "junction": null, "access": null, "bridge": null, "relation_id": "19260546" }, "geometry": { "type": "LineString", "coordinates": [ [ 106.6842145, 10.778619 ], [ 106.6850733, 10.7794593 ], [ 106.6850847, 10.7794705 ], [ 106.6851578, 10.779542 ] ] } },
{ "type": "Feature", "properties": { "osmid": "610093731", "highway": "residential", "oneway": false, "reversed": "True", "length": 40.28705358403014, "lanes": null, "maxspeed": null, "name": "Hẻm 61 Trần Quốc Thảo", "junction": null, "access": null, "bridge": null, "relation_id": "19260546" }, "geometry": { "type": "LineString", "coordinates": [ [ 106.6887876, 10.7804472 ], [ 106.6890494, 10.7807024 ] ] } },
{ "type": "Feature", "properties": { "osmid": "610093731", "highway": "residential", "oneway": false, "reversed": "False", "length": 40.28705358403014, "lanes": null, "maxspeed": null, "name": "Hẻm 61 Trần Quốc Thảo", "junction": null, "access": null, "bridge": null, "relation_id": "19260546" }, "geometry": { "type": "LineString", "coordinates": [ [ 106.6890494, 10.7807024 ], [ 106.6887876, 10.7804472 ] ] } },
{ "type": "Feature", "properties": { "osmid": "694973742", "highway": "tertiary", "oneway": false, "reversed": "False", "length": 76.311538770815162, "lanes": "2", "maxspeed": null, "name": "Trần Quốc Thảo", "junction": null, "access": null, "bridge": null, "relation_id": "19260546" }, "geometry": { "type": "LineString", "coordinates": [ [ 106.6890494, 10.7807024 ], [ 106.6895501, 10.7802238 ] ] } },
{ "type": "Feature", "properties": { "osmid": "694973742", "highway": "tertiary", "oneway": false, "reversed": "True", "length": 88.449526906920951, "lanes": "2", "maxspeed": null, "name": "Trần Quốc Thảo", "junction": null, "access": null, "bridge": null, "relation_id": "19260546" }, "geometry": { "type": "LineString", "coordinates": [ [ 106.6890494, 10.7807024 ], [ 106.6884593, 10.7812471 ] ] } },
{ "type": "Feature", "properties": { "osmid": "610093734", "highway": "residential", "oneway": false, "reversed": "True", "length": 37.403597920518862, "lanes": null, "maxspeed": null, "name": "Hẻm 258 Điện Biên Phủ", "junction": null, "access": null, "bridge": null, "relation_id": "19260546" }, "geometry": { "type": "LineString", "coordinates": [ [ 106.6863804, 10.7797411 ], [ 106.6866254, 10.7795061 ] ] } },
{ "type": "Feature", "properties": { "osmid": "610093734", "highway": "residential", "oneway": false, "reversed": "False", "length": 37.403597920518862, "lanes": null, "maxspeed": null, "name": "Hẻm 258 Điện Biên Phủ", "junction": null, "access": null, "bridge": null, "relation_id": "19260546" }, "geometry": { "type": "LineString", "coordinates": [ [ 106.6866254, 10.7795061 ], [ 106.6863804, 10.7797411 ] ] } },
{ "type": "Feature", "properties": { "osmid": "408246393", "highway": "primary", "oneway": true, "reversed": "False", "length": 88.228249444006636, "lanes": "3", "maxspeed": "60", "name": "Điện Biên Phủ", "junction": null, "access": null, "bridge": null, "relation_id": "19260546" }, "geometry": { "type": "LineString", "coordinates": [ [ 106.6866254, 10.7795061 ], [ 106.6870928, 10.7799498 ], [ 106.6872062, 10.7800575 ] ] } },
{ "type": "Feature", "properties": { "osmid": "35113721", "highway": "tertiary", "oneway": false, "reversed": "True", "length": 96.585913399897265, "lanes": "2", "maxspeed": null, "name": "Ngô Thời Nhiệm", "junction": null, "access": null, "bridge": null, "relation_id": "19260546" }, "geometry": { "type": "LineString", "coordinates": [ [ 106.6883468, 10.7790111 ], [ 106.688964, 10.7796331 ] ] } },
{ "type": "Feature", "properties": { "osmid": "35113721", "highway": "tertiary", "oneway": false, "reversed": "False", "length": 172.67331605818899, "lanes": "2", "maxspeed": null, "name": "Ngô Thời Nhiệm", "junction": null, "access": null, "bridge": null, "relation_id": "19260546" }, "geometry": { "type": "LineString", "coordinates": [ [ 106.6883468, 10.7790111 ], [ 106.6874617, 10.7781191 ], [ 106.6873528, 10.7780093 ], [ 106.6872434, 10.7778991 ] ] } },
{ "type": "Feature", "properties": { "osmid": "654858471", "highway": "tertiary", "oneway": true, "reversed": "False", "length": 170.47471756317549, "lanes": "3", "maxspeed": "60", "name": "Trương Định", "junction": null, "access": null, "bridge": null, "relation_id": "19260546" }, "geometry": { "type": "LineString", "coordinates": [ [ 106.6883468, 10.7790111 ], [ 106.687913, 10.7794094 ], [ 106.6878009, 10.7795116 ], [ 106.6873566, 10.7799174 ], [ 106.6872062, 10.7800575 ] ] } },
{ "type": "Feature", "properties": { "osmid": "35113721", "highway": "tertiary", "oneway": false, "reversed": "False", "length": 171.19284385798107, "lanes": "2", "maxspeed": null, "name": "Ngô Thời Nhiệm", "junction": null, "access": null, "bridge": null, "relation_id": "19260546" }, "geometry": { "type": "LineString", "coordinates": [ [ 106.6872434, 10.7778991 ], [ 106.6867116, 10.7773632 ], [ 106.6861495, 10.7767966 ] ] } },
{ "type": "Feature", "properties": { "osmid": "35113721", "highway": "tertiary", "oneway": false, "reversed": "True", "length": 172.67331605818899, "lanes": "2", "maxspeed": null, "name": "Ngô Thời Nhiệm", "junction": null, "access": null, "bridge": null, "relation_id": "19260546" }, "geometry": { "type": "LineString", "coordinates": [ [ 106.6872434, 10.7778991 ], [ 106.6873528, 10.7780093 ], [ 106.6874617, 10.7781191 ], [ 106.6883468, 10.7790111 ] ] } },
{ "type": "Feature", "properties": { "osmid": "327048054", "highway": "tertiary", "oneway": true, "reversed": "False", "length": 127.53143956882977, "lanes": "2", "maxspeed": "60", "name": "Bà Huyện Thanh Quan", "junction": null, "access": null, "bridge": null, "relation_id": "19260546" }, "geometry": { "type": "LineString", "coordinates": [ [ 106.6872434, 10.7778991 ], [ 106.6876317, 10.777541 ], [ 106.6876976, 10.7774802 ], [ 106.6880944, 10.7771139 ] ] } },
{ "type": "Feature", "properties": { "osmid": "610102590", "highway": "residential", "oneway": false, "reversed": "True", "length": 19.485065551714882, "lanes": null, "maxspeed": null, "name": null, "junction": null, "access": null, "bridge": null, "relation_id": "19260546" }, "geometry": { "type": "LineString", "coordinates": [ [ 106.6931878, 10.7803866 ], [ 106.6930683, 10.7802565 ] ] } },
{ "type": "Feature", "properties": { "osmid": "610102590", "highway": "residential", "oneway": false, "reversed": "False", "length": 19.485065551714882, "lanes": null, "maxspeed": null, "name": null, "junction": null, "access": null, "bridge": null, "relation_id": "19260546" }, "geometry": { "type": "LineString", "coordinates": [ [ 106.6930683, 10.7802565 ], [ 106.6931878, 10.7803866 ] ] } },
{ "type": "Feature", "properties": { "osmid": "610102591", "highway": "residential", "oneway": false, "reversed": "False", "length": 16.325272763971036, "lanes": null, "maxspeed": null, "name": null, "junction": null, "access": null, "bridge": null, "relation_id": "19260546" }, "geometry": { "type": "LineString", "coordinates": [ [ 106.6930683, 10.7802565 ], [ 106.6929611, 10.7803588 ] ] } },
{ "type": "Feature", "properties": { "osmid": "610102591", "highway": "residential", "oneway": false, "reversed": "True", "length": 51.649608771133991, "lanes": null, "maxspeed": null, "name": null, "junction": null, "access": null, "bridge": null, "relation_id": "19260546" }, "geometry": { "type": "LineString", "coordinates": [ [ 106.6930683, 10.7802565 ], [ 106.6934185, 10.7799444 ] ] } },
{ "type": "Feature", "properties": { "osmid": "610102591", "highway": "residential", "oneway": false, "reversed": "True", "length": 16.325272763971036, "lanes": null, "maxspeed": null, "name": null, "junction": null, "access": null, "bridge": null, "relation_id": "19260546" }, "geometry": { "type": "LineString", "coordinates": [ [ 106.6929611, 10.7803588 ], [ 106.6930683, 10.7802565 ] ] } },
{ "type": "Feature", "properties": { "osmid": "610102591", "highway": "residential", "oneway": false, "reversed": "False", "length": 51.649608771133991, "lanes": null, "maxspeed": null, "name": null, "junction": null, "access": null, "bridge": null, "relation_id": "19260546" }, "geometry": { "type": "LineString", "coordinates": [ [ 106.6934185, 10.7799444 ], [ 106.6930683, 10.7802565 ] ] } },
{ "type": "Feature", "properties": { "osmid": "1177450263", "highway": "secondary", "oneway": true, "reversed": "False", "length": 81.20072964949884, "lanes": "3", "maxspeed": null, "name": "Võ Văn Tần", "junction": null, "access": null, "bridge": null, "relation_id": "19260546" }, "geometry": { "type": "LineString", "coordinates": [ [ 106.6934185, 10.7799444 ], [ 106.6929296, 10.7793943 ] ] } },
{ "type": "Feature", "properties": { "osmid": "35112983", "highway": "residential", "oneway": false, "reversed": "True", "length": 46.533177319599844, "lanes": null, "maxspeed": null, "name": "Hẻm 206 Nam Kỳ Khởi Nghĩa", "junction": null, "access": null, "bridge": null, "relation_id": "19260546" }, "geometry": { "type": "LineString", "coordinates": [ [ 106.6916277, 10.7826789 ], [ 106.6919092, 10.782993 ] ] } },
{ "type": "Feature", "properties": { "osmid": "193616433", "highway": "secondary", "oneway": true, "reversed": "False", "length": 28.053979845445792, "lanes": "3", "maxspeed": null, "name": "Nam Kỳ Khởi Nghĩa", "junction": null, "access": null, "bridge": null, "relation_id": "19260546" }, "geometry": { "type": "LineString", "coordinates": [ [ 106.6916277, 10.7826789 ], [ 106.6918155, 10.7825068 ] ] } },
{ "type": "Feature", "properties": { "osmid": "35113721", "highway": "tertiary", "oneway": false, "reversed": "False", "length": 169.45344511319638, "lanes": "2", "maxspeed": null, "name": "Ngô Thời Nhiệm", "junction": null, "access": null, "bridge": null, "relation_id": "19260546" }, "geometry": { "type": "LineString", "coordinates": [ [ 106.6918155, 10.7825068 ], [ 106.6914084, 10.7820965 ], [ 106.6911646, 10.7818509 ], [ 106.691111, 10.7817968 ], [ 106.6910923, 10.781778 ], [ 106.6907327, 10.7814155 ] ] } },
{ "type": "Feature", "properties": { "osmid": "193616433", "highway": "secondary", "oneway": true, "reversed": "False", "length": 168.4326653525909, "lanes": "3", "maxspeed": null, "name": "Nam Kỳ Khởi Nghĩa", "junction": null, "access": null, "bridge": null, "relation_id": "19260546" }, "geometry": { "type": "LineString", "coordinates": [ [ 106.6918155, 10.7825068 ], [ 106.6921138, 10.7822333 ], [ 106.6922489, 10.7821095 ], [ 106.6929429, 10.7814734 ] ] } },
{ "type": "Feature", "properties": { "osmid": "326849842", "highway": "primary", "oneway": true, "reversed": "False", "length": 332.09693289632344, "lanes": "3", "maxspeed": "60", "name": "Nam Kỳ Khởi Nghĩa", "junction": null, "access": null, "bridge": null, "relation_id": "19260546" }, "geometry": { "type": "LineString", "coordinates": [ [ 106.6874835, 10.7865765 ], [ 106.6865963, 10.7873845 ], [ 106.6864611, 10.7875076 ], [ 106.6858675, 10.7880653 ], [ 106.6855842, 10.7883285 ], [ 106.6854663, 10.7884381 ], [ 106.6852701, 10.7886239 ] ] } },
{ "type": "Feature", "properties": { "osmid": "1423071619", "highway": "secondary", "oneway": true, "reversed": "False", "length": 24.447364177009284, "lanes": "2", "maxspeed": "60", "name": "Trần Quốc Toản", "junction": null, "access": null, "bridge": null, "relation_id": "19260546" }, "geometry": { "type": "LineString", "coordinates": [ [ 106.6877914, 10.7865895 ], [ 106.6876762, 10.786401 ] ] } },
{ "type": "Feature", "properties": { "osmid": "708719812", "highway": "primary_link", "oneway": true, "reversed": "False", "length": 36.272483670865931, "lanes": null, "maxspeed": null, "name": null, "junction": null, "access": null, "bridge": null, "relation_id": "19260546" }, "geometry": { "type": "LineString", "coordinates": [ [ 106.6877914, 10.7865895 ], [ 106.6877416, 10.7865548 ], [ 106.6876973, 10.786539 ], [ 106.6876477, 10.7865311 ], [ 106.6875994, 10.7865311 ], [ 106.6875364, 10.7865495 ], [ 106.6874835, 10.7865765 ] ] } },
{ "type": "Feature", "properties": { "osmid": "817095789", "highway": "primary", "oneway": true, "reversed": "False", "length": 276.67889924819974, "lanes": "3", "maxspeed": "60", "name": "Nam Kỳ Khởi Nghĩa", "junction": null, "access": null, "bridge": null, "relation_id": "19260546" }, "geometry": { "type": "LineString", "coordinates": [ [ 106.6854309, 10.7882958 ], [ 106.6856404, 10.7880965 ], [ 106.6858201, 10.787916 ], [ 106.6859437, 10.7878018 ], [ 106.6863673, 10.7874101 ], [ 106.6872584, 10.7865731 ] ] } },
{ "type": "Feature", "properties": { "osmid": "654861068", "highway": "secondary", "oneway": true, "reversed": "False", "length": 26.669429856809352, "lanes": "2", "maxspeed": "60", "name": "Lý Chính Thắng", "junction": null, "access": null, "bridge": null, "relation_id": "19260546" }, "geometry": { "type": "LineString", "coordinates": [ [ 106.6851269, 10.7882722 ], [ 106.6851455, 10.788339 ], [ 106.6852127, 10.7884963 ] ] } },
{ "type": "Feature", "properties": { "osmid": "708720235", "highway": "primary_link", "oneway": true, "reversed": "False", "length": 34.119167451656679, "lanes": null, "maxspeed": "60", "name": null, "junction": null, "access": null, "bridge": null, "relation_id": "19260546" }, "geometry": { "type": "LineString", "coordinates": [ [ 106.6851269, 10.7882722 ], [ 106.6851693, 10.7882944 ], [ 106.6852639, 10.7883076 ], [ 106.6853148, 10.7883129 ], [ 106.6853859, 10.7883056 ], [ 106.6854309, 10.7882958 ] ] } },
{ "type": "Feature", "properties": { "osmid": "724496035", "highway": "primary", "oneway": true, "reversed": "False", "length": 61.407850909128939, "lanes": "2", "maxspeed": null, "name": "Cách Mạng Tháng Tám", "junction": null, "access": null, "bridge": null, "relation_id": "19260546" }, "geometry": { "type": "LineString", "coordinates": [ [ 106.6831854, 10.7769816 ], [ 106.6832352, 10.776917 ], [ 106.6835101, 10.776769 ], [ 106.683536, 10.7767551 ], [ 106.6836573, 10.7766932 ] ] } },
{ "type": "Feature", "properties": { "osmid": "1180975823", "highway": "primary", "oneway": false, "reversed": "False", "length": 51.749091427709033, "lanes": "4", "maxspeed": null, "name": "Cách Mạng Tháng Tám", "junction": null, "access": null, "bridge": null, "relation_id": "19260546" }, "geometry": { "type": "LineString", "coordinates": [ [ 106.6831854, 10.7769816 ], [ 106.6828722, 10.7771497 ], [ 106.6827702, 10.7772057 ] ] } },
{ "type": "Feature", "properties": { "osmid": "899771207", "highway": "residential", "oneway": false, "reversed": "True", "length": 55.777882406071207, "lanes": null, "maxspeed": null, "name": null, "junction": null, "access": null, "bridge": null, "relation_id": "19260546" }, "geometry": { "type": "LineString", "coordinates": [ [ 106.6877833, 10.7829549 ], [ 106.6874203, 10.7833077 ] ] } },
{ "type": "Feature", "properties": { "osmid": "899771207", "highway": "residential", "oneway": false, "reversed": "False", "length": 55.777882406071207, "lanes": null, "maxspeed": null, "name": null, "junction": null, "access": null, "bridge": null, "relation_id": "19260546" }, "geometry": { "type": "LineString", "coordinates": [ [ 106.6874203, 10.7833077 ], [ 106.6877833, 10.7829549 ] ] } },
{ "type": "Feature", "properties": { "osmid": "1267006216", "highway": "primary", "oneway": true, "reversed": "False", "length": 90.616545076215118, "lanes": "3", "maxspeed": null, "name": "Võ Thị Sáu", "junction": null, "access": null, "bridge": null, "relation_id": "19260546" }, "geometry": { "type": "LineString", "coordinates": [ [ 106.6874203, 10.7833077 ], [ 106.6868417, 10.7827237 ] ] } },
{ "type": "Feature", "properties": { "osmid": "900661687", "highway": "residential", "oneway": false, "reversed": "False", "length": 68.037857236600104, "lanes": null, "maxspeed": null, "name": "Hẻm 120 Trần Quốc Thảo", "junction": null, "access": null, "bridge": null, "relation_id": "19260546" }, "geometry": { "type": "LineString", "coordinates": [ [ 106.6837504, 10.7852993 ], [ 106.6837075, 10.785182 ], [ 106.6837045, 10.7851531 ], [ 106.6837102, 10.7850862 ], [ 106.683709, 10.7850783 ], [ 106.6835716, 10.7847198 ] ] } },
{ "type": "Feature", "properties": { "osmid": "952545911", "highway": "residential", "oneway": false, "reversed": "True", "length": 31.244518482994547, "lanes": null, "maxspeed": null, "name": null, "junction": null, "access": null, "bridge": null, "relation_id": "19260546" }, "geometry": { "type": "LineString", "coordinates": [ [ 106.6880795, 10.7899655 ], [ 106.6878526, 10.7901366 ] ] } },
{ "type": "Feature", "properties": { "osmid": "952545911", "highway": "residential", "oneway": false, "reversed": "False", "length": 31.244518482994547, "lanes": null, "maxspeed": null, "name": null, "junction": null, "access": null, "bridge": null, "relation_id": "19260546" }, "geometry": { "type": "LineString", "coordinates": [ [ 106.6878526, 10.7901366 ], [ 106.6880795, 10.7899655 ] ] } },
{ "type": "Feature", "properties": { "osmid": [ 1178023591, 35113111 ], "highway": "residential", "oneway": true, "reversed": "False", "length": 105.56752734631598, "lanes": null, "maxspeed": "50", "name": "Nguyễn Văn Mai", "junction": null, "access": null, "bridge": null, "relation_id": "19260546" }, "geometry": { "type": "LineString", "coordinates": [ [ 106.6878526, 10.7901366 ], [ 106.6877011, 10.789945 ], [ 106.6872327, 10.7894085 ] ] } },
{ "type": "Feature", "properties": { "osmid": "701023320", "highway": "primary", "oneway": true, "reversed": "False", "length": 125.51424202464071, "lanes": "2", "maxspeed": null, "name": "Nguyễn Thị Minh Khai", "junction": null, "access": null, "bridge": null, "relation_id": "19260546" }, "geometry": { "type": "LineString", "coordinates": [ [ 106.6905386, 10.7748572 ], [ 106.6904807, 10.7747988 ], [ 106.6899177, 10.7742052 ], [ 106.6897543, 10.7740323 ] ] } },
{ "type": "Feature", "properties": { "osmid": [ 1422795955, 1221994726 ], "highway": "primary", "oneway": true, "reversed": "False", "length": 124.17813736786059, "lanes": [ "1", "2" ], "maxspeed": null, "name": "Hai Bà Trưng", "junction": null, "access": null, "bridge": null, "relation_id": "19260546" }, "geometry": { "type": "LineString", "coordinates": [ [ 106.6928047, 10.7871699 ], [ 106.6935998, 10.7865267 ], [ 106.693623, 10.7865079 ], [ 106.6936817, 10.7864593 ] ] } },
{ "type": "Feature", "properties": { "osmid": "35113886", "highway": "residential", "oneway": false, "reversed": "True", "length": 48.090928106793001, "lanes": null, "maxspeed": null, "name": "Hẻm 61 Đường Tú Xương", "junction": null, "access": null, "bridge": null, "relation_id": "19260546" }, "geometry": { "type": "LineString", "coordinates": [ [ 106.683537, 10.777355 ], [ 106.6831766, 10.7776034 ] ] } },
{ "type": "Feature", "properties": { "osmid": "747226804", "highway": "tertiary", "oneway": false, "reversed": "False", "length": 27.763692348703572, "lanes": "2", "maxspeed": null, "name": "Phạm Ngọc Thạch", "junction": null, "access": null, "bridge": null, "relation_id": "19260546" }, "geometry": { "type": "LineString", "coordinates": [ [ 106.6942307, 10.7842044 ], [ 106.6940453, 10.7843752 ] ] } },
{ "type": "Feature", "properties": { "osmid": [ 35113594, 1087393245 ], "highway": "residential", "oneway": false, "reversed": [ false, true ], "length": 111.85150491837936, "lanes": null, "maxspeed": null, "name": "Hẻm 24 Phạm Ngọc Thạch", "junction": null, "access": null, "bridge": null, "relation_id": "19260546" }, "geometry": { "type": "LineString", "coordinates": [ [ 106.6942307, 10.7842044 ], [ 106.694495, 10.7844743 ], [ 106.6943163, 10.7846503 ], [ 106.6940453, 10.7843752 ] ] } },
{ "type": "Feature", "properties": { "osmid": "747226804", "highway": "tertiary", "oneway": false, "reversed": "True", "length": 104.3674515261223, "lanes": "2", "maxspeed": null, "name": "Phạm Ngọc Thạch", "junction": null, "access": null, "bridge": null, "relation_id": "19260546" }, "geometry": { "type": "LineString", "coordinates": [ [ 106.6942307, 10.7842044 ], [ 106.6943386, 10.784105 ], [ 106.6943977, 10.7840506 ], [ 106.6949277, 10.7835624 ] ] } },
{ "type": "Feature", "properties": { "osmid": "1178029460", "highway": "residential", "oneway": false, "reversed": "True", "length": 123.72677623008822, "lanes": null, "maxspeed": null, "name": "Hẻm 72 Trần Quốc Toản", "junction": null, "access": null, "bridge": null, "relation_id": "19260546" }, "geometry": { "type": "LineString", "coordinates": [ [ 106.6872178, 10.7876582 ], [ 106.6883239, 10.7874184 ] ] } },
{ "type": "Feature", "properties": { "osmid": "1207356589", "highway": "residential", "oneway": false, "reversed": "True", "length": 49.741232926866822, "lanes": null, "maxspeed": null, "name": null, "junction": null, "access": null, "bridge": null, "relation_id": "19260546" }, "geometry": { "type": "LineString", "coordinates": [ [ 106.6882419, 10.7758461 ], [ 106.687907, 10.7761492 ] ] } },
{ "type": "Feature", "properties": { "osmid": "1345417676", "highway": "primary", "oneway": true, "reversed": "False", "length": 11.162660525031649, "lanes": "1", "maxspeed": null, "name": "Hai Bà Trưng", "junction": null, "access": null, "bridge": null, "relation_id": "19260546" }, "geometry": { "type": "LineString", "coordinates": [ [ 106.6947229, 10.7856166 ], [ 106.6948247, 10.7856078 ] ] } },
{ "type": "Feature", "properties": { "osmid": "701023320", "highway": "primary", "oneway": true, "reversed": "False", "length": 54.149811530116125, "lanes": "2", "maxspeed": null, "name": "Nguyễn Thị Minh Khai", "junction": null, "access": null, "bridge": null, "relation_id": "19260546" }, "geometry": { "type": "LineString", "coordinates": [ [ 106.6897543, 10.7740323 ], [ 106.6894983, 10.7737614 ], [ 106.6893994, 10.7736956 ] ] } },
{ "type": "Feature", "properties": { "osmid": "1225375830", "highway": "residential", "oneway": false, "reversed": "False", "length": 40.468738204728922, "lanes": null, "maxspeed": null, "name": null, "junction": null, "access": null, "bridge": null, "relation_id": "19260546" }, "geometry": { "type": "LineString", "coordinates": [ [ 106.6897543, 10.7740323 ], [ 106.6895634, 10.7741884 ], [ 106.6895518, 10.7743078 ] ] } },
{ "type": "Feature", "properties": { "osmid": "1225375830", "highway": "residential", "oneway": false, "reversed": "True", "length": 40.468738204728922, "lanes": null, "maxspeed": null, "name": null, "junction": null, "access": null, "bridge": null, "relation_id": "19260546" }, "geometry": { "type": "LineString", "coordinates": [ [ 106.6895518, 10.7743078 ], [ 106.6895634, 10.7741884 ], [ 106.6897543, 10.7740323 ] ] } },
{ "type": "Feature", "properties": { "osmid": "1351504562", "highway": "primary", "oneway": false, "reversed": "False", "length": 26.918266445816887, "lanes": "2", "maxspeed": null, "name": "Hai Bà Trưng", "junction": null, "access": null, "bridge": null, "relation_id": "19260546" }, "geometry": { "type": "LineString", "coordinates": [ [ 106.6881596, 10.7909188 ], [ 106.688343, 10.7907571 ] ] } },
{ "type": "Feature", "properties": { "osmid": "1351504560", "highway": "primary", "oneway": true, "reversed": "False", "length": 40.190675852833095, "lanes": null, "maxspeed": null, "name": "Hai Bà Trưng", "junction": null, "access": null, "bridge": null, "relation_id": "19260546" }, "geometry": { "type": "LineString", "coordinates": [ [ 106.6881596, 10.7909188 ], [ 106.6881279, 10.7909897 ], [ 106.6879847, 10.7911022 ], [ 106.6878837, 10.791133 ] ] } },
{ "type": "Feature", "properties": { "osmid": "1443551463", "highway": "primary", "oneway": true, "reversed": "False", "length": 1.065327924141253, "lanes": "2", "maxspeed": null, "name": "Hai Bà Trưng", "junction": null, "access": null, "bridge": null, "relation_id": "19260546" }, "geometry": { "type": "LineString", "coordinates": [ [ 106.6866917, 10.7920776 ], [ 106.6866872, 10.7920861 ] ] } },
{ "type": "Feature", "properties": { "osmid": "1077610913", "highway": "primary", "oneway": false, "reversed": "False", "length": 67.555888751181854, "lanes": "2", "maxspeed": null, "name": "Hai Bà Trưng", "junction": null, "access": null, "bridge": null, "relation_id": "19260546" }, "geometry": { "type": "LineString", "coordinates": [ [ 106.6866917, 10.7920776 ], [ 106.6867999, 10.7919898 ], [ 106.6871727, 10.7916957 ] ] } },
{ "type": "Feature", "properties": { "osmid": "723823266", "highway": "primary", "oneway": true, "reversed": "False", "length": 25.198053236646757, "lanes": "3", "maxspeed": null, "name": "Điện Biên Phủ", "junction": null, "access": null, "bridge": null, "relation_id": "19260546" }, "geometry": { "type": "LineString", "coordinates": [ [ 106.6837066, 10.7767389 ], [ 106.6838744, 10.7768944 ] ] } },
{ "type": "Feature", "properties": { "osmid": "723823267", "highway": "primary", "oneway": false, "reversed": "True", "length": 7.4042938930037678, "lanes": "3", "maxspeed": null, "name": "Điện Biên Phủ", "junction": null, "access": null, "bridge": null, "relation_id": "19260546" }, "geometry": { "type": "LineString", "coordinates": [ [ 106.6837066, 10.7767389 ], [ 106.6836573, 10.7766932 ] ] } },
{ "type": "Feature", "properties": { "osmid": "724496036", "highway": "primary", "oneway": true, "reversed": "False", "length": 63.564184904433908, "lanes": "2", "maxspeed": null, "name": "Cách Mạng Tháng Tám", "junction": null, "access": null, "bridge": null, "relation_id": "19260546" }, "geometry": { "type": "LineString", "coordinates": [ [ 106.6837066, 10.7767389 ], [ 106.6835684, 10.7768101 ], [ 106.6832674, 10.7769723 ], [ 106.6831854, 10.7769816 ] ] } },
{ "type": "Feature", "properties": { "osmid": "723823267", "highway": "primary", "oneway": false, "reversed": "False", "length": 7.4042938930037678, "lanes": "3", "maxspeed": null, "name": "Điện Biên Phủ", "junction": null, "access": null, "bridge": null, "relation_id": "19260546" }, "geometry": { "type": "LineString", "coordinates": [ [ 106.6836573, 10.7766932 ], [ 106.6837066, 10.7767389 ] ] } },
{ "type": "Feature", "properties": { "osmid": "220216393", "highway": "primary", "oneway": false, "reversed": "False", "length": 14.653833050065424, "lanes": null, "maxspeed": null, "name": "Võ Thị Sáu", "junction": null, "access": null, "bridge": null, "relation_id": "19260546" }, "geometry": { "type": "LineString", "coordinates": [ [ 106.6891553, 10.7850588 ], [ 106.6890619, 10.7849642 ] ] } },
{ "type": "Feature", "properties": { "osmid": "1225422630", "highway": "primary", "oneway": true, "reversed": "False", "length": 21.577444731947644, "lanes": "3", "maxspeed": null, "name": "Nam Kỳ Khởi Nghĩa", "junction": null, "access": null, "bridge": null, "relation_id": "19260546" }, "geometry": { "type": "LineString", "coordinates": [ [ 106.6891553, 10.7850588 ], [ 106.6891126, 10.7850994 ], [ 106.6890134, 10.7851938 ] ] } },
{ "type": "Feature", "properties": { "osmid": "35113545", "highway": "residential", "oneway": false, "reversed": "False", "length": 20.11063916886739, "lanes": null, "maxspeed": null, "name": "Hẻm 290 Nam Kỳ Khởi Nghĩa", "junction": null, "access": null, "bridge": null, "relation_id": "19260546" }, "geometry": { "type": "LineString", "coordinates": [ [ 106.6847283, 10.7901398 ], [ 106.6846042, 10.7900062 ] ] } },
{ "type": "Feature", "properties": { "osmid": "1322066761", "highway": "residential", "oneway": false, "reversed": "True", "length": 43.489755439178701, "lanes": null, "maxspeed": null, "name": null, "junction": null, "access": null, "bridge": null, "relation_id": "19260546" }, "geometry": { "type": "LineString", "coordinates": [ [ 106.6847283, 10.7901398 ], [ 106.6844464, 10.790416 ] ] } },
{ "type": "Feature", "properties": { "osmid": "35113545", "highway": "residential", "oneway": false, "reversed": "True", "length": 69.942020271402924, "lanes": null, "maxspeed": null, "name": "Hẻm 290 Nam Kỳ Khởi Nghĩa", "junction": null, "access": null, "bridge": null, "relation_id": "19260546" }, "geometry": { "type": "LineString", "coordinates": [ [ 106.6847283, 10.7901398 ], [ 106.6848641, 10.790286 ], [ 106.6848942, 10.7903163 ], [ 106.6846055, 10.7905822 ] ] } },
{ "type": "Feature", "properties": { "osmid": "1351504561", "highway": "primary", "oneway": false, "reversed": "True", "length": 19.893915175083425, "lanes": "2", "maxspeed": null, "name": "Hai Bà Trưng", "junction": null, "access": null, "bridge": null, "relation_id": "19260546" }, "geometry": { "type": "LineString", "coordinates": [ [ 106.6878837, 10.791133 ], [ 106.6877407, 10.7912438 ] ] } },
{ "type": "Feature", "properties": { "osmid": "1178198378", "highway": "primary", "oneway": true, "reversed": "False", "length": 40.154929594941116, "lanes": null, "maxspeed": null, "name": "Hai Bà Trưng", "junction": null, "access": null, "bridge": null, "relation_id": "19260546" }, "geometry": { "type": "LineString", "coordinates": [ [ 106.6878837, 10.791133 ], [ 106.6879412, 10.7910375 ], [ 106.6880863, 10.7909329 ], [ 106.6881596, 10.7909188 ] ] } },
{ "type": "Feature", "properties": { "osmid": "608267571", "highway": "residential", "oneway": false, "reversed": "True", "length": 45.51284662412408, "lanes": null, "maxspeed": null, "name": "Hẻm 151 Võ Văn Tần", "junction": null, "access": null, "bridge": null, "relation_id": "19260546" }, "geometry": { "type": "LineString", "coordinates": [ [ 106.6891407, 10.7747043 ], [ 106.6888264, 10.774973 ] ] } },
{ "type": "Feature", "properties": { "osmid": "1396131890", "highway": "residential", "oneway": false, "reversed": "False", "length": 43.322213360076169, "lanes": null, "maxspeed": null, "name": "Hẻm 153 Võ Văn Tần", "junction": null, "access": null, "bridge": null, "relation_id": "19260546" }, "geometry": { "type": "LineString", "coordinates": [ [ 106.6887716, 10.7749098 ], [ 106.6890732, 10.7746568 ] ] } },
{ "type": "Feature", "properties": { "osmid": "1222962346", "highway": "secondary", "oneway": true, "reversed": "False", "length": 85.461469979108514, "lanes": null, "maxspeed": null, "name": "Võ Văn Tần", "junction": null, "access": null, "bridge": null, "relation_id": "19260546" }, "geometry": { "type": "LineString", "coordinates": [ [ 106.6887716, 10.7749098 ], [ 106.6885245, 10.7746243 ], [ 106.6883095, 10.7743834 ], [ 106.6882626, 10.7743262 ] ] } },
{ "type": "Feature", "properties": { "osmid": "1396131890", "highway": "residential", "oneway": false, "reversed": "True", "length": 43.322213360076169, "lanes": null, "maxspeed": null, "name": "Hẻm 153 Võ Văn Tần", "junction": null, "access": null, "bridge": null, "relation_id": "19260546" }, "geometry": { "type": "LineString", "coordinates": [ [ 106.6890732, 10.7746568 ], [ 106.6887716, 10.7749098 ] ] } },
{ "type": "Feature", "properties": { "osmid": "1077610913", "highway": "primary", "oneway": false, "reversed": "True", "length": 67.555888751181854, "lanes": "2", "maxspeed": null, "name": "Hai Bà Trưng", "junction": null, "access": null, "bridge": null, "relation_id": "19260546" }, "geometry": { "type": "LineString", "coordinates": [ [ 106.6871727, 10.7916957 ], [ 106.6867999, 10.7919898 ], [ 106.6866917, 10.7920776 ] ] } },
{ "type": "Feature", "properties": { "osmid": "1414410212", "highway": "primary", "oneway": true, "reversed": "False", "length": 47.247654555641247, "lanes": "2", "maxspeed": null, "name": "Hai Bà Trưng", "junction": null, "access": null, "bridge": null, "relation_id": "19260546" }, "geometry": { "type": "LineString", "coordinates": [ [ 106.6871727, 10.7916957 ], [ 106.6872088, 10.7916287 ], [ 106.6874025, 10.7914723 ], [ 106.6874992, 10.791433 ] ] } },
{ "type": "Feature", "properties": { "osmid": "1221994726", "highway": "primary", "oneway": true, "reversed": "False", "length": 123.11682715916326, "lanes": "2", "maxspeed": null, "name": "Hai Bà Trưng", "junction": null, "access": null, "bridge": null, "relation_id": "19260546" }, "geometry": { "type": "LineString", "coordinates": [ [ 106.6919281, 10.7878659 ], [ 106.6928047, 10.7871699 ] ] } },
{ "type": "Feature", "properties": { "osmid": "1267462159", "highway": "primary", "oneway": true, "reversed": "False", "length": 57.570393981108083, "lanes": "3", "maxspeed": null, "name": "Võ Thị Sáu", "junction": null, "access": null, "bridge": null, "relation_id": "19260546" }, "geometry": { "type": "LineString", "coordinates": [ [ 106.6919281, 10.7878659 ], [ 106.6915611, 10.7874943 ] ] } },
{ "type": "Feature", "properties": { "osmid": "1345417676", "highway": "primary", "oneway": true, "reversed": "False", "length": 147.36558448709789, "lanes": "1", "maxspeed": null, "name": "Hai Bà Trưng", "junction": null, "access": null, "bridge": null, "relation_id": "19260546" }, "geometry": { "type": "LineString", "coordinates": [ [ 106.6936817, 10.7864593 ], [ 106.6940409, 10.7861621 ], [ 106.6941206, 10.7860975 ], [ 106.694391, 10.7858816 ], [ 106.6947229, 10.7856166 ] ] } },
{ "type": "Feature", "properties": { "osmid": "1431332944", "highway": "primary", "oneway": false, "reversed": "True", "length": 32.20084328758098, "lanes": "2", "maxspeed": null, "name": "Hai Bà Trưng", "junction": null, "access": null, "bridge": null, "relation_id": "19260546" }, "geometry": { "type": "LineString", "coordinates": [ [ 106.6898071, 10.7895934 ], [ 106.6899537, 10.7894733 ], [ 106.6900344, 10.789409 ] ] } },
{ "type": "Feature", "properties": { "osmid": "1431332947", "highway": "primary", "oneway": true, "reversed": "False", "length": 25.112362206488008, "lanes": "1", "maxspeed": null, "name": "Hai Bà Trưng", "junction": null, "access": null, "bridge": null, "relation_id": "19260546" }, "geometry": { "type": "LineString", "coordinates": [ [ 106.6898071, 10.7895934 ], [ 106.689793, 10.7896323 ], [ 106.6897055, 10.7897014 ], [ 106.6896856, 10.7897171 ], [ 106.6896367, 10.7897277 ] ] } },
{ "type": "Feature", "properties": { "osmid": [ 35112843, 1268111174 ], "highway": "tertiary", "oneway": false, "reversed": "False", "length": 195.88059749346939, "lanes": "2", "maxspeed": "50", "name": "Trần Quốc Toản", "junction": null, "access": null, "bridge": null, "relation_id": "19260546" }, "geometry": { "type": "LineString", "coordinates": [ [ 106.6895635, 10.7897843 ], [ 106.6895213, 10.789722 ], [ 106.6893961, 10.7895228 ], [ 106.689287, 10.7893414 ], [ 106.6890781, 10.7889095 ], [ 106.6889127, 10.7885407 ], [ 106.6887654, 10.7882102 ] ] } },
{ "type": "Feature", "properties": { "osmid": [ 225372720, 1431332946 ], "highway": "primary", "oneway": false, "reversed": "False", "length": 34.50346662746373, "lanes": "2", "maxspeed": null, "name": "Hai Bà Trưng", "junction": null, "access": null, "bridge": null, "relation_id": "19260546" }, "geometry": { "type": "LineString", "coordinates": [ [ 106.6895635, 10.7897843 ], [ 106.6895131, 10.7898241 ], [ 106.6894744, 10.7898551 ], [ 106.6893182, 10.7899798 ] ] } },
{ "type": "Feature", "properties": { "osmid": "1431332946", "highway": "primary", "oneway": false, "reversed": "True", "length": 10.176322156254322, "lanes": "2", "maxspeed": null, "name": "Hai Bà Trưng", "junction": null, "access": null, "bridge": null, "relation_id": "19260546" }, "geometry": { "type": "LineString", "coordinates": [ [ 106.6895635, 10.7897843 ], [ 106.689596, 10.7897584 ], [ 106.6896367, 10.7897277 ] ] } },
{ "type": "Feature", "properties": { "osmid": "1163559039", "highway": "primary", "oneway": true, "reversed": "False", "length": 25.320853996587367, "lanes": "1", "maxspeed": null, "name": "Hai Bà Trưng", "junction": null, "access": null, "bridge": null, "relation_id": "19260546" }, "geometry": { "type": "LineString", "coordinates": [ [ 106.6896367, 10.7897277 ], [ 106.6896502, 10.7896844 ], [ 106.6897564, 10.7896045 ], [ 106.6898071, 10.7895934 ] ] } },
{ "type": "Feature", "properties": { "osmid": "1431332946", "highway": "primary", "oneway": false, "reversed": "False", "length": 10.176322156254322, "lanes": "2", "maxspeed": null, "name": "Hai Bà Trưng", "junction": null, "access": null, "bridge": null, "relation_id": "19260546" }, "geometry": { "type": "LineString", "coordinates": [ [ 106.6896367, 10.7897277 ], [ 106.689596, 10.7897584 ], [ 106.6895635, 10.7897843 ] ] } },
{ "type": "Feature", "properties": { "osmid": "306641038", "highway": "primary", "oneway": false, "reversed": "True", "length": 5.6100599537251137, "lanes": "2", "maxspeed": null, "name": "Hai Bà Trưng", "junction": null, "access": null, "bridge": null, "relation_id": "19260546" }, "geometry": { "type": "LineString", "coordinates": [ [ 106.6948247, 10.7856078 ], [ 106.6948653, 10.7855769 ] ] } },
{ "type": "Feature", "properties": { "osmid": "1177449289", "highway": "tertiary", "oneway": false, "reversed": "False", "length": 17.921213231862254, "lanes": "2", "maxspeed": null, "name": "Nguyễn Thông", "junction": null, "access": null, "bridge": null, "relation_id": "19260546" }, "geometry": { "type": "LineString", "coordinates": [ [ 106.6829163, 10.7789872 ], [ 106.6829877, 10.7789461 ], [ 106.6830098, 10.7789334 ], [ 106.6830576, 10.7789053 ] ] } },
{ "type": "Feature", "properties": { "osmid": "1529910323", "highway": "primary_link", "oneway": true, "reversed": "False", "length": 36.007007137031117, "lanes": "1", "maxspeed": null, "name": null, "junction": null, "access": null, "bridge": null, "relation_id": "19260546" }, "geometry": { "type": "LineString", "coordinates": [ [ 106.6829163, 10.7789872 ], [ 106.6829415, 10.7789383 ], [ 106.6829362, 10.7788959 ], [ 106.6829097, 10.7788209 ], [ 106.6828766, 10.7787578 ], [ 106.6828435, 10.7786892 ] ] } },
{ "type": "Feature", "properties": { "osmid": "1177449288", "highway": "primary", "oneway": true, "reversed": "False", "length": 130.53409326566015, "lanes": "3", "maxspeed": null, "name": "Võ Thị Sáu", "junction": null, "access": null, "bridge": null, "relation_id": "19260546" }, "geometry": { "type": "LineString", "coordinates": [ [ 106.6828435, 10.7786892 ], [ 106.6826534, 10.7784973 ], [ 106.6825748, 10.7784181 ], [ 106.682529, 10.7783718 ], [ 106.6822363, 10.7780765 ], [ 106.682196, 10.7780407 ], [ 106.682153, 10.7780082 ], [ 106.6821076, 10.777979 ], [ 106.6820827, 10.7779662 ], [ 106.682036, 10.7779422 ], [ 106.6819605, 10.7779137 ] ] } }
]
}
